"File Name","Item Sequence","Visibility","Title","IIIF Range","viewingHint","Parent ARK","Item ARK","Object Type","Rights.statementLocal","Bucketeer State","IIIF Access URL","IIIF Manifest URL"
"Masters/sinaimasters/syr/syriac_0043/sld_syr0043_0001_a_1.tif","1","discovery","Front Board Outside","Front matter","","ark:/21198/z1cc241z","ark:/21198/z1cc241z/sh13g125","Page","Images: Contact the Monastery of St. Catherine's of the Sinai. Metadata: Unless otherwise indicated all metadata associated with this manuscript is copyright the authors and released under Creative Commons Attribution 4.0 International License.  ","succeeded","https://iiif.sinaimanuscripts.library.ucla.edu/iiif/2/ark%3A%2F21198%2Fz1cc241z%2Fsh13g125",""
"Masters/sinaimasters/syr/syriac_0043/sld_syr0043_0002_b_000.tif","2","discovery","Front Board Inside","Front matter","","ark:/21198/z1cc241z","ark:/21198/z1cc241z/m732c58h","Page","Images: Contact the Monastery of St. Catherine's of the Sinai. Metadata: Unless otherwise indicated all metadata associated with this manuscript is copyright the authors and released under Creative Commons Attribution 4.0 International License.  ","succeeded","https://iiif.sinaimanuscripts.library.ucla.edu/iiif/2/ark%3A%2F21198%2Fz1cc241z%2Fm732c58h",""
"Masters/sinaimasters/syr/syriac_0043/sld_syr0043_0003_f_001r.tif","3","discovery","f. 001r","Text","","ark:/21198/z1cc241z","ark:/21198/z1cc241z/nf771b5d","Page","Images: Contact the Monastery of St. Catherine's of the Sinai. Metadata: Unless otherwise indicated all metadata associated with this manuscript is copyright the authors and released under Creative Commons Attribution 4.0 International License.  ","succeeded","https://iiif.sinaimanuscripts.library.ucla.edu/iiif/2/ark%3A%2F21198%2Fz1cc241z%2Fnf771b5d",""
"Masters/sinaimasters/syr/syriac_0043/sld_syr0043_0004_f_001v.tif","4","discovery","f. 001v","Text","","ark:/21198/z1cc241z","ark:/21198/z1cc241z/qm71pm2h","Page","Images: Contact the Monastery of St. Catherine's of the Sinai. Metadata: Unless otherwise indicated all metadata associated with this manuscript is copyright the authors and released under Creative Commons Attribution 4.0 International License.  ","succeeded","https://iiif.sinaimanuscripts.library.ucla.edu/iiif/2/ark%3A%2F21198%2Fz1cc241z%2Fqm71pm2h",""
"Masters/sinaimasters/syr/syriac_0043/sld_syr0043_0005_f_002r.tif","5","discovery","f. 002r","Text","","ark:/21198/z1cc241z","ark:/21198/z1cc241z/4015xp7b","Page","Images: Contact the Monastery of St. Catherine's of the Sinai. Metadata: Unless otherwise indicated all metadata associated with this manuscript is copyright the authors and released under Creative Commons Attribution 4.0 International License.  ","succeeded","https://iiif.sinaimanuscripts.library.ucla.edu/iiif/2/ark%3A%2F21198%2Fz1cc241z%2F4015xp7b",""
"Masters/sinaimasters/syr/syriac_0043/sld_syr0043_0006_f_002v.tif","6","discovery","f. 002v","Text","","ark:/21198/z1cc241z","ark:/21198/z1cc241z/4m039p42","Page","Images: Contact the Monastery of St. Catherine's of the Sinai. Metadata: Unless otherwise indicated all metadata associated with this manuscript is copyright the authors and released under Creative Commons Attribution 4.0 International License.  ","succeeded","https://iiif.sinaimanuscripts.library.ucla.edu/iiif/2/ark%3A%2F21198%2Fz1cc241z%2F4m039p42",""
"Masters/sinaimasters/syr/syriac_0043/sld_syr0043_0007_f_003r.tif","7","discovery","f. 003r","Text","","ark:/21198/z1cc241z","ark:/21198/z1cc241z/14562x4p","Page","Images: Contact the Monastery of St. Catherine's of the Sinai. Metadata: Unless otherwise indicated all metadata associated with this manuscript is copyright the authors and released under Creative Commons Attribution 4.0 International License.  ","succeeded","https://iiif.sinaimanuscripts.library.ucla.edu/iiif/2/ark%3A%2F21198%2Fz1cc241z%2F14562x4p",""
"Masters/sinaimasters/syr/syriac_0043/sld_syr0043_0008_f_003v.tif","8","discovery","f. 003v","Text","","ark:/21198/z1cc241z","ark:/21198/z1cc241z/2t19nm21","Page","Images: Contact the Monastery of St. Catherine's of the Sinai. Metadata: Unless otherwise indicated all metadata associated with this manuscript is copyright the authors and released under Creative Commons Attribution 4.0 International License.  ","succeeded","https://iiif.sinaimanuscripts.library.ucla.edu/iiif/2/ark%3A%2F21198%2Fz1cc241z%2F2t19nm21",""
"Masters/sinaimasters/syr/syriac_0043/sld_syr0043_0009_f_004r.tif","9","discovery","f. 004r","Text","","ark:/21198/z1cc241z","ark:/21198/z1cc241z/tz79s220","Page","Images: Contact the Monastery of St. Catherine's of the Sinai. Metadata: Unless otherwise indicated all metadata associated with this manuscript is copyright the authors and released under Creative Commons Attribution 4.0 International License.  ","succeeded","https://iiif.sinaimanuscripts.library.ucla.edu/iiif/2/ark%3A%2F21198%2Fz1cc241z%2Ftz79s220",""
"Masters/sinaimasters/syr/syriac_0043/sld_syr0043_0010_f_004v.tif","10","discovery","f. 004v","Text","","ark:/21198/z1cc241z","ark:/21198/z1cc241z/pm98wm6t","Page","Images: Contact the Monastery of St. Catherine's of the Sinai. Metadata: Unless otherwise indicated all metadata associated with this manuscript is copyright the authors and released under Creative Commons Attribution 4.0 International License.  ","succeeded","https://iiif.sinaimanuscripts.library.ucla.edu/iiif/2/ark%3A%2F21198%2Fz1cc241z%2Fpm98wm6t",""
"Masters/sinaimasters/syr/syriac_0043/sld_syr0043_0011_f_005r.tif","11","discovery","f. 005r","Text","","ark:/21198/z1cc241z","ark:/21198/z1cc241z/nr48b438","Page","Images: Contact the Monastery of St. Catherine's of the Sinai. Metadata: Unless otherwise indicated all metadata associated with this manuscript is copyright the authors and released under Creative Commons Attribution 4.0 International License.  ","succeeded","https://iiif.sinaimanuscripts.library.ucla.edu/iiif/2/ark%3A%2F21198%2Fz1cc241z%2Fnr48b438",""
"Masters/sinaimasters/syr/syriac_0043/sld_syr0043_0012_f_005v.tif","12","discovery","f. 005v","Text","","ark:/21198/z1cc241z","ark:/21198/z1cc241z/sq571w8s","Page","Images: Contact the Monastery of St. Catherine's of the Sinai. Metadata: Unless otherwise indicated all metadata associated with this manuscript is copyright the authors and released under Creative Commons Attribution 4.0 International License.  ","succeeded","https://iiif.sinaimanuscripts.library.ucla.edu/iiif/2/ark%3A%2F21198%2Fz1cc241z%2Fsq571w8s",""
"Masters/sinaimasters/syr/syriac_0043/sld_syr0043_0013_f_006r.tif","13","discovery","f. 006r","Text","","ark:/21198/z1cc241z","ark:/21198/z1cc241z/c406fc3j","Page","Images: Contact the Monastery of St. Catherine's of the Sinai. Metadata: Unless otherwise indicated all metadata associated with this manuscript is copyright the authors and released under Creative Commons Attribution 4.0 International License.  ","succeeded","https://iiif.sinaimanuscripts.library.ucla.edu/iiif/2/ark%3A%2F21198%2Fz1cc241z%2Fc406fc3j",""
"Masters/sinaimasters/syr/syriac_0043/sld_syr0043_0014_f_006v.tif","14","discovery","f. 006v","Text","","ark:/21198/z1cc241z","ark:/21198/z1cc241z/p010rf2j","Page","Images: Contact the Monastery of St. Catherine's of the Sinai. Metadata: Unless otherwise indicated all metadata associated with this manuscript is copyright the authors and released under Creative Commons Attribution 4.0 International License.  ","succeeded","https://iiif.sinaimanuscripts.library.ucla.edu/iiif/2/ark%3A%2F21198%2Fz1cc241z%2Fp010rf2j",""
"Masters/sinaimasters/syr/syriac_0043/sld_syr0043_0015_f_007r.tif","15","discovery","f. 007r","Text","","ark:/21198/z1cc241z","ark:/21198/z1cc241z/4t37cf2m","Page","Images: Contact the Monastery of St. Catherine's of the Sinai. Metadata: Unless otherwise indicated all metadata associated with this manuscript is copyright the authors and released under Creative Commons Attribution 4.0 International License.  ","succeeded","https://iiif.sinaimanuscripts.library.ucla.edu/iiif/2/ark%3A%2F21198%2Fz1cc241z%2F4t37cf2m",""
"Masters/sinaimasters/syr/syriac_0043/sld_syr0043_0016_f_007v.tif","16","discovery","f. 007v","Text","","ark:/21198/z1cc241z","ark:/21198/z1cc241z/5h361f30","Page","Images: Contact the Monastery of St. Catherine's of the Sinai. Metadata: Unless otherwise indicated all metadata associated with this manuscript is copyright the authors and released under Creative Commons Attribution 4.0 International License.  ","succeeded","https://iiif.sinaimanuscripts.library.ucla.edu/iiif/2/ark%3A%2F21198%2Fz1cc241z%2F5h361f30",""
"Masters/sinaimasters/syr/syriac_0043/sld_syr0043_0017_f_008r.tif","17","discovery","f. 008r","Text","","ark:/21198/z1cc241z","ark:/21198/z1cc241z/vg48m475","Page","Images: Contact the Monastery of St. Catherine's of the Sinai. Metadata: Unless otherwise indicated all metadata associated with this manuscript is copyright the authors and released under Creative Commons Attribution 4.0 International License.  ","succeeded","https://iiif.sinaimanuscripts.library.ucla.edu/iiif/2/ark%3A%2F21198%2Fz1cc241z%2Fvg48m475",""
"Masters/sinaimasters/syr/syriac_0043/sld_syr0043_0018_f_008v.tif","18","discovery","f. 008v","Text","","ark:/21198/z1cc241z","ark:/21198/z1cc241z/g456pk32","Page","Images: Contact the Monastery of St. Catherine's of the Sinai. Metadata: Unless otherwise indicated all metadata associated with this manuscript is copyright the authors and released under Creative Commons Attribution 4.0 International License.  ","succeeded","https://iiif.sinaimanuscripts.library.ucla.edu/iiif/2/ark%3A%2F21198%2Fz1cc241z%2Fg456pk32",""
"Masters/sinaimasters/syr/syriac_0043/sld_syr0043_0019_f_009r.tif","19","discovery","f. 009r","Text","","ark:/21198/z1cc241z","ark:/21198/z1cc241z/bv34gk4n","Page","Images: Contact the Monastery of St. Catherine's of the Sinai. Metadata: Unless otherwise indicated all metadata associated with this manuscript is copyright the authors and released under Creative Commons Attribution 4.0 International License.  ","succeeded","https://iiif.sinaimanuscripts.library.ucla.edu/iiif/2/ark%3A%2F21198%2Fz1cc241z%2Fbv34gk4n",""
"Masters/sinaimasters/syr/syriac_0043/sld_syr0043_0020_f_009v.tif","20","discovery","f. 009v","Text","","ark:/21198/z1cc241z","ark:/21198/z1cc241z/h331rz81","Page","Images: Contact the Monastery of St. Catherine's of the Sinai. Metadata: Unless otherwise indicated all metadata associated with this manuscript is copyright the authors and released under Creative Commons Attribution 4.0 International License.  ","succeeded","https://iiif.sinaimanuscripts.library.ucla.edu/iiif/2/ark%3A%2F21198%2Fz1cc241z%2Fh331rz81",""
"Masters/sinaimasters/syr/syriac_0043/sld_syr0043_0021_f_010r.tif","21","discovery","f. 010r","Text","","ark:/21198/z1cc241z","ark:/21198/z1cc241z/1567h94z","Page","Images: Contact the Monastery of St. Catherine's of the Sinai. Metadata: Unless otherwise indicated all metadata associated with this manuscript is copyright the authors and released under Creative Commons Attribution 4.0 International License.  ","succeeded","https://iiif.sinaimanuscripts.library.ucla.edu/iiif/2/ark%3A%2F21198%2Fz1cc241z%2F1567h94z",""
"Masters/sinaimasters/syr/syriac_0043/sld_syr0043_0022_f_010v.tif","22","discovery","f. 010v","Text","","ark:/21198/z1cc241z","ark:/21198/z1cc241z/w809km5j","Page","Images: Contact the Monastery of St. Catherine's of the Sinai. Metadata: Unless otherwise indicated all metadata associated with this manuscript is copyright the authors and released under Creative Commons Attribution 4.0 International License.  ","succeeded","https://iiif.sinaimanuscripts.library.ucla.edu/iiif/2/ark%3A%2F21198%2Fz1cc241z%2Fw809km5j",""
"Masters/sinaimasters/syr/syriac_0043/sld_syr0043_0023_f_011r.tif","23","discovery","f. 011r","Text","","ark:/21198/z1cc241z","ark:/21198/z1cc241z/pv32g66f","Page","Images: Contact the Monastery of St. Catherine's of the Sinai. Metadata: Unless otherwise indicated all metadata associated with this manuscript is copyright the authors and released under Creative Commons Attribution 4.0 International License.  ","succeeded","https://iiif.sinaimanuscripts.library.ucla.edu/iiif/2/ark%3A%2F21198%2Fz1cc241z%2Fpv32g66f",""
"Masters/sinaimasters/syr/syriac_0043/sld_syr0043_0024_f_011v.tif","24","discovery","f. 011v","Text","","ark:/21198/z1cc241z","ark:/21198/z1cc241z/31118d2z","Page","Images: Contact the Monastery of St. Catherine's of the Sinai. Metadata: Unless otherwise indicated all metadata associated with this manuscript is copyright the authors and released under Creative Commons Attribution 4.0 International License.  ","succeeded","https://iiif.sinaimanuscripts.library.ucla.edu/iiif/2/ark%3A%2F21198%2Fz1cc241z%2F31118d2z",""
"Masters/sinaimasters/syr/syriac_0043/sld_syr0043_0025_f_012r.tif","25","discovery","f. 012r","Text","","ark:/21198/z1cc241z","ark:/21198/z1cc241z/p209p93c","Page","Images: Contact the Monastery of St. Catherine's of the Sinai. Metadata: Unless otherwise indicated all metadata associated with this manuscript is copyright the authors and released under Creative Commons Attribution 4.0 International License.  ","succeeded","https://iiif.sinaimanuscripts.library.ucla.edu/iiif/2/ark%3A%2F21198%2Fz1cc241z%2Fp209p93c",""
"Masters/sinaimasters/syr/syriac_0043/sld_syr0043_0026_f_012v.tif","26","discovery","f. 012v","Text","","ark:/21198/z1cc241z","ark:/21198/z1cc241z/9551rx2q","Page","Images: Contact the Monastery of St. Catherine's of the Sinai. Metadata: Unless otherwise indicated all metadata associated with this manuscript is copyright the authors and released under Creative Commons Attribution 4.0 International License.  ","succeeded","https://iiif.sinaimanuscripts.library.ucla.edu/iiif/2/ark%3A%2F21198%2Fz1cc241z%2F9551rx2q",""
"Masters/sinaimasters/syr/syriac_0043/sld_syr0043_0027_f_013r.tif","27","discovery","f. 013r","Text","","ark:/21198/z1cc241z","ark:/21198/z1cc241z/wt54md7h","Page","Images: Contact the Monastery of St. Catherine's of the Sinai. Metadata: Unless otherwise indicated all metadata associated with this manuscript is copyright the authors and released under Creative Commons Attribution 4.0 International License.  ","succeeded","https://iiif.sinaimanuscripts.library.ucla.edu/iiif/2/ark%3A%2F21198%2Fz1cc241z%2Fwt54md7h",""
"Masters/sinaimasters/syr/syriac_0043/sld_syr0043_0028_f_013v.tif","28","discovery","f. 013v","Text","","ark:/21198/z1cc241z","ark:/21198/z1cc241z/2738x30x","Page","Images: Contact the Monastery of St. Catherine's of the Sinai. Metadata: Unless otherwise indicated all metadata associated with this manuscript is copyright the authors and released under Creative Commons Attribution 4.0 International License.  ","succeeded","https://iiif.sinaimanuscripts.library.ucla.edu/iiif/2/ark%3A%2F21198%2Fz1cc241z%2F2738x30x",""
"Masters/sinaimasters/syr/syriac_0043/sld_syr0043_0029_f_014r.tif","29","discovery","f. 014r","Text","","ark:/21198/z1cc241z","ark:/21198/z1cc241z/dg64wx8c","Page","Images: Contact the Monastery of St. Catherine's of the Sinai. Metadata: Unless otherwise indicated all metadata associated with this manuscript is copyright the authors and released under Creative Commons Attribution 4.0 International License.  ","succeeded","https://iiif.sinaimanuscripts.library.ucla.edu/iiif/2/ark%3A%2F21198%2Fz1cc241z%2Fdg64wx8c",""
"Masters/sinaimasters/syr/syriac_0043/sld_syr0043_0030_f_014v.tif","30","discovery","f. 014v","Text","","ark:/21198/z1cc241z","ark:/21198/z1cc241z/cs110p90","Page","Images: Contact the Monastery of St. Catherine's of the Sinai. Metadata: Unless otherwise indicated all metadata associated with this manuscript is copyright the authors and released under Creative Commons Attribution 4.0 International License.  ","succeeded","https://iiif.sinaimanuscripts.library.ucla.edu/iiif/2/ark%3A%2F21198%2Fz1cc241z%2Fcs110p90",""
"Masters/sinaimasters/syr/syriac_0043/sld_syr0043_0031_f_015r.tif","31","discovery","f. 015r","Text","","ark:/21198/z1cc241z","ark:/21198/z1cc241z/xw50r93q","Page","Images: Contact the Monastery of St. Catherine's of the Sinai. Metadata: Unless otherwise indicated all metadata associated with this manuscript is copyright the authors and released under Creative Commons Attribution 4.0 International License.  ","succeeded","https://iiif.sinaimanuscripts.library.ucla.edu/iiif/2/ark%3A%2F21198%2Fz1cc241z%2Fxw50r93q",""
"Masters/sinaimasters/syr/syriac_0043/sld_syr0043_0032_f_015v.tif","32","discovery","f. 015v","Text","","ark:/21198/z1cc241z","ark:/21198/z1cc241z/b5922894","Page","Images: Contact the Monastery of St. Catherine's of the Sinai. Metadata: Unless otherwise indicated all metadata associated with this manuscript is copyright the authors and released under Creative Commons Attribution 4.0 International License.  ","succeeded","https://iiif.sinaimanuscripts.library.ucla.edu/iiif/2/ark%3A%2F21198%2Fz1cc241z%2Fb5922894",""
"Masters/sinaimasters/syr/syriac_0043/sld_syr0043_0033_f_016r.tif","33","discovery","f. 016r","Text","","ark:/21198/z1cc241z","ark:/21198/z1cc241z/r650s02r","Page","Images: Contact the Monastery of St. Catherine's of the Sinai. Metadata: Unless otherwise indicated all metadata associated with this manuscript is copyright the authors and released under Creative Commons Attribution 4.0 International License.  ","succeeded","https://iiif.sinaimanuscripts.library.ucla.edu/iiif/2/ark%3A%2F21198%2Fz1cc241z%2Fr650s02r",""
"Masters/sinaimasters/syr/syriac_0043/sld_syr0043_0034_f_016v.tif","34","discovery","f. 016v","Text","","ark:/21198/z1cc241z","ark:/21198/z1cc241z/4c44gb04","Page","Images: Contact the Monastery of St. Catherine's of the Sinai. Metadata: Unless otherwise indicated all metadata associated with this manuscript is copyright the authors and released under Creative Commons Attribution 4.0 International License.  ","succeeded","https://iiif.sinaimanuscripts.library.ucla.edu/iiif/2/ark%3A%2F21198%2Fz1cc241z%2F4c44gb04",""
"Masters/sinaimasters/syr/syriac_0043/sld_syr0043_0035_f_017r.tif","35","discovery","f. 017r","Text","","ark:/21198/z1cc241z","ark:/21198/z1cc241z/pz68nq3s","Page","Images: Contact the Monastery of St. Catherine's of the Sinai. Metadata: Unless otherwise indicated all metadata associated with this manuscript is copyright the authors and released under Creative Commons Attribution 4.0 International License.  ","succeeded","https://iiif.sinaimanuscripts.library.ucla.edu/iiif/2/ark%3A%2F21198%2Fz1cc241z%2Fpz68nq3s",""
"Masters/sinaimasters/syr/syriac_0043/sld_syr0043_0036_f_017v.tif","36","discovery","f. 017v","Text","","ark:/21198/z1cc241z","ark:/21198/z1cc241z/k375qj1v","Page","Images: Contact the Monastery of St. Catherine's of the Sinai. Metadata: Unless otherwise indicated all metadata associated with this manuscript is copyright the authors and released under Creative Commons Attribution 4.0 International License.  ","succeeded","https://iiif.sinaimanuscripts.library.ucla.edu/iiif/2/ark%3A%2F21198%2Fz1cc241z%2Fk375qj1v",""
"Masters/sinaimasters/syr/syriac_0043/sld_syr0043_0037_f_018r.tif","37","discovery","f. 018r","Text","","ark:/21198/z1cc241z","ark:/21198/z1cc241z/6d98wk10","Page","Images: Contact the Monastery of St. Catherine's of the Sinai. Metadata: Unless otherwise indicated all metadata associated with this manuscript is copyright the authors and released under Creative Commons Attribution 4.0 International License.  ","succeeded","https://iiif.sinaimanuscripts.library.ucla.edu/iiif/2/ark%3A%2F21198%2Fz1cc241z%2F6d98wk10",""
"Masters/sinaimasters/syr/syriac_0043/sld_syr0043_0038_f_018v.tif","38","discovery","f. 018v","Text","","ark:/21198/z1cc241z","ark:/21198/z1cc241z/9729t91t","Page","Images: Contact the Monastery of St. Catherine's of the Sinai. Metadata: Unless otherwise indicated all metadata associated with this manuscript is copyright the authors and released under Creative Commons Attribution 4.0 International License.  ","succeeded","https://iiif.sinaimanuscripts.library.ucla.edu/iiif/2/ark%3A%2F21198%2Fz1cc241z%2F9729t91t",""
"Masters/sinaimasters/syr/syriac_0043/sld_syr0043_0039_f_019r.tif","39","discovery","f. 019r","Text","","ark:/21198/z1cc241z","ark:/21198/z1cc241z/mf13kj06","Page","Images: Contact the Monastery of St. Catherine's of the Sinai. Metadata: Unless otherwise indicated all metadata associated with this manuscript is copyright the authors and released under Creative Commons Attribution 4.0 International License.  ","succeeded","https://iiif.sinaimanuscripts.library.ucla.edu/iiif/2/ark%3A%2F21198%2Fz1cc241z%2Fmf13kj06",""
"Masters/sinaimasters/syr/syriac_0043/sld_syr0043_0040_f_019v.tif","40","discovery","f. 019v","Text","","ark:/21198/z1cc241z","ark:/21198/z1cc241z/g3583b0b","Page","Images: Contact the Monastery of St. Catherine's of the Sinai. Metadata: Unless otherwise indicated all metadata associated with this manuscript is copyright the authors and released under Creative Commons Attribution 4.0 International License.  ","succeeded","https://iiif.sinaimanuscripts.library.ucla.edu/iiif/2/ark%3A%2F21198%2Fz1cc241z%2Fg3583b0b",""
"Masters/sinaimasters/syr/syriac_0043/sld_syr0043_0041_f_020r.tif","41","discovery","f. 020r","Text","","ark:/21198/z1cc241z","ark:/21198/z1cc241z/b5674h67","Page","Images: Contact the Monastery of St. Catherine's of the Sinai. Metadata: Unless otherwise indicated all metadata associated with this manuscript is copyright the authors and released under Creative Commons Attribution 4.0 International License.  ","succeeded","https://iiif.sinaimanuscripts.library.ucla.edu/iiif/2/ark%3A%2F21198%2Fz1cc241z%2Fb5674h67",""
"Masters/sinaimasters/syr/syriac_0043/sld_syr0043_0042_f_020v.tif","42","discovery","f. 020v","Text","","ark:/21198/z1cc241z","ark:/21198/z1cc241z/0567645n","Page","Images: Contact the Monastery of St. Catherine's of the Sinai. Metadata: Unless otherwise indicated all metadata associated with this manuscript is copyright the authors and released under Creative Commons Attribution 4.0 International License.  ","succeeded","https://iiif.sinaimanuscripts.library.ucla.edu/iiif/2/ark%3A%2F21198%2Fz1cc241z%2F0567645n",""
"Masters/sinaimasters/syr/syriac_0043/sld_syr0043_0043_f_021r.tif","43","discovery","f. 021r","Text","","ark:/21198/z1cc241z","ark:/21198/z1cc241z/tj857094","Page","Images: Contact the Monastery of St. Catherine's of the Sinai. Metadata: Unless otherwise indicated all metadata associated with this manuscript is copyright the authors and released under Creative Commons Attribution 4.0 International License.  ","succeeded","https://iiif.sinaimanuscripts.library.ucla.edu/iiif/2/ark%3A%2F21198%2Fz1cc241z%2Ftj857094",""
"Masters/sinaimasters/syr/syriac_0043/sld_syr0043_0044_f_021v.tif","44","discovery","f. 021v","Text","","ark:/21198/z1cc241z","ark:/21198/z1cc241z/tv74td3q","Page","Images: Contact the Monastery of St. Catherine's of the Sinai. Metadata: Unless otherwise indicated all metadata associated with this manuscript is copyright the authors and released under Creative Commons Attribution 4.0 International License.  ","succeeded","https://iiif.sinaimanuscripts.library.ucla.edu/iiif/2/ark%3A%2F21198%2Fz1cc241z%2Ftv74td3q",""
"Masters/sinaimasters/syr/syriac_0043/sld_syr0043_0045_f_022r.tif","45","discovery","f. 022r","Text","","ark:/21198/z1cc241z","ark:/21198/z1cc241z/7114fn6v","Page","Images: Contact the Monastery of St. Catherine's of the Sinai. Metadata: Unless otherwise indicated all metadata associated with this manuscript is copyright the authors and released under Creative Commons Attribution 4.0 International License.  ","succeeded","https://iiif.sinaimanuscripts.library.ucla.edu/iiif/2/ark%3A%2F21198%2Fz1cc241z%2F7114fn6v",""
"Masters/sinaimasters/syr/syriac_0043/sld_syr0043_0046_f_022v.tif","46","discovery","f. 022v","Text","","ark:/21198/z1cc241z","ark:/21198/z1cc241z/24366732","Page","Images: Contact the Monastery of St. Catherine's of the Sinai. Metadata: Unless otherwise indicated all metadata associated with this manuscript is copyright the authors and released under Creative Commons Attribution 4.0 International License.  ","succeeded","https://iiif.sinaimanuscripts.library.ucla.edu/iiif/2/ark%3A%2F21198%2Fz1cc241z%2F24366732",""
"Masters/sinaimasters/syr/syriac_0043/sld_syr0043_0047_f_023r.tif","47","discovery","f. 023r","Text","","ark:/21198/z1cc241z","ark:/21198/z1cc241z/9398gm26","Page","Images: Contact the Monastery of St. Catherine's of the Sinai. Metadata: Unless otherwise indicated all metadata associated with this manuscript is copyright the authors and released under Creative Commons Attribution 4.0 International License.  ","succeeded","https://iiif.sinaimanuscripts.library.ucla.edu/iiif/2/ark%3A%2F21198%2Fz1cc241z%2F9398gm26",""
"Masters/sinaimasters/syr/syriac_0043/sld_syr0043_0048_f_023v.tif","48","discovery","f. 023v","Text","","ark:/21198/z1cc241z","ark:/21198/z1cc241z/b060zq4k","Page","Images: Contact the Monastery of St. Catherine's of the Sinai. Metadata: Unless otherwise indicated all metadata associated with this manuscript is copyright the authors and released under Creative Commons Attribution 4.0 International License.  ","succeeded","https://iiif.sinaimanuscripts.library.ucla.edu/iiif/2/ark%3A%2F21198%2Fz1cc241z%2Fb060zq4k",""
"Masters/sinaimasters/syr/syriac_0043/sld_syr0043_0049_f_024r.tif","49","discovery","f. 024r","Text","","ark:/21198/z1cc241z","ark:/21198/z1cc241z/z792871v","Page","Images: Contact the Monastery of St. Catherine's of the Sinai. Metadata: Unless otherwise indicated all metadata associated with this manuscript is copyright the authors and released under Creative Commons Attribution 4.0 International License.  ","succeeded","https://iiif.sinaimanuscripts.library.ucla.edu/iiif/2/ark%3A%2F21198%2Fz1cc241z%2Fz792871v",""
"Masters/sinaimasters/syr/syriac_0043/sld_syr0043_0050_f_024v.tif","50","discovery","f. 024v","Text","","ark:/21198/z1cc241z","ark:/21198/z1cc241z/gh754042","Page","Images: Contact the Monastery of St. Catherine's of the Sinai. Metadata: Unless otherwise indicated all metadata associated with this manuscript is copyright the authors and released under Creative Commons Attribution 4.0 International License.  ","succeeded","https://iiif.sinaimanuscripts.library.ucla.edu/iiif/2/ark%3A%2F21198%2Fz1cc241z%2Fgh754042",""
"Masters/sinaimasters/syr/syriac_0043/sld_syr0043_0051_f_025r.tif","51","discovery","f. 025r","Text","","ark:/21198/z1cc241z","ark:/21198/z1cc241z/xj06rb84","Page","Images: Contact the Monastery of St. Catherine's of the Sinai. Metadata: Unless otherwise indicated all metadata associated with this manuscript is copyright the authors and released under Creative Commons Attribution 4.0 International License.  ","succeeded","https://iiif.sinaimanuscripts.library.ucla.edu/iiif/2/ark%3A%2F21198%2Fz1cc241z%2Fxj06rb84",""
"Masters/sinaimasters/syr/syriac_0043/sld_syr0043_0052_f_025v.tif","52","discovery","f. 025v","Text","","ark:/21198/z1cc241z","ark:/21198/z1cc241z/xw48d21s","Page","Images: Contact the Monastery of St. Catherine's of the Sinai. Metadata: Unless otherwise indicated all metadata associated with this manuscript is copyright the authors and released under Creative Commons Attribution 4.0 International License.  ","succeeded","https://iiif.sinaimanuscripts.library.ucla.edu/iiif/2/ark%3A%2F21198%2Fz1cc241z%2Fxw48d21s",""
"Masters/sinaimasters/syr/syriac_0043/sld_syr0043_0053_f_026r.tif","53","discovery","f. 026r","Text","","ark:/21198/z1cc241z","ark:/21198/z1cc241z/4j03dp8q","Page","Images: Contact the Monastery of St. Catherine's of the Sinai. Metadata: Unless otherwise indicated all metadata associated with this manuscript is copyright the authors and released under Creative Commons Attribution 4.0 International License.  ","succeeded","https://iiif.sinaimanuscripts.library.ucla.edu/iiif/2/ark%3A%2F21198%2Fz1cc241z%2F4j03dp8q",""
"Masters/sinaimasters/syr/syriac_0043/sld_syr0043_0054_f_026v.tif","54","discovery","f. 026v","Text","","ark:/21198/z1cc241z","ark:/21198/z1cc241z/7161cz99","Page","Images: Contact the Monastery of St. Catherine's of the Sinai. Metadata: Unless otherwise indicated all metadata associated with this manuscript is copyright the authors and released under Creative Commons Attribution 4.0 International License.  ","succeeded","https://iiif.sinaimanuscripts.library.ucla.edu/iiif/2/ark%3A%2F21198%2Fz1cc241z%2F7161cz99",""
"Masters/sinaimasters/syr/syriac_0043/sld_syr0043_0055_f_027r.tif","55","discovery","f. 027r","Text","","ark:/21198/z1cc241z","ark:/21198/z1cc241z/mb998t3g","Page","Images: Contact the Monastery of St. Catherine's of the Sinai. Metadata: Unless otherwise indicated all metadata associated with this manuscript is copyright the authors and released under Creative Commons Attribution 4.0 International License.  ","succeeded","https://iiif.sinaimanuscripts.library.ucla.edu/iiif/2/ark%3A%2F21198%2Fz1cc241z%2Fmb998t3g",""
"Masters/sinaimasters/syr/syriac_0043/sld_syr0043_0056_f_027v.tif","56","discovery","f. 027v","Text","","ark:/21198/z1cc241z","ark:/21198/z1cc241z/bz580x5r","Page","Images: Contact the Monastery of St. Catherine's of the Sinai. Metadata: Unless otherwise indicated all metadata associated with this manuscript is copyright the authors and released under Creative Commons Attribution 4.0 International License.  ","succeeded","https://iiif.sinaimanuscripts.library.ucla.edu/iiif/2/ark%3A%2F21198%2Fz1cc241z%2Fbz580x5r",""
"Masters/sinaimasters/syr/syriac_0043/sld_syr0043_0057_f_028r.tif","57","discovery","f. 028r","Text","","ark:/21198/z1cc241z","ark:/21198/z1cc241z/qz61sh55","Page","Images: Contact the Monastery of St. Catherine's of the Sinai. Metadata: Unless otherwise indicated all metadata associated with this manuscript is copyright the authors and released under Creative Commons Attribution 4.0 International License.  ","succeeded","https://iiif.sinaimanuscripts.library.ucla.edu/iiif/2/ark%3A%2F21198%2Fz1cc241z%2Fqz61sh55",""
"Masters/sinaimasters/syr/syriac_0043/sld_syr0043_0058_f_028v.tif","58","discovery","f. 028v","Text","","ark:/21198/z1cc241z","ark:/21198/z1cc241z/x449v52f","Page","Images: Contact the Monastery of St. Catherine's of the Sinai. Metadata: Unless otherwise indicated all metadata associated with this manuscript is copyright the authors and released under Creative Commons Attribution 4.0 International License.  ","succeeded","https://iiif.sinaimanuscripts.library.ucla.edu/iiif/2/ark%3A%2F21198%2Fz1cc241z%2Fx449v52f",""
"Masters/sinaimasters/syr/syriac_0043/sld_syr0043_0059_f_029r.tif","59","discovery","f. 029r","Text","","ark:/21198/z1cc241z","ark:/21198/z1cc241z/g6631b1w","Page","Images: Contact the Monastery of St. Catherine's of the Sinai. Metadata: Unless otherwise indicated all metadata associated with this manuscript is copyright the authors and released under Creative Commons Attribution 4.0 International License.  ","succeeded","https://iiif.sinaimanuscripts.library.ucla.edu/iiif/2/ark%3A%2F21198%2Fz1cc241z%2Fg6631b1w",""
"Masters/sinaimasters/syr/syriac_0043/sld_syr0043_0060_f_029v.tif","60","discovery","f. 029v","Text","","ark:/21198/z1cc241z","ark:/21198/z1cc241z/0754b90x","Page","Images: Contact the Monastery of St. Catherine's of the Sinai. Metadata: Unless otherwise indicated all metadata associated with this manuscript is copyright the authors and released under Creative Commons Attribution 4.0 International License.  ","succeeded","https://iiif.sinaimanuscripts.library.ucla.edu/iiif/2/ark%3A%2F21198%2Fz1cc241z%2F0754b90x",""
"Masters/sinaimasters/syr/syriac_0043/sld_syr0043_0061_f_030r.tif","61","discovery","f. 030r","Text","","ark:/21198/z1cc241z","ark:/21198/z1cc241z/sw00z26f","Page","Images: Contact the Monastery of St. Catherine's of the Sinai. Metadata: Unless otherwise indicated all metadata associated with this manuscript is copyright the authors and released under Creative Commons Attribution 4.0 International License.  ","succeeded","https://iiif.sinaimanuscripts.library.ucla.edu/iiif/2/ark%3A%2F21198%2Fz1cc241z%2Fsw00z26f",""
"Masters/sinaimasters/syr/syriac_0043/sld_syr0043_0062_f_030v.tif","62","discovery","f. 030v","Text","","ark:/21198/z1cc241z","ark:/21198/z1cc241z/zv37wk6c","Page","Images: Contact the Monastery of St. Catherine's of the Sinai. Metadata: Unless otherwise indicated all metadata associated with this manuscript is copyright the authors and released under Creative Commons Attribution 4.0 International License.  ","succeeded","https://iiif.sinaimanuscripts.library.ucla.edu/iiif/2/ark%3A%2F21198%2Fz1cc241z%2Fzv37wk6c",""
"Masters/sinaimasters/syr/syriac_0043/sld_syr0043_0063_f_031r.tif","63","discovery","f. 031r","Text","","ark:/21198/z1cc241z","ark:/21198/z1cc241z/zg35th8s","Page","Images: Contact the Monastery of St. Catherine's of the Sinai. Metadata: Unless otherwise indicated all metadata associated with this manuscript is copyright the authors and released under Creative Commons Attribution 4.0 International License.  ","succeeded","https://iiif.sinaimanuscripts.library.ucla.edu/iiif/2/ark%3A%2F21198%2Fz1cc241z%2Fzg35th8s",""
"Masters/sinaimasters/syr/syriac_0043/sld_syr0043_0064_f_031v.tif","64","discovery","f. 031v","Text","","ark:/21198/z1cc241z","ark:/21198/z1cc241z/hv300t2n","Page","Images: Contact the Monastery of St. Catherine's of the Sinai. Metadata: Unless otherwise indicated all metadata associated with this manuscript is copyright the authors and released under Creative Commons Attribution 4.0 International License.  ","succeeded","https://iiif.sinaimanuscripts.library.ucla.edu/iiif/2/ark%3A%2F21198%2Fz1cc241z%2Fhv300t2n",""
"Masters/sinaimasters/syr/syriac_0043/sld_syr0043_0065_f_032r.tif","65","discovery","f. 032r","Text","","ark:/21198/z1cc241z","ark:/21198/z1cc241z/nt012n8q","Page","Images: Contact the Monastery of St. Catherine's of the Sinai. Metadata: Unless otherwise indicated all metadata associated with this manuscript is copyright the authors and released under Creative Commons Attribution 4.0 International License.  ","succeeded","https://iiif.sinaimanuscripts.library.ucla.edu/iiif/2/ark%3A%2F21198%2Fz1cc241z%2Fnt012n8q",""
"Masters/sinaimasters/syr/syriac_0043/sld_syr0043_0066_f_032v.tif","66","discovery","f. 032v","Text","","ark:/21198/z1cc241z","ark:/21198/z1cc241z/b405933j","Page","Images: Contact the Monastery of St. Catherine's of the Sinai. Metadata: Unless otherwise indicated all metadata associated with this manuscript is copyright the authors and released under Creative Commons Attribution 4.0 International License.  ","succeeded","https://iiif.sinaimanuscripts.library.ucla.edu/iiif/2/ark%3A%2F21198%2Fz1cc241z%2Fb405933j",""
"Masters/sinaimasters/syr/syriac_0043/sld_syr0043_0067_f_033r.tif","67","discovery","f. 033r","Text","","ark:/21198/z1cc241z","ark:/21198/z1cc241z/mb262r26","Page","Images: Contact the Monastery of St. Catherine's of the Sinai. Metadata: Unless otherwise indicated all metadata associated with this manuscript is copyright the authors and released under Creative Commons Attribution 4.0 International License.  ","succeeded","https://iiif.sinaimanuscripts.library.ucla.edu/iiif/2/ark%3A%2F21198%2Fz1cc241z%2Fmb262r26",""
"Masters/sinaimasters/syr/syriac_0043/sld_syr0043_0068_f_033v.tif","68","discovery","f. 033v","Text","","ark:/21198/z1cc241z","ark:/21198/z1cc241z/2786d49j","Page","Images: Contact the Monastery of St. Catherine's of the Sinai. Metadata: Unless otherwise indicated all metadata associated with this manuscript is copyright the authors and released under Creative Commons Attribution 4.0 International License.  ","succeeded","https://iiif.sinaimanuscripts.library.ucla.edu/iiif/2/ark%3A%2F21198%2Fz1cc241z%2F2786d49j",""
"Masters/sinaimasters/syr/syriac_0043/sld_syr0043_0069_f_034r.tif","69","discovery","f. 034r","Text","","ark:/21198/z1cc241z","ark:/21198/z1cc241z/f4342x81","Page","Images: Contact the Monastery of St. Catherine's of the Sinai. Metadata: Unless otherwise indicated all metadata associated with this manuscript is copyright the authors and released under Creative Commons Attribution 4.0 International License.  ","succeeded","https://iiif.sinaimanuscripts.library.ucla.edu/iiif/2/ark%3A%2F21198%2Fz1cc241z%2Ff4342x81",""
"Masters/sinaimasters/syr/syriac_0043/sld_syr0043_0070_f_034v.tif","70","discovery","f. 034v","Text","","ark:/21198/z1cc241z","ark:/21198/z1cc241z/mh92zx49","Page","Images: Contact the Monastery of St. Catherine's of the Sinai. Metadata: Unless otherwise indicated all metadata associated with this manuscript is copyright the authors and released under Creative Commons Attribution 4.0 International License.  ","succeeded","https://iiif.sinaimanuscripts.library.ucla.edu/iiif/2/ark%3A%2F21198%2Fz1cc241z%2Fmh92zx49",""
"Masters/sinaimasters/syr/syriac_0043/sld_syr0043_0071_f_035r.tif","71","discovery","f. 035r","Text","","ark:/21198/z1cc241z","ark:/21198/z1cc241z/ss84600b","Page","Images: Contact the Monastery of St. Catherine's of the Sinai. Metadata: Unless otherwise indicated all metadata associated with this manuscript is copyright the authors and released under Creative Commons Attribution 4.0 International License.  ","succeeded","https://iiif.sinaimanuscripts.library.ucla.edu/iiif/2/ark%3A%2F21198%2Fz1cc241z%2Fss84600b",""
"Masters/sinaimasters/syr/syriac_0043/sld_syr0043_0072_f_035v.tif","72","discovery","f. 035v","Text","","ark:/21198/z1cc241z","ark:/21198/z1cc241z/4r68c196","Page","Images: Contact the Monastery of St. Catherine's of the Sinai. Metadata: Unless otherwise indicated all metadata associated with this manuscript is copyright the authors and released under Creative Commons Attribution 4.0 International License.  ","succeeded","https://iiif.sinaimanuscripts.library.ucla.edu/iiif/2/ark%3A%2F21198%2Fz1cc241z%2F4r68c196",""
"Masters/sinaimasters/syr/syriac_0043/sld_syr0043_0073_f_036r.tif","73","discovery","f. 036r","Text","","ark:/21198/z1cc241z","ark:/21198/z1cc241z/vm30ws3h","Page","Images: Contact the Monastery of St. Catherine's of the Sinai. Metadata: Unless otherwise indicated all metadata associated with this manuscript is copyright the authors and released under Creative Commons Attribution 4.0 International License.  ","succeeded","https://iiif.sinaimanuscripts.library.ucla.edu/iiif/2/ark%3A%2F21198%2Fz1cc241z%2Fvm30ws3h",""
"Masters/sinaimasters/syr/syriac_0043/sld_syr0043_0074_f_036v.tif","74","discovery","f. 036v","Text","","ark:/21198/z1cc241z","ark:/21198/z1cc241z/1p737n69","Page","Images: Contact the Monastery of St. Catherine's of the Sinai. Metadata: Unless otherwise indicated all metadata associated with this manuscript is copyright the authors and released under Creative Commons Attribution 4.0 International License.  ","succeeded","https://iiif.sinaimanuscripts.library.ucla.edu/iiif/2/ark%3A%2F21198%2Fz1cc241z%2F1p737n69",""
"Masters/sinaimasters/syr/syriac_0043/sld_syr0043_0075_f_037r.tif","75","discovery","f. 037r","Text","","ark:/21198/z1cc241z","ark:/21198/z1cc241z/9m94vn3g","Page","Images: Contact the Monastery of St. Catherine's of the Sinai. Metadata: Unless otherwise indicated all metadata associated with this manuscript is copyright the authors and released under Creative Commons Attribution 4.0 International License.  ","succeeded","https://iiif.sinaimanuscripts.library.ucla.edu/iiif/2/ark%3A%2F21198%2Fz1cc241z%2F9m94vn3g",""
"Masters/sinaimasters/syr/syriac_0043/sld_syr0043_0076_f_037v.tif","76","discovery","f. 037v","Text","","ark:/21198/z1cc241z","ark:/21198/z1cc241z/7739b750","Page","Images: Contact the Monastery of St. Catherine's of the Sinai. Metadata: Unless otherwise indicated all metadata associated with this manuscript is copyright the authors and released under Creative Commons Attribution 4.0 International License.  ","succeeded","https://iiif.sinaimanuscripts.library.ucla.edu/iiif/2/ark%3A%2F21198%2Fz1cc241z%2F7739b750",""
"Masters/sinaimasters/syr/syriac_0043/sld_syr0043_0077_f_038r.tif","77","discovery","f. 038r","Text","","ark:/21198/z1cc241z","ark:/21198/z1cc241z/jv35cw6g","Page","Images: Contact the Monastery of St. Catherine's of the Sinai. Metadata: Unless otherwise indicated all metadata associated with this manuscript is copyright the authors and released under Creative Commons Attribution 4.0 International License.  ","succeeded","https://iiif.sinaimanuscripts.library.ucla.edu/iiif/2/ark%3A%2F21198%2Fz1cc241z%2Fjv35cw6g",""
"Masters/sinaimasters/syr/syriac_0043/sld_syr0043_0078_f_038v.tif","78","discovery","f. 038v","Text","","ark:/21198/z1cc241z","ark:/21198/z1cc241z/8198gg66","Page","Images: Contact the Monastery of St. Catherine's of the Sinai. Metadata: Unless otherwise indicated all metadata associated with this manuscript is copyright the authors and released under Creative Commons Attribution 4.0 International License.  ","succeeded","https://iiif.sinaimanuscripts.library.ucla.edu/iiif/2/ark%3A%2F21198%2Fz1cc241z%2F8198gg66",""
"Masters/sinaimasters/syr/syriac_0043/sld_syr0043_0079_f_039r.tif","79","discovery","f. 039r","Text","","ark:/21198/z1cc241z","ark:/21198/z1cc241z/9720rf75","Page","Images: Contact the Monastery of St. Catherine's of the Sinai. Metadata: Unless otherwise indicated all metadata associated with this manuscript is copyright the authors and released under Creative Commons Attribution 4.0 International License.  ","succeeded","https://iiif.sinaimanuscripts.library.ucla.edu/iiif/2/ark%3A%2F21198%2Fz1cc241z%2F9720rf75",""
"Masters/sinaimasters/syr/syriac_0043/sld_syr0043_0080_f_039v.tif","80","discovery","f. 039v","Text","","ark:/21198/z1cc241z","ark:/21198/z1cc241z/k290pg1b","Page","Images: Contact the Monastery of St. Catherine's of the Sinai. Metadata: Unless otherwise indicated all metadata associated with this manuscript is copyright the authors and released under Creative Commons Attribution 4.0 International License.  ","succeeded","https://iiif.sinaimanuscripts.library.ucla.edu/iiif/2/ark%3A%2F21198%2Fz1cc241z%2Fk290pg1b",""
"Masters/sinaimasters/syr/syriac_0043/sld_syr0043_0081_f_040r.tif","81","discovery","f. 040r","Text","","ark:/21198/z1cc241z","ark:/21198/z1cc241z/q769pf0g","Page","Images: Contact the Monastery of St. Catherine's of the Sinai. Metadata: Unless otherwise indicated all metadata associated with this manuscript is copyright the authors and released under Creative Commons Attribution 4.0 International License.  ","succeeded","https://iiif.sinaimanuscripts.library.ucla.edu/iiif/2/ark%3A%2F21198%2Fz1cc241z%2Fq769pf0g",""
"Masters/sinaimasters/syr/syriac_0043/sld_syr0043_0082_f_040v.tif","82","discovery","f. 040v","Text","","ark:/21198/z1cc241z","ark:/21198/z1cc241z/1923vb8c","Page","Images: Contact the Monastery of St. Catherine's of the Sinai. Metadata: Unless otherwise indicated all metadata associated with this manuscript is copyright the authors and released under Creative Commons Attribution 4.0 International License.  ","succeeded","https://iiif.sinaimanuscripts.library.ucla.edu/iiif/2/ark%3A%2F21198%2Fz1cc241z%2F1923vb8c",""
"Masters/sinaimasters/syr/syriac_0043/sld_syr0043_0083_f_041r.tif","83","discovery","f. 041r","Text","","ark:/21198/z1cc241z","ark:/21198/z1cc241z/4x56640q","Page","Images: Contact the Monastery of St. Catherine's of the Sinai. Metadata: Unless otherwise indicated all metadata associated with this manuscript is copyright the authors and released under Creative Commons Attribution 4.0 International License.  ","succeeded","https://iiif.sinaimanuscripts.library.ucla.edu/iiif/2/ark%3A%2F21198%2Fz1cc241z%2F4x56640q",""
"Masters/sinaimasters/syr/syriac_0043/sld_syr0043_0084_f_041v.tif","84","discovery","f. 041v","Text","","ark:/21198/z1cc241z","ark:/21198/z1cc241z/ng48n98t","Page","Images: Contact the Monastery of St. Catherine's of the Sinai. Metadata: Unless otherwise indicated all metadata associated with this manuscript is copyright the authors and released under Creative Commons Attribution 4.0 International License.  ","succeeded","https://iiif.sinaimanuscripts.library.ucla.edu/iiif/2/ark%3A%2F21198%2Fz1cc241z%2Fng48n98t",""
"Masters/sinaimasters/syr/syriac_0043/sld_syr0043_0085_f_042r.tif","85","discovery","f. 042r","Text","","ark:/21198/z1cc241z","ark:/21198/z1cc241z/b9913g58","Page","Images: Contact the Monastery of St. Catherine's of the Sinai. Metadata: Unless otherwise indicated all metadata associated with this manuscript is copyright the authors and released under Creative Commons Attribution 4.0 International License.  ","succeeded","https://iiif.sinaimanuscripts.library.ucla.edu/iiif/2/ark%3A%2F21198%2Fz1cc241z%2Fb9913g58",""
"Masters/sinaimasters/syr/syriac_0043/sld_syr0043_0086_f_042v.tif","86","discovery","f. 042v","Text","","ark:/21198/z1cc241z","ark:/21198/z1cc241z/0816k35t","Page","Images: Contact the Monastery of St. Catherine's of the Sinai. Metadata: Unless otherwise indicated all metadata associated with this manuscript is copyright the authors and released under Creative Commons Attribution 4.0 International License.  ","succeeded","https://iiif.sinaimanuscripts.library.ucla.edu/iiif/2/ark%3A%2F21198%2Fz1cc241z%2F0816k35t",""
"Masters/sinaimasters/syr/syriac_0043/sld_syr0043_0087_f_043r.tif","87","discovery","f. 043r","Text","","ark:/21198/z1cc241z","ark:/21198/z1cc241z/b651mm6s","Page","Images: Contact the Monastery of St. Catherine's of the Sinai. Metadata: Unless otherwise indicated all metadata associated with this manuscript is copyright the authors and released under Creative Commons Attribution 4.0 International License.  ","succeeded","https://iiif.sinaimanuscripts.library.ucla.edu/iiif/2/ark%3A%2F21198%2Fz1cc241z%2Fb651mm6s",""
"Masters/sinaimasters/syr/syriac_0043/sld_syr0043_0088_f_043v.tif","88","discovery","f. 043v","Text","","ark:/21198/z1cc241z","ark:/21198/z1cc241z/cd10829h","Page","Images: Contact the Monastery of St. Catherine's of the Sinai. Metadata: Unless otherwise indicated all metadata associated with this manuscript is copyright the authors and released under Creative Commons Attribution 4.0 International License.  ","succeeded","https://iiif.sinaimanuscripts.library.ucla.edu/iiif/2/ark%3A%2F21198%2Fz1cc241z%2Fcd10829h",""
"Masters/sinaimasters/syr/syriac_0043/sld_syr0043_0089_f_044r.tif","89","discovery","f. 044r","Text","","ark:/21198/z1cc241z","ark:/21198/z1cc241z/7126215n","Page","Images: Contact the Monastery of St. Catherine's of the Sinai. Metadata: Unless otherwise indicated all metadata associated with this manuscript is copyright the authors and released under Creative Commons Attribution 4.0 International License.  ","succeeded","https://iiif.sinaimanuscripts.library.ucla.edu/iiif/2/ark%3A%2F21198%2Fz1cc241z%2F7126215n",""
"Masters/sinaimasters/syr/syriac_0043/sld_syr0043_0090_f_044v.tif","90","discovery","f. 044v","Text","","ark:/21198/z1cc241z","ark:/21198/z1cc241z/hb72p76n","Page","Images: Contact the Monastery of St. Catherine's of the Sinai. Metadata: Unless otherwise indicated all metadata associated with this manuscript is copyright the authors and released under Creative Commons Attribution 4.0 International License.  ","succeeded","https://iiif.sinaimanuscripts.library.ucla.edu/iiif/2/ark%3A%2F21198%2Fz1cc241z%2Fhb72p76n",""
"Masters/sinaimasters/syr/syriac_0043/sld_syr0043_0091_f_045r.tif","91","discovery","f. 045r","Text","","ark:/21198/z1cc241z","ark:/21198/z1cc241z/x136bf97","Page","Images: Contact the Monastery of St. Catherine's of the Sinai. Metadata: Unless otherwise indicated all metadata associated with this manuscript is copyright the authors and released under Creative Commons Attribution 4.0 International License.  ","succeeded","https://iiif.sinaimanuscripts.library.ucla.edu/iiif/2/ark%3A%2F21198%2Fz1cc241z%2Fx136bf97",""
"Masters/sinaimasters/syr/syriac_0043/sld_syr0043_0092_f_045v.tif","92","discovery","f. 045v","Text","","ark:/21198/z1cc241z","ark:/21198/z1cc241z/xj92p14q","Page","Images: Contact the Monastery of St. Catherine's of the Sinai. Metadata: Unless otherwise indicated all metadata associated with this manuscript is copyright the authors and released under Creative Commons Attribution 4.0 International License.  ","succeeded","https://iiif.sinaimanuscripts.library.ucla.edu/iiif/2/ark%3A%2F21198%2Fz1cc241z%2Fxj92p14q",""
"Masters/sinaimasters/syr/syriac_0043/sld_syr0043_0093_f_046r.tif","93","discovery","f. 046r","Text","","ark:/21198/z1cc241z","ark:/21198/z1cc241z/zj830s1n","Page","Images: Contact the Monastery of St. Catherine's of the Sinai. Metadata: Unless otherwise indicated all metadata associated with this manuscript is copyright the authors and released under Creative Commons Attribution 4.0 International License.  ","succeeded","https://iiif.sinaimanuscripts.library.ucla.edu/iiif/2/ark%3A%2F21198%2Fz1cc241z%2Fzj830s1n",""
"Masters/sinaimasters/syr/syriac_0043/sld_syr0043_0094_f_046v.tif","94","discovery","f. 046v","Text","","ark:/21198/z1cc241z","ark:/21198/z1cc241z/xp95cb5t","Page","Images: Contact the Monastery of St. Catherine's of the Sinai. Metadata: Unless otherwise indicated all metadata associated with this manuscript is copyright the authors and released under Creative Commons Attribution 4.0 International License.  ","succeeded","https://iiif.sinaimanuscripts.library.ucla.edu/iiif/2/ark%3A%2F21198%2Fz1cc241z%2Fxp95cb5t",""
"Masters/sinaimasters/syr/syriac_0043/sld_syr0043_0095_f_047r.tif","95","discovery","f. 047r","Text","","ark:/21198/z1cc241z","ark:/21198/z1cc241z/pk47vg34","Page","Images: Contact the Monastery of St. Catherine's of the Sinai. Metadata: Unless otherwise indicated all metadata associated with this manuscript is copyright the authors and released under Creative Commons Attribution 4.0 International License.  ","succeeded","https://iiif.sinaimanuscripts.library.ucla.edu/iiif/2/ark%3A%2F21198%2Fz1cc241z%2Fpk47vg34",""
"Masters/sinaimasters/syr/syriac_0043/sld_syr0043_0096_f_047v.tif","96","discovery","f. 047v","Text","","ark:/21198/z1cc241z","ark:/21198/z1cc241z/s8800489","Page","Images: Contact the Monastery of St. Catherine's of the Sinai. Metadata: Unless otherwise indicated all metadata associated with this manuscript is copyright the authors and released under Creative Commons Attribution 4.0 International License.  ","succeeded","https://iiif.sinaimanuscripts.library.ucla.edu/iiif/2/ark%3A%2F21198%2Fz1cc241z%2Fs8800489",""
"Masters/sinaimasters/syr/syriac_0043/sld_syr0043_0097_f_048r.tif","97","discovery","f. 048r","Text","","ark:/21198/z1cc241z","ark:/21198/z1cc241z/p8166b8p","Page","Images: Contact the Monastery of St. Catherine's of the Sinai. Metadata: Unless otherwise indicated all metadata associated with this manuscript is copyright the authors and released under Creative Commons Attribution 4.0 International License.  ","succeeded","https://iiif.sinaimanuscripts.library.ucla.edu/iiif/2/ark%3A%2F21198%2Fz1cc241z%2Fp8166b8p",""
"Masters/sinaimasters/syr/syriac_0043/sld_syr0043_0098_f_048v.tif","98","discovery","f. 048v","Text","","ark:/21198/z1cc241z","ark:/21198/z1cc241z/x4093c5f","Page","Images: Contact the Monastery of St. Catherine's of the Sinai. Metadata: Unless otherwise indicated all metadata associated with this manuscript is copyright the authors and released under Creative Commons Attribution 4.0 International License.  ","succeeded","https://iiif.sinaimanuscripts.library.ucla.edu/iiif/2/ark%3A%2F21198%2Fz1cc241z%2Fx4093c5f",""
"Masters/sinaimasters/syr/syriac_0043/sld_syr0043_0099_f_049r.tif","99","discovery","f. 049r","Text","","ark:/21198/z1cc241z","ark:/21198/z1cc241z/b6914n5z","Page","Images: Contact the Monastery of St. Catherine's of the Sinai. Metadata: Unless otherwise indicated all metadata associated with this manuscript is copyright the authors and released under Creative Commons Attribution 4.0 International License.  ","succeeded","https://iiif.sinaimanuscripts.library.ucla.edu/iiif/2/ark%3A%2F21198%2Fz1cc241z%2Fb6914n5z",""
"Masters/sinaimasters/syr/syriac_0043/sld_syr0043_0100_f_049v.tif","100","discovery","f. 049v","Text","","ark:/21198/z1cc241z","ark:/21198/z1cc241z/mx31zr9d","Page","Images: Contact the Monastery of St. Catherine's of the Sinai. Metadata: Unless otherwise indicated all metadata associated with this manuscript is copyright the authors and released under Creative Commons Attribution 4.0 International License.  ","succeeded","https://iiif.sinaimanuscripts.library.ucla.edu/iiif/2/ark%3A%2F21198%2Fz1cc241z%2Fmx31zr9d",""
"Masters/sinaimasters/syr/syriac_0043/sld_syr0043_0101_f_050r.tif","101","discovery","f. 050r","Text","","ark:/21198/z1cc241z","ark:/21198/z1cc241z/0029ck1g","Page","Images: Contact the Monastery of St. Catherine's of the Sinai. Metadata: Unless otherwise indicated all metadata associated with this manuscript is copyright the authors and released under Creative Commons Attribution 4.0 International License.  ","succeeded","https://iiif.sinaimanuscripts.library.ucla.edu/iiif/2/ark%3A%2F21198%2Fz1cc241z%2F0029ck1g",""
"Masters/sinaimasters/syr/syriac_0043/sld_syr0043_0102_f_050v.tif","102","discovery","f. 050v","Text","","ark:/21198/z1cc241z","ark:/21198/z1cc241z/7d41m94w","Page","Images: Contact the Monastery of St. Catherine's of the Sinai. Metadata: Unless otherwise indicated all metadata associated with this manuscript is copyright the authors and released under Creative Commons Attribution 4.0 International License.  ","succeeded","https://iiif.sinaimanuscripts.library.ucla.edu/iiif/2/ark%3A%2F21198%2Fz1cc241z%2F7d41m94w",""
"Masters/sinaimasters/syr/syriac_0043/sld_syr0043_0103_f_051r.tif","103","discovery","f. 051r","Text","","ark:/21198/z1cc241z","ark:/21198/z1cc241z/z103fq7p","Page","Images: Contact the Monastery of St. Catherine's of the Sinai. Metadata: Unless otherwise indicated all metadata associated with this manuscript is copyright the authors and released under Creative Commons Attribution 4.0 International License.  ","succeeded","https://iiif.sinaimanuscripts.library.ucla.edu/iiif/2/ark%3A%2F21198%2Fz1cc241z%2Fz103fq7p",""
"Masters/sinaimasters/syr/syriac_0043/sld_syr0043_0104_f_051v.tif","104","discovery","f. 051v","Text","","ark:/21198/z1cc241z","ark:/21198/z1cc241z/rj60068h","Page","Images: Contact the Monastery of St. Catherine's of the Sinai. Metadata: Unless otherwise indicated all metadata associated with this manuscript is copyright the authors and released under Creative Commons Attribution 4.0 International License.  ","succeeded","https://iiif.sinaimanuscripts.library.ucla.edu/iiif/2/ark%3A%2F21198%2Fz1cc241z%2Frj60068h",""
"Masters/sinaimasters/syr/syriac_0043/sld_syr0043_0105_f_052r.tif","105","discovery","f. 052r","Text","","ark:/21198/z1cc241z","ark:/21198/z1cc241z/0583fn58","Page","Images: Contact the Monastery of St. Catherine's of the Sinai. Metadata: Unless otherwise indicated all metadata associated with this manuscript is copyright the authors and released under Creative Commons Attribution 4.0 International License.  ","succeeded","https://iiif.sinaimanuscripts.library.ucla.edu/iiif/2/ark%3A%2F21198%2Fz1cc241z%2F0583fn58",""
"Masters/sinaimasters/syr/syriac_0043/sld_syr0043_0106_f_052v.tif","106","discovery","f. 052v","Text","","ark:/21198/z1cc241z","ark:/21198/z1cc241z/8b632g9w","Page","Images: Contact the Monastery of St. Catherine's of the Sinai. Metadata: Unless otherwise indicated all metadata associated with this manuscript is copyright the authors and released under Creative Commons Attribution 4.0 International License.  ","succeeded","https://iiif.sinaimanuscripts.library.ucla.edu/iiif/2/ark%3A%2F21198%2Fz1cc241z%2F8b632g9w",""
"Masters/sinaimasters/syr/syriac_0043/sld_syr0043_0107_f_053r.tif","107","discovery","f. 053r","Text","","ark:/21198/z1cc241z","ark:/21198/z1cc241z/5p22pq7p","Page","Images: Contact the Monastery of St. Catherine's of the Sinai. Metadata: Unless otherwise indicated all metadata associated with this manuscript is copyright the authors and released under Creative Commons Attribution 4.0 International License.  ","succeeded","https://iiif.sinaimanuscripts.library.ucla.edu/iiif/2/ark%3A%2F21198%2Fz1cc241z%2F5p22pq7p",""
"Masters/sinaimasters/syr/syriac_0043/sld_syr0043_0108_f_053v.tif","108","discovery","f. 053v","Text","","ark:/21198/z1cc241z","ark:/21198/z1cc241z/bp21w59k","Page","Images: Contact the Monastery of St. Catherine's of the Sinai. Metadata: Unless otherwise indicated all metadata associated with this manuscript is copyright the authors and released under Creative Commons Attribution 4.0 International License.  ","succeeded","https://iiif.sinaimanuscripts.library.ucla.edu/iiif/2/ark%3A%2F21198%2Fz1cc241z%2Fbp21w59k",""
"Masters/sinaimasters/syr/syriac_0043/sld_syr0043_0109_f_054r.tif","109","discovery","f. 054r","Text","","ark:/21198/z1cc241z","ark:/21198/z1cc241z/dq783c48","Page","Images: Contact the Monastery of St. Catherine's of the Sinai. Metadata: Unless otherwise indicated all metadata associated with this manuscript is copyright the authors and released under Creative Commons Attribution 4.0 International License.  ","succeeded","https://iiif.sinaimanuscripts.library.ucla.edu/iiif/2/ark%3A%2F21198%2Fz1cc241z%2Fdq783c48",""
"Masters/sinaimasters/syr/syriac_0043/sld_syr0043_0110_f_054v.tif","110","discovery","f. 054v","Text","","ark:/21198/z1cc241z","ark:/21198/z1cc241z/2568026q","Page","Images: Contact the Monastery of St. Catherine's of the Sinai. Metadata: Unless otherwise indicated all metadata associated with this manuscript is copyright the authors and released under Creative Commons Attribution 4.0 International License.  ","succeeded","https://iiif.sinaimanuscripts.library.ucla.edu/iiif/2/ark%3A%2F21198%2Fz1cc241z%2F2568026q",""
"Masters/sinaimasters/syr/syriac_0043/sld_syr0043_0111_f_055r.tif","111","discovery","f. 055r","Text","","ark:/21198/z1cc241z","ark:/21198/z1cc241z/z3659j23","Page","Images: Contact the Monastery of St. Catherine's of the Sinai. Metadata: Unless otherwise indicated all metadata associated with this manuscript is copyright the authors and released under Creative Commons Attribution 4.0 International License.  ","succeeded","https://iiif.sinaimanuscripts.library.ucla.edu/iiif/2/ark%3A%2F21198%2Fz1cc241z%2Fz3659j23",""
"Masters/sinaimasters/syr/syriac_0043/sld_syr0043_0112_f_055v.tif","112","discovery","f. 055v","Text","","ark:/21198/z1cc241z","ark:/21198/z1cc241z/vs94bm0s","Page","Images: Contact the Monastery of St. Catherine's of the Sinai. Metadata: Unless otherwise indicated all metadata associated with this manuscript is copyright the authors and released under Creative Commons Attribution 4.0 International License.  ","succeeded","https://iiif.sinaimanuscripts.library.ucla.edu/iiif/2/ark%3A%2F21198%2Fz1cc241z%2Fvs94bm0s",""
"Masters/sinaimasters/syr/syriac_0043/sld_syr0043_0113_f_056r.tif","113","discovery","f. 056r","Text","","ark:/21198/z1cc241z","ark:/21198/z1cc241z/vk25pb5k","Page","Images: Contact the Monastery of St. Catherine's of the Sinai. Metadata: Unless otherwise indicated all metadata associated with this manuscript is copyright the authors and released under Creative Commons Attribution 4.0 International License.  ","succeeded","https://iiif.sinaimanuscripts.library.ucla.edu/iiif/2/ark%3A%2F21198%2Fz1cc241z%2Fvk25pb5k",""
"Masters/sinaimasters/syr/syriac_0043/sld_syr0043_0114_f_056v.tif","114","discovery","f. 056v","Text","","ark:/21198/z1cc241z","ark:/21198/z1cc241z/9c06zk8s","Page","Images: Contact the Monastery of St. Catherine's of the Sinai. Metadata: Unless otherwise indicated all metadata associated with this manuscript is copyright the authors and released under Creative Commons Attribution 4.0 International License.  ","succeeded","https://iiif.sinaimanuscripts.library.ucla.edu/iiif/2/ark%3A%2F21198%2Fz1cc241z%2F9c06zk8s",""
"Masters/sinaimasters/syr/syriac_0043/sld_syr0043_0115_f_057r.tif","115","discovery","f. 057r","Text","","ark:/21198/z1cc241z","ark:/21198/z1cc241z/6268jz6z","Page","Images: Contact the Monastery of St. Catherine's of the Sinai. Metadata: Unless otherwise indicated all metadata associated with this manuscript is copyright the authors and released under Creative Commons Attribution 4.0 International License.  ","succeeded","https://iiif.sinaimanuscripts.library.ucla.edu/iiif/2/ark%3A%2F21198%2Fz1cc241z%2F6268jz6z",""
"Masters/sinaimasters/syr/syriac_0043/sld_syr0043_0116_f_057v.tif","116","discovery","f. 057v","Text","","ark:/21198/z1cc241z","ark:/21198/z1cc241z/fk48gb1b","Page","Images: Contact the Monastery of St. Catherine's of the Sinai. Metadata: Unless otherwise indicated all metadata associated with this manuscript is copyright the authors and released under Creative Commons Attribution 4.0 International License.  ","succeeded","https://iiif.sinaimanuscripts.library.ucla.edu/iiif/2/ark%3A%2F21198%2Fz1cc241z%2Ffk48gb1b",""
"Masters/sinaimasters/syr/syriac_0043/sld_syr0043_0117_f_058r.tif","117","discovery","f. 058r","Text","","ark:/21198/z1cc241z","ark:/21198/z1cc241z/1158wc61","Page","Images: Contact the Monastery of St. Catherine's of the Sinai. Metadata: Unless otherwise indicated all metadata associated with this manuscript is copyright the authors and released under Creative Commons Attribution 4.0 International License.  ","succeeded","https://iiif.sinaimanuscripts.library.ucla.edu/iiif/2/ark%3A%2F21198%2Fz1cc241z%2F1158wc61",""
"Masters/sinaimasters/syr/syriac_0043/sld_syr0043_0118_f_058v.tif","118","discovery","f. 058v","Text","","ark:/21198/z1cc241z","ark:/21198/z1cc241z/0k12z97t","Page","Images: Contact the Monastery of St. Catherine's of the Sinai. Metadata: Unless otherwise indicated all metadata associated with this manuscript is copyright the authors and released under Creative Commons Attribution 4.0 International License.  ","succeeded","https://iiif.sinaimanuscripts.library.ucla.edu/iiif/2/ark%3A%2F21198%2Fz1cc241z%2F0k12z97t",""
"Masters/sinaimasters/syr/syriac_0043/sld_syr0043_0119_f_059r.tif","119","discovery","f. 059r","Text","","ark:/21198/z1cc241z","ark:/21198/z1cc241z/zd62zd63","Page","Images: Contact the Monastery of St. Catherine's of the Sinai. Metadata: Unless otherwise indicated all metadata associated with this manuscript is copyright the authors and released under Creative Commons Attribution 4.0 International License.  ","succeeded","https://iiif.sinaimanuscripts.library.ucla.edu/iiif/2/ark%3A%2F21198%2Fz1cc241z%2Fzd62zd63",""
"Masters/sinaimasters/syr/syriac_0043/sld_syr0043_0120_f_059v.tif","120","discovery","f. 059v","Text","","ark:/21198/z1cc241z","ark:/21198/z1cc241z/m469239w","Page","Images: Contact the Monastery of St. Catherine's of the Sinai. Metadata: Unless otherwise indicated all metadata associated with this manuscript is copyright the authors and released under Creative Commons Attribution 4.0 International License.  ","succeeded","https://iiif.sinaimanuscripts.library.ucla.edu/iiif/2/ark%3A%2F21198%2Fz1cc241z%2Fm469239w",""
"Masters/sinaimasters/syr/syriac_0043/sld_syr0043_0121_f_060r.tif","121","discovery","f. 060r","Text","","ark:/21198/z1cc241z","ark:/21198/z1cc241z/5n47bz8r","Page","Images: Contact the Monastery of St. Catherine's of the Sinai. Metadata: Unless otherwise indicated all metadata associated with this manuscript is copyright the authors and released under Creative Commons Attribution 4.0 International License.  ","succeeded","https://iiif.sinaimanuscripts.library.ucla.edu/iiif/2/ark%3A%2F21198%2Fz1cc241z%2F5n47bz8r",""
"Masters/sinaimasters/syr/syriac_0043/sld_syr0043_0122_f_060v.tif","122","discovery","f. 060v","Text","","ark:/21198/z1cc241z","ark:/21198/z1cc241z/mr696g43","Page","Images: Contact the Monastery of St. Catherine's of the Sinai. Metadata: Unless otherwise indicated all metadata associated with this manuscript is copyright the authors and released under Creative Commons Attribution 4.0 International License.  ","succeeded","https://iiif.sinaimanuscripts.library.ucla.edu/iiif/2/ark%3A%2F21198%2Fz1cc241z%2Fmr696g43",""
"Masters/sinaimasters/syr/syriac_0043/sld_syr0043_0123_f_061r.tif","123","discovery","f. 061r","Text","","ark:/21198/z1cc241z","ark:/21198/z1cc241z/5p62n556","Page","Images: Contact the Monastery of St. Catherine's of the Sinai. Metadata: Unless otherwise indicated all metadata associated with this manuscript is copyright the authors and released under Creative Commons Attribution 4.0 International License.  ","succeeded","https://iiif.sinaimanuscripts.library.ucla.edu/iiif/2/ark%3A%2F21198%2Fz1cc241z%2F5p62n556",""
"Masters/sinaimasters/syr/syriac_0043/sld_syr0043_0124_f_061v.tif","124","discovery","f. 061v","Text","","ark:/21198/z1cc241z","ark:/21198/z1cc241z/kk40fd03","Page","Images: Contact the Monastery of St. Catherine's of the Sinai. Metadata: Unless otherwise indicated all metadata associated with this manuscript is copyright the authors and released under Creative Commons Attribution 4.0 International License.  ","succeeded","https://iiif.sinaimanuscripts.library.ucla.edu/iiif/2/ark%3A%2F21198%2Fz1cc241z%2Fkk40fd03",""
"Masters/sinaimasters/syr/syriac_0043/sld_syr0043_0125_f_062r.tif","125","discovery","f. 062r","Text","","ark:/21198/z1cc241z","ark:/21198/z1cc241z/s194z13b","Page","Images: Contact the Monastery of St. Catherine's of the Sinai. Metadata: Unless otherwise indicated all metadata associated with this manuscript is copyright the authors and released under Creative Commons Attribution 4.0 International License.  ","succeeded","https://iiif.sinaimanuscripts.library.ucla.edu/iiif/2/ark%3A%2F21198%2Fz1cc241z%2Fs194z13b",""
"Masters/sinaimasters/syr/syriac_0043/sld_syr0043_0126_f_062v.tif","126","discovery","f. 062v","Text","","ark:/21198/z1cc241z","ark:/21198/z1cc241z/pm535q3v","Page","Images: Contact the Monastery of St. Catherine's of the Sinai. Metadata: Unless otherwise indicated all metadata associated with this manuscript is copyright the authors and released under Creative Commons Attribution 4.0 International License.  ","succeeded","https://iiif.sinaimanuscripts.library.ucla.edu/iiif/2/ark%3A%2F21198%2Fz1cc241z%2Fpm535q3v",""
"Masters/sinaimasters/syr/syriac_0043/sld_syr0043_0127_f_063r.tif","127","discovery","f. 063r","Text","","ark:/21198/z1cc241z","ark:/21198/z1cc241z/kw18rx01","Page","Images: Contact the Monastery of St. Catherine's of the Sinai. Metadata: Unless otherwise indicated all metadata associated with this manuscript is copyright the authors and released under Creative Commons Attribution 4.0 International License.  ","succeeded","https://iiif.sinaimanuscripts.library.ucla.edu/iiif/2/ark%3A%2F21198%2Fz1cc241z%2Fkw18rx01",""
"Masters/sinaimasters/syr/syriac_0043/sld_syr0043_0128_f_063v.tif","128","discovery","f. 063v","Text","","ark:/21198/z1cc241z","ark:/21198/z1cc241z/cw01q15z","Page","Images: Contact the Monastery of St. Catherine's of the Sinai. Metadata: Unless otherwise indicated all metadata associated with this manuscript is copyright the authors and released under Creative Commons Attribution 4.0 International License.  ","succeeded","https://iiif.sinaimanuscripts.library.ucla.edu/iiif/2/ark%3A%2F21198%2Fz1cc241z%2Fcw01q15z",""
"Masters/sinaimasters/syr/syriac_0043/sld_syr0043_0129_f_064r.tif","129","discovery","f. 064r","Text","","ark:/21198/z1cc241z","ark:/21198/z1cc241z/sz58c99h","Page","Images: Contact the Monastery of St. Catherine's of the Sinai. Metadata: Unless otherwise indicated all metadata associated with this manuscript is copyright the authors and released under Creative Commons Attribution 4.0 International License.  ","succeeded","https://iiif.sinaimanuscripts.library.ucla.edu/iiif/2/ark%3A%2F21198%2Fz1cc241z%2Fsz58c99h",""
"Masters/sinaimasters/syr/syriac_0043/sld_syr0043_0130_f_064v.tif","130","discovery","f. 064v","Text","","ark:/21198/z1cc241z","ark:/21198/z1cc241z/k3672g6r","Page","Images: Contact the Monastery of St. Catherine's of the Sinai. Metadata: Unless otherwise indicated all metadata associated with this manuscript is copyright the authors and released under Creative Commons Attribution 4.0 International License.  ","succeeded","https://iiif.sinaimanuscripts.library.ucla.edu/iiif/2/ark%3A%2F21198%2Fz1cc241z%2Fk3672g6r",""
"Masters/sinaimasters/syr/syriac_0043/sld_syr0043_0131_f_065r.tif","131","discovery","f. 065r","Text","","ark:/21198/z1cc241z","ark:/21198/z1cc241z/nk55kc9z","Page","Images: Contact the Monastery of St. Catherine's of the Sinai. Metadata: Unless otherwise indicated all metadata associated with this manuscript is copyright the authors and released under Creative Commons Attribution 4.0 International License.  ","succeeded","https://iiif.sinaimanuscripts.library.ucla.edu/iiif/2/ark%3A%2F21198%2Fz1cc241z%2Fnk55kc9z",""
"Masters/sinaimasters/syr/syriac_0043/sld_syr0043_0132_f_065v.tif","132","discovery","f. 065v","Text","","ark:/21198/z1cc241z","ark:/21198/z1cc241z/dw53xb1n","Page","Images: Contact the Monastery of St. Catherine's of the Sinai. Metadata: Unless otherwise indicated all metadata associated with this manuscript is copyright the authors and released under Creative Commons Attribution 4.0 International License.  ","succeeded","https://iiif.sinaimanuscripts.library.ucla.edu/iiif/2/ark%3A%2F21198%2Fz1cc241z%2Fdw53xb1n",""
"Masters/sinaimasters/syr/syriac_0043/sld_syr0043_0133_f_066r.tif","133","discovery","f. 066r","Text","","ark:/21198/z1cc241z","ark:/21198/z1cc241z/rc54926n","Page","Images: Contact the Monastery of St. Catherine's of the Sinai. Metadata: Unless otherwise indicated all metadata associated with this manuscript is copyright the authors and released under Creative Commons Attribution 4.0 International License.  ","succeeded","https://iiif.sinaimanuscripts.library.ucla.edu/iiif/2/ark%3A%2F21198%2Fz1cc241z%2Frc54926n",""
"Masters/sinaimasters/syr/syriac_0043/sld_syr0043_0134_f_066v.tif","134","discovery","f. 066v","Text","","ark:/21198/z1cc241z","ark:/21198/z1cc241z/f289pc5q","Page","Images: Contact the Monastery of St. Catherine's of the Sinai. Metadata: Unless otherwise indicated all metadata associated with this manuscript is copyright the authors and released under Creative Commons Attribution 4.0 International License.  ","succeeded","https://iiif.sinaimanuscripts.library.ucla.edu/iiif/2/ark%3A%2F21198%2Fz1cc241z%2Ff289pc5q",""
"Masters/sinaimasters/syr/syriac_0043/sld_syr0043_0135_f_067r.tif","135","discovery","f. 067r","Text","","ark:/21198/z1cc241z","ark:/21198/z1cc241z/ff924927","Page","Images: Contact the Monastery of St. Catherine's of the Sinai. Metadata: Unless otherwise indicated all metadata associated with this manuscript is copyright the authors and released under Creative Commons Attribution 4.0 International License.  ","succeeded","https://iiif.sinaimanuscripts.library.ucla.edu/iiif/2/ark%3A%2F21198%2Fz1cc241z%2Fff924927",""
"Masters/sinaimasters/syr/syriac_0043/sld_syr0043_0136_f_067v.tif","136","discovery","f. 067v","Text","","ark:/21198/z1cc241z","ark:/21198/z1cc241z/6t92t22s","Page","Images: Contact the Monastery of St. Catherine's of the Sinai. Metadata: Unless otherwise indicated all metadata associated with this manuscript is copyright the authors and released under Creative Commons Attribution 4.0 International License.  ","succeeded","https://iiif.sinaimanuscripts.library.ucla.edu/iiif/2/ark%3A%2F21198%2Fz1cc241z%2F6t92t22s",""
"Masters/sinaimasters/syr/syriac_0043/sld_syr0043_0137_f_068r.tif","137","discovery","f. 068r","Text","","ark:/21198/z1cc241z","ark:/21198/z1cc241z/f704vv36","Page","Images: Contact the Monastery of St. Catherine's of the Sinai. Metadata: Unless otherwise indicated all metadata associated with this manuscript is copyright the authors and released under Creative Commons Attribution 4.0 International License.  ","succeeded","https://iiif.sinaimanuscripts.library.ucla.edu/iiif/2/ark%3A%2F21198%2Fz1cc241z%2Ff704vv36",""
"Masters/sinaimasters/syr/syriac_0043/sld_syr0043_0138_f_068v.tif","138","discovery","f. 068v","Text","","ark:/21198/z1cc241z","ark:/21198/z1cc241z/zr77j71p","Page","Images: Contact the Monastery of St. Catherine's of the Sinai. Metadata: Unless otherwise indicated all metadata associated with this manuscript is copyright the authors and released under Creative Commons Attribution 4.0 International License.  ","succeeded","https://iiif.sinaimanuscripts.library.ucla.edu/iiif/2/ark%3A%2F21198%2Fz1cc241z%2Fzr77j71p",""
"Masters/sinaimasters/syr/syriac_0043/sld_syr0043_0139_f_069r.tif","139","discovery","f. 069r","Text","","ark:/21198/z1cc241z","ark:/21198/z1cc241z/8x08pb8w","Page","Images: Contact the Monastery of St. Catherine's of the Sinai. Metadata: Unless otherwise indicated all metadata associated with this manuscript is copyright the authors and released under Creative Commons Attribution 4.0 International License.  ","succeeded","https://iiif.sinaimanuscripts.library.ucla.edu/iiif/2/ark%3A%2F21198%2Fz1cc241z%2F8x08pb8w",""
"Masters/sinaimasters/syr/syriac_0043/sld_syr0043_0140_f_069v.tif","140","discovery","f. 069v","Text","","ark:/21198/z1cc241z","ark:/21198/z1cc241z/h3187h24","Page","Images: Contact the Monastery of St. Catherine's of the Sinai. Metadata: Unless otherwise indicated all metadata associated with this manuscript is copyright the authors and released under Creative Commons Attribution 4.0 International License.  ","succeeded","https://iiif.sinaimanuscripts.library.ucla.edu/iiif/2/ark%3A%2F21198%2Fz1cc241z%2Fh3187h24",""
"Masters/sinaimasters/syr/syriac_0043/sld_syr0043_0141_f_070r.tif","141","discovery","f. 070r","Text","","ark:/21198/z1cc241z","ark:/21198/z1cc241z/5196dm4b","Page","Images: Contact the Monastery of St. Catherine's of the Sinai. Metadata: Unless otherwise indicated all metadata associated with this manuscript is copyright the authors and released under Creative Commons Attribution 4.0 International License.  ","succeeded","https://iiif.sinaimanuscripts.library.ucla.edu/iiif/2/ark%3A%2F21198%2Fz1cc241z%2F5196dm4b",""
"Masters/sinaimasters/syr/syriac_0043/sld_syr0043_0142_f_070v.tif","142","discovery","f. 070v","Text","","ark:/21198/z1cc241z","ark:/21198/z1cc241z/f024kk8w","Page","Images: Contact the Monastery of St. Catherine's of the Sinai. Metadata: Unless otherwise indicated all metadata associated with this manuscript is copyright the authors and released under Creative Commons Attribution 4.0 International License.  ","succeeded","https://iiif.sinaimanuscripts.library.ucla.edu/iiif/2/ark%3A%2F21198%2Fz1cc241z%2Ff024kk8w",""
"Masters/sinaimasters/syr/syriac_0043/sld_syr0043_0143_f_071r.tif","143","discovery","f. 071r","Text","","ark:/21198/z1cc241z","ark:/21198/z1cc241z/gp74n161","Page","Images: Contact the Monastery of St. Catherine's of the Sinai. Metadata: Unless otherwise indicated all metadata associated with this manuscript is copyright the authors and released under Creative Commons Attribution 4.0 International License.  ","succeeded","https://iiif.sinaimanuscripts.library.ucla.edu/iiif/2/ark%3A%2F21198%2Fz1cc241z%2Fgp74n161",""
"Masters/sinaimasters/syr/syriac_0043/sld_syr0043_0144_f_071v.tif","144","discovery","f. 071v","Text","","ark:/21198/z1cc241z","ark:/21198/z1cc241z/4g169289","Page","Images: Contact the Monastery of St. Catherine's of the Sinai. Metadata: Unless otherwise indicated all metadata associated with this manuscript is copyright the authors and released under Creative Commons Attribution 4.0 International License.  ","succeeded","https://iiif.sinaimanuscripts.library.ucla.edu/iiif/2/ark%3A%2F21198%2Fz1cc241z%2F4g169289",""
"Masters/sinaimasters/syr/syriac_0043/sld_syr0043_0145_f_072r.tif","145","discovery","f. 072r","Text","","ark:/21198/z1cc241z","ark:/21198/z1cc241z/45655x4b","Page","Images: Contact the Monastery of St. Catherine's of the Sinai. Metadata: Unless otherwise indicated all metadata associated with this manuscript is copyright the authors and released under Creative Commons Attribution 4.0 International License.  ","succeeded","https://iiif.sinaimanuscripts.library.ucla.edu/iiif/2/ark%3A%2F21198%2Fz1cc241z%2F45655x4b",""
"Masters/sinaimasters/syr/syriac_0043/sld_syr0043_0146_f_072v.tif","146","discovery","f. 072v","Text","","ark:/21198/z1cc241z","ark:/21198/z1cc241z/0s133b74","Page","Images: Contact the Monastery of St. Catherine's of the Sinai. Metadata: Unless otherwise indicated all metadata associated with this manuscript is copyright the authors and released under Creative Commons Attribution 4.0 International License.  ","succeeded","https://iiif.sinaimanuscripts.library.ucla.edu/iiif/2/ark%3A%2F21198%2Fz1cc241z%2F0s133b74",""
"Masters/sinaimasters/syr/syriac_0043/sld_syr0043_0147_f_073r.tif","147","discovery","f. 073r","Text","","ark:/21198/z1cc241z","ark:/21198/z1cc241z/td06sj0t","Page","Images: Contact the Monastery of St. Catherine's of the Sinai. Metadata: Unless otherwise indicated all metadata associated with this manuscript is copyright the authors and released under Creative Commons Attribution 4.0 International License.  ","succeeded","https://iiif.sinaimanuscripts.library.ucla.edu/iiif/2/ark%3A%2F21198%2Fz1cc241z%2Ftd06sj0t",""
"Masters/sinaimasters/syr/syriac_0043/sld_syr0043_0148_f_073v.tif","148","discovery","f. 073v","Text","","ark:/21198/z1cc241z","ark:/21198/z1cc241z/7s937n7d","Page","Images: Contact the Monastery of St. Catherine's of the Sinai. Metadata: Unless otherwise indicated all metadata associated with this manuscript is copyright the authors and released under Creative Commons Attribution 4.0 International License.  ","succeeded","https://iiif.sinaimanuscripts.library.ucla.edu/iiif/2/ark%3A%2F21198%2Fz1cc241z%2F7s937n7d",""
"Masters/sinaimasters/syr/syriac_0043/sld_syr0043_0149_f_074r.tif","149","discovery","f. 074r","Text","","ark:/21198/z1cc241z","ark:/21198/z1cc241z/6j43kc6r","Page","Images: Contact the Monastery of St. Catherine's of the Sinai. Metadata: Unless otherwise indicated all metadata associated with this manuscript is copyright the authors and released under Creative Commons Attribution 4.0 International License.  ","succeeded","https://iiif.sinaimanuscripts.library.ucla.edu/iiif/2/ark%3A%2F21198%2Fz1cc241z%2F6j43kc6r",""
"Masters/sinaimasters/syr/syriac_0043/sld_syr0043_0150_f_074v.tif","150","discovery","f. 074v","Text","","ark:/21198/z1cc241z","ark:/21198/z1cc241z/1j68xz1r","Page","Images: Contact the Monastery of St. Catherine's of the Sinai. Metadata: Unless otherwise indicated all metadata associated with this manuscript is copyright the authors and released under Creative Commons Attribution 4.0 International License.  ","succeeded","https://iiif.sinaimanuscripts.library.ucla.edu/iiif/2/ark%3A%2F21198%2Fz1cc241z%2F1j68xz1r",""
"Masters/sinaimasters/syr/syriac_0043/sld_syr0043_0151_f_075r.tif","151","discovery","f. 075r","Text","","ark:/21198/z1cc241z","ark:/21198/z1cc241z/p572qq9n","Page","Images: Contact the Monastery of St. Catherine's of the Sinai. Metadata: Unless otherwise indicated all metadata associated with this manuscript is copyright the authors and released under Creative Commons Attribution 4.0 International License.  ","succeeded","https://iiif.sinaimanuscripts.library.ucla.edu/iiif/2/ark%3A%2F21198%2Fz1cc241z%2Fp572qq9n",""
"Masters/sinaimasters/syr/syriac_0043/sld_syr0043_0152_f_075v.tif","152","discovery","f. 075v","Text","","ark:/21198/z1cc241z","ark:/21198/z1cc241z/hz59cq34","Page","Images: Contact the Monastery of St. Catherine's of the Sinai. Metadata: Unless otherwise indicated all metadata associated with this manuscript is copyright the authors and released under Creative Commons Attribution 4.0 International License.  ","succeeded","https://iiif.sinaimanuscripts.library.ucla.edu/iiif/2/ark%3A%2F21198%2Fz1cc241z%2Fhz59cq34",""
"Masters/sinaimasters/syr/syriac_0043/sld_syr0043_0153_f_076r.tif","153","discovery","f. 076r","Text","","ark:/21198/z1cc241z","ark:/21198/z1cc241z/rk288n78","Page","Images: Contact the Monastery of St. Catherine's of the Sinai. Metadata: Unless otherwise indicated all metadata associated with this manuscript is copyright the authors and released under Creative Commons Attribution 4.0 International License.  ","succeeded","https://iiif.sinaimanuscripts.library.ucla.edu/iiif/2/ark%3A%2F21198%2Fz1cc241z%2Frk288n78",""
"Masters/sinaimasters/syr/syriac_0043/sld_syr0043_0154_f_076v.tif","154","discovery","f. 076v","Text","","ark:/21198/z1cc241z","ark:/21198/z1cc241z/ds693f91","Page","Images: Contact the Monastery of St. Catherine's of the Sinai. Metadata: Unless otherwise indicated all metadata associated with this manuscript is copyright the authors and released under Creative Commons Attribution 4.0 International License.  ","succeeded","https://iiif.sinaimanuscripts.library.ucla.edu/iiif/2/ark%3A%2F21198%2Fz1cc241z%2Fds693f91",""
"Masters/sinaimasters/syr/syriac_0043/sld_syr0043_0155_f_077r.tif","155","discovery","f. 077r","Text","","ark:/21198/z1cc241z","ark:/21198/z1cc241z/x4422m03","Page","Images: Contact the Monastery of St. Catherine's of the Sinai. Metadata: Unless otherwise indicated all metadata associated with this manuscript is copyright the authors and released under Creative Commons Attribution 4.0 International License.  ","succeeded","https://iiif.sinaimanuscripts.library.ucla.edu/iiif/2/ark%3A%2F21198%2Fz1cc241z%2Fx4422m03",""
"Masters/sinaimasters/syr/syriac_0043/sld_syr0043_0156_f_077v.tif","156","discovery","f. 077v","Text","","ark:/21198/z1cc241z","ark:/21198/z1cc241z/f8744m99","Page","Images: Contact the Monastery of St. Catherine's of the Sinai. Metadata: Unless otherwise indicated all metadata associated with this manuscript is copyright the authors and released under Creative Commons Attribution 4.0 International License.  ","succeeded","https://iiif.sinaimanuscripts.library.ucla.edu/iiif/2/ark%3A%2F21198%2Fz1cc241z%2Ff8744m99",""
"Masters/sinaimasters/syr/syriac_0043/sld_syr0043_0157_f_078r.tif","157","discovery","f. 078r","Text","","ark:/21198/z1cc241z","ark:/21198/z1cc241z/7c494w3x","Page","Images: Contact the Monastery of St. Catherine's of the Sinai. Metadata: Unless otherwise indicated all metadata associated with this manuscript is copyright the authors and released under Creative Commons Attribution 4.0 International License.  ","succeeded","https://iiif.sinaimanuscripts.library.ucla.edu/iiif/2/ark%3A%2F21198%2Fz1cc241z%2F7c494w3x",""
"Masters/sinaimasters/syr/syriac_0043/sld_syr0043_0158_f_078v.tif","158","discovery","f. 078v","Text","","ark:/21198/z1cc241z","ark:/21198/z1cc241z/41016431","Page","Images: Contact the Monastery of St. Catherine's of the Sinai. Metadata: Unless otherwise indicated all metadata associated with this manuscript is copyright the authors and released under Creative Commons Attribution 4.0 International License.  ","succeeded","https://iiif.sinaimanuscripts.library.ucla.edu/iiif/2/ark%3A%2F21198%2Fz1cc241z%2F41016431",""
"Masters/sinaimasters/syr/syriac_0043/sld_syr0043_0159_f_079r.tif","159","discovery","f. 079r","Text","","ark:/21198/z1cc241z","ark:/21198/z1cc241z/7z50r04g","Page","Images: Contact the Monastery of St. Catherine's of the Sinai. Metadata: Unless otherwise indicated all metadata associated with this manuscript is copyright the authors and released under Creative Commons Attribution 4.0 International License.  ","succeeded","https://iiif.sinaimanuscripts.library.ucla.edu/iiif/2/ark%3A%2F21198%2Fz1cc241z%2F7z50r04g",""
"Masters/sinaimasters/syr/syriac_0043/sld_syr0043_0160_f_079v.tif","160","discovery","f. 079v","Text","","ark:/21198/z1cc241z","ark:/21198/z1cc241z/st30rq2q","Page","Images: Contact the Monastery of St. Catherine's of the Sinai. Metadata: Unless otherwise indicated all metadata associated with this manuscript is copyright the authors and released under Creative Commons Attribution 4.0 International License.  ","succeeded","https://iiif.sinaimanuscripts.library.ucla.edu/iiif/2/ark%3A%2F21198%2Fz1cc241z%2Fst30rq2q",""
"Masters/sinaimasters/syr/syriac_0043/sld_syr0043_0161_f_080r.tif","161","discovery","f. 080r","Text","","ark:/21198/z1cc241z","ark:/21198/z1cc241z/vh102r64","Page","Images: Contact the Monastery of St. Catherine's of the Sinai. Metadata: Unless otherwise indicated all metadata associated with this manuscript is copyright the authors and released under Creative Commons Attribution 4.0 International License.  ","succeeded","https://iiif.sinaimanuscripts.library.ucla.edu/iiif/2/ark%3A%2F21198%2Fz1cc241z%2Fvh102r64",""
"Masters/sinaimasters/syr/syriac_0043/sld_syr0043_0162_f_080v.tif","162","discovery","f. 080v","Text","","ark:/21198/z1cc241z","ark:/21198/z1cc241z/dz26qn72","Page","Images: Contact the Monastery of St. Catherine's of the Sinai. Metadata: Unless otherwise indicated all metadata associated with this manuscript is copyright the authors and released under Creative Commons Attribution 4.0 International License.  ","succeeded","https://iiif.sinaimanuscripts.library.ucla.edu/iiif/2/ark%3A%2F21198%2Fz1cc241z%2Fdz26qn72",""
"Masters/sinaimasters/syr/syriac_0043/sld_syr0043_0163_f_081r.tif","163","discovery","f. 081r","Text","","ark:/21198/z1cc241z","ark:/21198/z1cc241z/0x45133h","Page","Images: Contact the Monastery of St. Catherine's of the Sinai. Metadata: Unless otherwise indicated all metadata associated with this manuscript is copyright the authors and released under Creative Commons Attribution 4.0 International License.  ","succeeded","https://iiif.sinaimanuscripts.library.ucla.edu/iiif/2/ark%3A%2F21198%2Fz1cc241z%2F0x45133h",""
"Masters/sinaimasters/syr/syriac_0043/sld_syr0043_0164_f_081v.tif","164","discovery","f. 081v","Text","","ark:/21198/z1cc241z","ark:/21198/z1cc241z/7f92rh4z","Page","Images: Contact the Monastery of St. Catherine's of the Sinai. Metadata: Unless otherwise indicated all metadata associated with this manuscript is copyright the authors and released under Creative Commons Attribution 4.0 International License.  ","succeeded","https://iiif.sinaimanuscripts.library.ucla.edu/iiif/2/ark%3A%2F21198%2Fz1cc241z%2F7f92rh4z",""
"Masters/sinaimasters/syr/syriac_0043/sld_syr0043_0165_f_082r.tif","165","discovery","f. 082r","Text","","ark:/21198/z1cc241z","ark:/21198/z1cc241z/km074g7j","Page","Images: Contact the Monastery of St. Catherine's of the Sinai. Metadata: Unless otherwise indicated all metadata associated with this manuscript is copyright the authors and released under Creative Commons Attribution 4.0 International License.  ","succeeded","https://iiif.sinaimanuscripts.library.ucla.edu/iiif/2/ark%3A%2F21198%2Fz1cc241z%2Fkm074g7j",""
"Masters/sinaimasters/syr/syriac_0043/sld_syr0043_0166_f_082v.tif","166","discovery","f. 082v","Text","","ark:/21198/z1cc241z","ark:/21198/z1cc241z/0651wv5g","Page","Images: Contact the Monastery of St. Catherine's of the Sinai. Metadata: Unless otherwise indicated all metadata associated with this manuscript is copyright the authors and released under Creative Commons Attribution 4.0 International License.  ","succeeded","https://iiif.sinaimanuscripts.library.ucla.edu/iiif/2/ark%3A%2F21198%2Fz1cc241z%2F0651wv5g",""
"Masters/sinaimasters/syr/syriac_0043/sld_syr0043_0167_f_083r.tif","167","discovery","f. 083r","Text","","ark:/21198/z1cc241z","ark:/21198/z1cc241z/5266w02b","Page","Images: Contact the Monastery of St. Catherine's of the Sinai. Metadata: Unless otherwise indicated all metadata associated with this manuscript is copyright the authors and released under Creative Commons Attribution 4.0 International License.  ","succeeded","https://iiif.sinaimanuscripts.library.ucla.edu/iiif/2/ark%3A%2F21198%2Fz1cc241z%2F5266w02b",""
"Masters/sinaimasters/syr/syriac_0043/sld_syr0043_0168_f_083v.tif","168","discovery","f. 083v","Text","","ark:/21198/z1cc241z","ark:/21198/z1cc241z/7x196d5j","Page","Images: Contact the Monastery of St. Catherine's of the Sinai. Metadata: Unless otherwise indicated all metadata associated with this manuscript is copyright the authors and released under Creative Commons Attribution 4.0 International License.  ","succeeded","https://iiif.sinaimanuscripts.library.ucla.edu/iiif/2/ark%3A%2F21198%2Fz1cc241z%2F7x196d5j",""
"Masters/sinaimasters/syr/syriac_0043/sld_syr0043_0169_f_084r.tif","169","discovery","f. 084r","Text","","ark:/21198/z1cc241z","ark:/21198/z1cc241z/6r222q4x","Page","Images: Contact the Monastery of St. Catherine's of the Sinai. Metadata: Unless otherwise indicated all metadata associated with this manuscript is copyright the authors and released under Creative Commons Attribution 4.0 International License.  ","succeeded","https://iiif.sinaimanuscripts.library.ucla.edu/iiif/2/ark%3A%2F21198%2Fz1cc241z%2F6r222q4x",""
"Masters/sinaimasters/syr/syriac_0043/sld_syr0043_0170_f_084v.tif","170","discovery","f. 084v","Text","","ark:/21198/z1cc241z","ark:/21198/z1cc241z/65617m2n","Page","Images: Contact the Monastery of St. Catherine's of the Sinai. Metadata: Unless otherwise indicated all metadata associated with this manuscript is copyright the authors and released under Creative Commons Attribution 4.0 International License.  ","succeeded","https://iiif.sinaimanuscripts.library.ucla.edu/iiif/2/ark%3A%2F21198%2Fz1cc241z%2F65617m2n",""
"Masters/sinaimasters/syr/syriac_0043/sld_syr0043_0171_f_085r.tif","171","discovery","f. 085r","Text","","ark:/21198/z1cc241z","ark:/21198/z1cc241z/5g74223m","Page","Images: Contact the Monastery of St. Catherine's of the Sinai. Metadata: Unless otherwise indicated all metadata associated with this manuscript is copyright the authors and released under Creative Commons Attribution 4.0 International License.  ","succeeded","https://iiif.sinaimanuscripts.library.ucla.edu/iiif/2/ark%3A%2F21198%2Fz1cc241z%2F5g74223m",""
"Masters/sinaimasters/syr/syriac_0043/sld_syr0043_0172_f_085v.tif","172","discovery","f. 085v","Text","","ark:/21198/z1cc241z","ark:/21198/z1cc241z/1c83r81v","Page","Images: Contact the Monastery of St. Catherine's of the Sinai. Metadata: Unless otherwise indicated all metadata associated with this manuscript is copyright the authors and released under Creative Commons Attribution 4.0 International License.  ","succeeded","https://iiif.sinaimanuscripts.library.ucla.edu/iiif/2/ark%3A%2F21198%2Fz1cc241z%2F1c83r81v",""
"Masters/sinaimasters/syr/syriac_0043/sld_syr0043_0173_f_086r.tif","173","discovery","f. 086r","Text","","ark:/21198/z1cc241z","ark:/21198/z1cc241z/rj78gn0g","Page","Images: Contact the Monastery of St. Catherine's of the Sinai. Metadata: Unless otherwise indicated all metadata associated with this manuscript is copyright the authors and released under Creative Commons Attribution 4.0 International License.  ","succeeded","https://iiif.sinaimanuscripts.library.ucla.edu/iiif/2/ark%3A%2F21198%2Fz1cc241z%2Frj78gn0g",""
"Masters/sinaimasters/syr/syriac_0043/sld_syr0043_0174_f_086v.tif","174","discovery","f. 086v","Text","","ark:/21198/z1cc241z","ark:/21198/z1cc241z/hd83ww6c","Page","Images: Contact the Monastery of St. Catherine's of the Sinai. Metadata: Unless otherwise indicated all metadata associated with this manuscript is copyright the authors and released under Creative Commons Attribution 4.0 International License.  ","succeeded","https://iiif.sinaimanuscripts.library.ucla.edu/iiif/2/ark%3A%2F21198%2Fz1cc241z%2Fhd83ww6c",""
"Masters/sinaimasters/syr/syriac_0043/sld_syr0043_0175_f_087r.tif","175","discovery","f. 087r","Text","","ark:/21198/z1cc241z","ark:/21198/z1cc241z/3p30p81k","Page","Images: Contact the Monastery of St. Catherine's of the Sinai. Metadata: Unless otherwise indicated all metadata associated with this manuscript is copyright the authors and released under Creative Commons Attribution 4.0 International License.  ","succeeded","https://iiif.sinaimanuscripts.library.ucla.edu/iiif/2/ark%3A%2F21198%2Fz1cc241z%2F3p30p81k",""
"Masters/sinaimasters/syr/syriac_0043/sld_syr0043_0176_f_087v.tif","176","discovery","f. 087v","Text","","ark:/21198/z1cc241z","ark:/21198/z1cc241z/57236n1w","Page","Images: Contact the Monastery of St. Catherine's of the Sinai. Metadata: Unless otherwise indicated all metadata associated with this manuscript is copyright the authors and released under Creative Commons Attribution 4.0 International License.  ","succeeded","https://iiif.sinaimanuscripts.library.ucla.edu/iiif/2/ark%3A%2F21198%2Fz1cc241z%2F57236n1w",""
"Masters/sinaimasters/syr/syriac_0043/sld_syr0043_0177_y_999.tif","177","discovery","Back Board Inside","Back matter","","ark:/21198/z1cc241z","ark:/21198/z1cc241z/db092k0v","Page","Images: Contact the Monastery of St. Catherine's of the Sinai. Metadata: Unless otherwise indicated all metadata associated with this manuscript is copyright the authors and released under Creative Commons Attribution 4.0 International License.  ","succeeded","https://iiif.sinaimanuscripts.library.ucla.edu/iiif/2/ark%3A%2F21198%2Fz1cc241z%2Fdb092k0v",""
"Masters/sinaimasters/syr/syriac_0043/sld_syr0043_0178_z_1.tif","178","discovery","Back Board Outside","Back matter","","ark:/21198/z1cc241z","ark:/21198/z1cc241z/gp41br40","Page","Images: Contact the Monastery of St. Catherine's of the Sinai. Metadata: Unless otherwise indicated all metadata associated with this manuscript is copyright the authors and released under Creative Commons Attribution 4.0 International License.  ","succeeded","https://iiif.sinaimanuscripts.library.ucla.edu/iiif/2/ark%3A%2F21198%2Fz1cc241z%2Fgp41br40",""
"Masters/sinaimasters/syr/syriac_0043/sld_syr0043_0179_z_2.tif","179","discovery","Spine","","","ark:/21198/z1cc241z","ark:/21198/z1cc241z/6j87zq5g","Page","Images: Contact the Monastery of St. Catherine's of the Sinai. Metadata: Unless otherwise indicated all metadata associated with this manuscript is copyright the authors and released under Creative Commons Attribution 4.0 International License.  ","succeeded","https://iiif.sinaimanuscripts.library.ucla.edu/iiif/2/ark%3A%2F21198%2Fz1cc241z%2F6j87zq5g",""
"Masters/sinaimasters/syr/syriac_0043/sld_syr0043_0180_z_3.tif","180","discovery","Fore edge","","","ark:/21198/z1cc241z","ark:/21198/z1cc241z/0h26cb2t","Page","Images: Contact the Monastery of St. Catherine's of the Sinai. Metadata: Unless otherwise indicated all metadata associated with this manuscript is copyright the authors and released under Creative Commons Attribution 4.0 International License.  ","succeeded","https://iiif.sinaimanuscripts.library.ucla.edu/iiif/2/ark%3A%2F21198%2Fz1cc241z%2F0h26cb2t",""
"Masters/sinaimasters/syr/syriac_0043/sld_syr0043_0181_z_4.tif","181","discovery","Head","","","ark:/21198/z1cc241z","ark:/21198/z1cc241z/36029m4q","Page","Images: Contact the Monastery of St. Catherine's of the Sinai. Metadata: Unless otherwise indicated all metadata associated with this manuscript is copyright the authors and released under Creative Commons Attribution 4.0 International License.  ","succeeded","https://iiif.sinaimanuscripts.library.ucla.edu/iiif/2/ark%3A%2F21198%2Fz1cc241z%2F36029m4q",""
"Masters/sinaimasters/syr/syriac_0043/sld_syr0043_0182_z_5.tif","182","discovery","Tail","","","ark:/21198/z1cc241z","ark:/21198/z1cc241z/z171vb72","Page","Images: Contact the Monastery of St. Catherine's of the Sinai. Metadata: Unless otherwise indicated all metadata associated with this manuscript is copyright the authors and released under Creative Commons Attribution 4.0 International License.  ","succeeded","https://iiif.sinaimanuscripts.library.ucla.edu/iiif/2/ark%3A%2F21198%2Fz1cc241z%2Fz171vb72",""
