File Name,Item Sequence,Visibility,Title,IIIF Range,viewingHint,Parent ARK,Item ARK,Object Type,Rights.copyrightStatus,Rights.statementLocal,Source
Masters/sinaimasters/ara/arabic_0231/sld_arb0231_0001_a_1.tif,1,discovery,Front Board Outside,Front matter,,,,ChildWork,copyrighted,Contact the Monastery of St. Catherine’s of the Sinai. Metadata: Unless otherwise indicated all metadata associated with this manuscript is copyright the authors and released under Creative Commons Attribution 4.0 International License.,Sinai Arabic 231
Masters/sinaimasters/ara/arabic_0231/sld_arb0231_0002_b_000.tif,2,discovery,Front Board Inside,Front matter,,,,ChildWork,copyrighted,Contact the Monastery of St. Catherine’s of the Sinai. Metadata: Unless otherwise indicated all metadata associated with this manuscript is copyright the authors and released under Creative Commons Attribution 4.0 International License.,Sinai Arabic 231
Masters/sinaimasters/ara/arabic_0231/sld_arb0231_0003_f_001r.tif,3,discovery,f. 001r,Text,,,,ChildWork,copyrighted,Contact the Monastery of St. Catherine’s of the Sinai. Metadata: Unless otherwise indicated all metadata associated with this manuscript is copyright the authors and released under Creative Commons Attribution 4.0 International License.,Sinai Arabic 231
Masters/sinaimasters/ara/arabic_0231/sld_arb0231_0004_f_001v.tif,4,discovery,f. 001v,Text,,,,ChildWork,copyrighted,Contact the Monastery of St. Catherine’s of the Sinai. Metadata: Unless otherwise indicated all metadata associated with this manuscript is copyright the authors and released under Creative Commons Attribution 4.0 International License.,Sinai Arabic 231
Masters/sinaimasters/ara/arabic_0231/sld_arb0231_0005_f_002r.tif,5,discovery,f. 002r,Text,,,,ChildWork,copyrighted,Contact the Monastery of St. Catherine’s of the Sinai. Metadata: Unless otherwise indicated all metadata associated with this manuscript is copyright the authors and released under Creative Commons Attribution 4.0 International License.,Sinai Arabic 231
Masters/sinaimasters/ara/arabic_0231/sld_arb0231_0006_f_002v.tif,6,discovery,f. 002v,Text,,,,ChildWork,copyrighted,Contact the Monastery of St. Catherine’s of the Sinai. Metadata: Unless otherwise indicated all metadata associated with this manuscript is copyright the authors and released under Creative Commons Attribution 4.0 International License.,Sinai Arabic 231
Masters/sinaimasters/ara/arabic_0231/sld_arb0231_0007_f_003r.tif,7,discovery,f. 003r,Text,,,,ChildWork,copyrighted,Contact the Monastery of St. Catherine’s of the Sinai. Metadata: Unless otherwise indicated all metadata associated with this manuscript is copyright the authors and released under Creative Commons Attribution 4.0 International License.,Sinai Arabic 231
Masters/sinaimasters/ara/arabic_0231/sld_arb0231_0008_f_003v.tif,8,discovery,f. 003v,Text,,,,ChildWork,copyrighted,Contact the Monastery of St. Catherine’s of the Sinai. Metadata: Unless otherwise indicated all metadata associated with this manuscript is copyright the authors and released under Creative Commons Attribution 4.0 International License.,Sinai Arabic 231
Masters/sinaimasters/ara/arabic_0231/sld_arb0231_0009_f_004r.tif,9,discovery,f. 004r,Text,,,,ChildWork,copyrighted,Contact the Monastery of St. Catherine’s of the Sinai. Metadata: Unless otherwise indicated all metadata associated with this manuscript is copyright the authors and released under Creative Commons Attribution 4.0 International License.,Sinai Arabic 231
Masters/sinaimasters/ara/arabic_0231/sld_arb0231_0010_f_004v.tif,10,discovery,f. 004v,Text,,,,ChildWork,copyrighted,Contact the Monastery of St. Catherine’s of the Sinai. Metadata: Unless otherwise indicated all metadata associated with this manuscript is copyright the authors and released under Creative Commons Attribution 4.0 International License.,Sinai Arabic 231
Masters/sinaimasters/ara/arabic_0231/sld_arb0231_0011_f_005r.tif,11,discovery,f. 005r,Text,,,,ChildWork,copyrighted,Contact the Monastery of St. Catherine’s of the Sinai. Metadata: Unless otherwise indicated all metadata associated with this manuscript is copyright the authors and released under Creative Commons Attribution 4.0 International License.,Sinai Arabic 231
Masters/sinaimasters/ara/arabic_0231/sld_arb0231_0012_f_005v.tif,12,discovery,f. 005v,Text,,,,ChildWork,copyrighted,Contact the Monastery of St. Catherine’s of the Sinai. Metadata: Unless otherwise indicated all metadata associated with this manuscript is copyright the authors and released under Creative Commons Attribution 4.0 International License.,Sinai Arabic 231
Masters/sinaimasters/ara/arabic_0231/sld_arb0231_0013_f_006r.tif,13,discovery,f. 006r,Text,,,,ChildWork,copyrighted,Contact the Monastery of St. Catherine’s of the Sinai. Metadata: Unless otherwise indicated all metadata associated with this manuscript is copyright the authors and released under Creative Commons Attribution 4.0 International License.,Sinai Arabic 231
Masters/sinaimasters/ara/arabic_0231/sld_arb0231_0014_f_006v.tif,14,discovery,f. 006v,Text,,,,ChildWork,copyrighted,Contact the Monastery of St. Catherine’s of the Sinai. Metadata: Unless otherwise indicated all metadata associated with this manuscript is copyright the authors and released under Creative Commons Attribution 4.0 International License.,Sinai Arabic 231
Masters/sinaimasters/ara/arabic_0231/sld_arb0231_0015_f_007r.tif,15,discovery,f. 007r,Text,,,,ChildWork,copyrighted,Contact the Monastery of St. Catherine’s of the Sinai. Metadata: Unless otherwise indicated all metadata associated with this manuscript is copyright the authors and released under Creative Commons Attribution 4.0 International License.,Sinai Arabic 231
Masters/sinaimasters/ara/arabic_0231/sld_arb0231_0016_f_007v.tif,16,discovery,f. 007v,Text,,,,ChildWork,copyrighted,Contact the Monastery of St. Catherine’s of the Sinai. Metadata: Unless otherwise indicated all metadata associated with this manuscript is copyright the authors and released under Creative Commons Attribution 4.0 International License.,Sinai Arabic 231
Masters/sinaimasters/ara/arabic_0231/sld_arb0231_0017_f_008r.tif,17,discovery,f. 008r,Text,,,,ChildWork,copyrighted,Contact the Monastery of St. Catherine’s of the Sinai. Metadata: Unless otherwise indicated all metadata associated with this manuscript is copyright the authors and released under Creative Commons Attribution 4.0 International License.,Sinai Arabic 231
Masters/sinaimasters/ara/arabic_0231/sld_arb0231_0018_f_008v.tif,18,discovery,f. 008v,Text,,,,ChildWork,copyrighted,Contact the Monastery of St. Catherine’s of the Sinai. Metadata: Unless otherwise indicated all metadata associated with this manuscript is copyright the authors and released under Creative Commons Attribution 4.0 International License.,Sinai Arabic 231
Masters/sinaimasters/ara/arabic_0231/sld_arb0231_0019_f_009r.tif,19,discovery,f. 009r,Text,,,,ChildWork,copyrighted,Contact the Monastery of St. Catherine’s of the Sinai. Metadata: Unless otherwise indicated all metadata associated with this manuscript is copyright the authors and released under Creative Commons Attribution 4.0 International License.,Sinai Arabic 231
Masters/sinaimasters/ara/arabic_0231/sld_arb0231_0020_f_009v.tif,20,discovery,f. 009v,Text,,,,ChildWork,copyrighted,Contact the Monastery of St. Catherine’s of the Sinai. Metadata: Unless otherwise indicated all metadata associated with this manuscript is copyright the authors and released under Creative Commons Attribution 4.0 International License.,Sinai Arabic 231
Masters/sinaimasters/ara/arabic_0231/sld_arb0231_0021_f_010r.tif,21,discovery,f. 010r,Text,,,,ChildWork,copyrighted,Contact the Monastery of St. Catherine’s of the Sinai. Metadata: Unless otherwise indicated all metadata associated with this manuscript is copyright the authors and released under Creative Commons Attribution 4.0 International License.,Sinai Arabic 231
Masters/sinaimasters/ara/arabic_0231/sld_arb0231_0022_f_010v.tif,22,discovery,f. 010v,Text,,,,ChildWork,copyrighted,Contact the Monastery of St. Catherine’s of the Sinai. Metadata: Unless otherwise indicated all metadata associated with this manuscript is copyright the authors and released under Creative Commons Attribution 4.0 International License.,Sinai Arabic 231
Masters/sinaimasters/ara/arabic_0231/sld_arb0231_0023_f_011r.tif,23,discovery,f. 011r,Text,,,,ChildWork,copyrighted,Contact the Monastery of St. Catherine’s of the Sinai. Metadata: Unless otherwise indicated all metadata associated with this manuscript is copyright the authors and released under Creative Commons Attribution 4.0 International License.,Sinai Arabic 231
Masters/sinaimasters/ara/arabic_0231/sld_arb0231_0024_f_011v.tif,24,discovery,f. 011v,Text,,,,ChildWork,copyrighted,Contact the Monastery of St. Catherine’s of the Sinai. Metadata: Unless otherwise indicated all metadata associated with this manuscript is copyright the authors and released under Creative Commons Attribution 4.0 International License.,Sinai Arabic 231
Masters/sinaimasters/ara/arabic_0231/sld_arb0231_0025_f_012r.tif,25,discovery,f. 012r,Text,,,,ChildWork,copyrighted,Contact the Monastery of St. Catherine’s of the Sinai. Metadata: Unless otherwise indicated all metadata associated with this manuscript is copyright the authors and released under Creative Commons Attribution 4.0 International License.,Sinai Arabic 231
Masters/sinaimasters/ara/arabic_0231/sld_arb0231_0026_f_012v.tif,26,discovery,f. 012v,Text,,,,ChildWork,copyrighted,Contact the Monastery of St. Catherine’s of the Sinai. Metadata: Unless otherwise indicated all metadata associated with this manuscript is copyright the authors and released under Creative Commons Attribution 4.0 International License.,Sinai Arabic 231
Masters/sinaimasters/ara/arabic_0231/sld_arb0231_0027_f_013r.tif,27,discovery,f. 013r,Text,,,,ChildWork,copyrighted,Contact the Monastery of St. Catherine’s of the Sinai. Metadata: Unless otherwise indicated all metadata associated with this manuscript is copyright the authors and released under Creative Commons Attribution 4.0 International License.,Sinai Arabic 231
Masters/sinaimasters/ara/arabic_0231/sld_arb0231_0028_f_013v.tif,28,discovery,f. 013v,Text,,,,ChildWork,copyrighted,Contact the Monastery of St. Catherine’s of the Sinai. Metadata: Unless otherwise indicated all metadata associated with this manuscript is copyright the authors and released under Creative Commons Attribution 4.0 International License.,Sinai Arabic 231
Masters/sinaimasters/ara/arabic_0231/sld_arb0231_0029_f_014r.tif,29,discovery,f. 014r,Text,,,,ChildWork,copyrighted,Contact the Monastery of St. Catherine’s of the Sinai. Metadata: Unless otherwise indicated all metadata associated with this manuscript is copyright the authors and released under Creative Commons Attribution 4.0 International License.,Sinai Arabic 231
Masters/sinaimasters/ara/arabic_0231/sld_arb0231_0030_f_014v.tif,30,discovery,f. 014v,Text,,,,ChildWork,copyrighted,Contact the Monastery of St. Catherine’s of the Sinai. Metadata: Unless otherwise indicated all metadata associated with this manuscript is copyright the authors and released under Creative Commons Attribution 4.0 International License.,Sinai Arabic 231
Masters/sinaimasters/ara/arabic_0231/sld_arb0231_0031_f_015r.tif,31,discovery,f. 015r,Text,,,,ChildWork,copyrighted,Contact the Monastery of St. Catherine’s of the Sinai. Metadata: Unless otherwise indicated all metadata associated with this manuscript is copyright the authors and released under Creative Commons Attribution 4.0 International License.,Sinai Arabic 231
Masters/sinaimasters/ara/arabic_0231/sld_arb0231_0032_f_015v.tif,32,discovery,f. 015v,Text,,,,ChildWork,copyrighted,Contact the Monastery of St. Catherine’s of the Sinai. Metadata: Unless otherwise indicated all metadata associated with this manuscript is copyright the authors and released under Creative Commons Attribution 4.0 International License.,Sinai Arabic 231
Masters/sinaimasters/ara/arabic_0231/sld_arb0231_0033_f_016r.tif,33,discovery,f. 016r,Text,,,,ChildWork,copyrighted,Contact the Monastery of St. Catherine’s of the Sinai. Metadata: Unless otherwise indicated all metadata associated with this manuscript is copyright the authors and released under Creative Commons Attribution 4.0 International License.,Sinai Arabic 231
Masters/sinaimasters/ara/arabic_0231/sld_arb0231_0034_f_016v.tif,34,discovery,f. 016v,Text,,,,ChildWork,copyrighted,Contact the Monastery of St. Catherine’s of the Sinai. Metadata: Unless otherwise indicated all metadata associated with this manuscript is copyright the authors and released under Creative Commons Attribution 4.0 International License.,Sinai Arabic 231
Masters/sinaimasters/ara/arabic_0231/sld_arb0231_0035_f_017r.tif,35,discovery,f. 017r,Text,,,,ChildWork,copyrighted,Contact the Monastery of St. Catherine’s of the Sinai. Metadata: Unless otherwise indicated all metadata associated with this manuscript is copyright the authors and released under Creative Commons Attribution 4.0 International License.,Sinai Arabic 231
Masters/sinaimasters/ara/arabic_0231/sld_arb0231_0036_f_017v.tif,36,discovery,f. 017v,Text,,,,ChildWork,copyrighted,Contact the Monastery of St. Catherine’s of the Sinai. Metadata: Unless otherwise indicated all metadata associated with this manuscript is copyright the authors and released under Creative Commons Attribution 4.0 International License.,Sinai Arabic 231
Masters/sinaimasters/ara/arabic_0231/sld_arb0231_0037_f_018r.tif,37,discovery,f. 018r,Text,,,,ChildWork,copyrighted,Contact the Monastery of St. Catherine’s of the Sinai. Metadata: Unless otherwise indicated all metadata associated with this manuscript is copyright the authors and released under Creative Commons Attribution 4.0 International License.,Sinai Arabic 231
Masters/sinaimasters/ara/arabic_0231/sld_arb0231_0038_f_018v.tif,38,discovery,f. 018v,Text,,,,ChildWork,copyrighted,Contact the Monastery of St. Catherine’s of the Sinai. Metadata: Unless otherwise indicated all metadata associated with this manuscript is copyright the authors and released under Creative Commons Attribution 4.0 International License.,Sinai Arabic 231
Masters/sinaimasters/ara/arabic_0231/sld_arb0231_0039_f_019r.tif,39,discovery,f. 019r,Text,,,,ChildWork,copyrighted,Contact the Monastery of St. Catherine’s of the Sinai. Metadata: Unless otherwise indicated all metadata associated with this manuscript is copyright the authors and released under Creative Commons Attribution 4.0 International License.,Sinai Arabic 231
Masters/sinaimasters/ara/arabic_0231/sld_arb0231_0040_f_019v.tif,40,discovery,f. 019v,Text,,,,ChildWork,copyrighted,Contact the Monastery of St. Catherine’s of the Sinai. Metadata: Unless otherwise indicated all metadata associated with this manuscript is copyright the authors and released under Creative Commons Attribution 4.0 International License.,Sinai Arabic 231
Masters/sinaimasters/ara/arabic_0231/sld_arb0231_0041_f_020r.tif,41,discovery,f. 020r,Text,,,,ChildWork,copyrighted,Contact the Monastery of St. Catherine’s of the Sinai. Metadata: Unless otherwise indicated all metadata associated with this manuscript is copyright the authors and released under Creative Commons Attribution 4.0 International License.,Sinai Arabic 231
Masters/sinaimasters/ara/arabic_0231/sld_arb0231_0042_f_020v.tif,42,discovery,f. 020v,Text,,,,ChildWork,copyrighted,Contact the Monastery of St. Catherine’s of the Sinai. Metadata: Unless otherwise indicated all metadata associated with this manuscript is copyright the authors and released under Creative Commons Attribution 4.0 International License.,Sinai Arabic 231
Masters/sinaimasters/ara/arabic_0231/sld_arb0231_0043_f_021r.tif,43,discovery,f. 021r,Text,,,,ChildWork,copyrighted,Contact the Monastery of St. Catherine’s of the Sinai. Metadata: Unless otherwise indicated all metadata associated with this manuscript is copyright the authors and released under Creative Commons Attribution 4.0 International License.,Sinai Arabic 231
Masters/sinaimasters/ara/arabic_0231/sld_arb0231_0044_f_021v.tif,44,discovery,f. 021v,Text,,,,ChildWork,copyrighted,Contact the Monastery of St. Catherine’s of the Sinai. Metadata: Unless otherwise indicated all metadata associated with this manuscript is copyright the authors and released under Creative Commons Attribution 4.0 International License.,Sinai Arabic 231
Masters/sinaimasters/ara/arabic_0231/sld_arb0231_0045_f_022r.tif,45,discovery,f. 022r,Text,,,,ChildWork,copyrighted,Contact the Monastery of St. Catherine’s of the Sinai. Metadata: Unless otherwise indicated all metadata associated with this manuscript is copyright the authors and released under Creative Commons Attribution 4.0 International License.,Sinai Arabic 231
Masters/sinaimasters/ara/arabic_0231/sld_arb0231_0046_f_022v.tif,46,discovery,f. 022v,Text,,,,ChildWork,copyrighted,Contact the Monastery of St. Catherine’s of the Sinai. Metadata: Unless otherwise indicated all metadata associated with this manuscript is copyright the authors and released under Creative Commons Attribution 4.0 International License.,Sinai Arabic 231
Masters/sinaimasters/ara/arabic_0231/sld_arb0231_0047_f_023r.tif,47,discovery,f. 023r,Text,,,,ChildWork,copyrighted,Contact the Monastery of St. Catherine’s of the Sinai. Metadata: Unless otherwise indicated all metadata associated with this manuscript is copyright the authors and released under Creative Commons Attribution 4.0 International License.,Sinai Arabic 231
Masters/sinaimasters/ara/arabic_0231/sld_arb0231_0048_f_023v.tif,48,discovery,f. 023v,Text,,,,ChildWork,copyrighted,Contact the Monastery of St. Catherine’s of the Sinai. Metadata: Unless otherwise indicated all metadata associated with this manuscript is copyright the authors and released under Creative Commons Attribution 4.0 International License.,Sinai Arabic 231
Masters/sinaimasters/ara/arabic_0231/sld_arb0231_0049_f_024r.tif,49,discovery,f. 024r,Text,,,,ChildWork,copyrighted,Contact the Monastery of St. Catherine’s of the Sinai. Metadata: Unless otherwise indicated all metadata associated with this manuscript is copyright the authors and released under Creative Commons Attribution 4.0 International License.,Sinai Arabic 231
Masters/sinaimasters/ara/arabic_0231/sld_arb0231_0050_f_024v.tif,50,discovery,f. 024v,Text,,,,ChildWork,copyrighted,Contact the Monastery of St. Catherine’s of the Sinai. Metadata: Unless otherwise indicated all metadata associated with this manuscript is copyright the authors and released under Creative Commons Attribution 4.0 International License.,Sinai Arabic 231
Masters/sinaimasters/ara/arabic_0231/sld_arb0231_0051_f_025r.tif,51,discovery,f. 025r,Text,,,,ChildWork,copyrighted,Contact the Monastery of St. Catherine’s of the Sinai. Metadata: Unless otherwise indicated all metadata associated with this manuscript is copyright the authors and released under Creative Commons Attribution 4.0 International License.,Sinai Arabic 231
Masters/sinaimasters/ara/arabic_0231/sld_arb0231_0052_f_025v.tif,52,discovery,f. 025v,Text,,,,ChildWork,copyrighted,Contact the Monastery of St. Catherine’s of the Sinai. Metadata: Unless otherwise indicated all metadata associated with this manuscript is copyright the authors and released under Creative Commons Attribution 4.0 International License.,Sinai Arabic 231
Masters/sinaimasters/ara/arabic_0231/sld_arb0231_0053_f_026r.tif,53,discovery,f. 026r,Text,,,,ChildWork,copyrighted,Contact the Monastery of St. Catherine’s of the Sinai. Metadata: Unless otherwise indicated all metadata associated with this manuscript is copyright the authors and released under Creative Commons Attribution 4.0 International License.,Sinai Arabic 231
Masters/sinaimasters/ara/arabic_0231/sld_arb0231_0054_f_026v.tif,54,discovery,f. 026v,Text,,,,ChildWork,copyrighted,Contact the Monastery of St. Catherine’s of the Sinai. Metadata: Unless otherwise indicated all metadata associated with this manuscript is copyright the authors and released under Creative Commons Attribution 4.0 International License.,Sinai Arabic 231
Masters/sinaimasters/ara/arabic_0231/sld_arb0231_0055_f_027r.tif,55,discovery,f. 027r,Text,,,,ChildWork,copyrighted,Contact the Monastery of St. Catherine’s of the Sinai. Metadata: Unless otherwise indicated all metadata associated with this manuscript is copyright the authors and released under Creative Commons Attribution 4.0 International License.,Sinai Arabic 231
Masters/sinaimasters/ara/arabic_0231/sld_arb0231_0056_f_027v.tif,56,discovery,f. 027v,Text,,,,ChildWork,copyrighted,Contact the Monastery of St. Catherine’s of the Sinai. Metadata: Unless otherwise indicated all metadata associated with this manuscript is copyright the authors and released under Creative Commons Attribution 4.0 International License.,Sinai Arabic 231
Masters/sinaimasters/ara/arabic_0231/sld_arb0231_0057_f_028r.tif,57,discovery,f. 028r,Text,,,,ChildWork,copyrighted,Contact the Monastery of St. Catherine’s of the Sinai. Metadata: Unless otherwise indicated all metadata associated with this manuscript is copyright the authors and released under Creative Commons Attribution 4.0 International License.,Sinai Arabic 231
Masters/sinaimasters/ara/arabic_0231/sld_arb0231_0058_f_028v.tif,58,discovery,f. 028v,Text,,,,ChildWork,copyrighted,Contact the Monastery of St. Catherine’s of the Sinai. Metadata: Unless otherwise indicated all metadata associated with this manuscript is copyright the authors and released under Creative Commons Attribution 4.0 International License.,Sinai Arabic 231
Masters/sinaimasters/ara/arabic_0231/sld_arb0231_0059_f_029r.tif,59,discovery,f. 029r,Text,,,,ChildWork,copyrighted,Contact the Monastery of St. Catherine’s of the Sinai. Metadata: Unless otherwise indicated all metadata associated with this manuscript is copyright the authors and released under Creative Commons Attribution 4.0 International License.,Sinai Arabic 231
Masters/sinaimasters/ara/arabic_0231/sld_arb0231_0060_f_029v.tif,60,discovery,f. 029v,Text,,,,ChildWork,copyrighted,Contact the Monastery of St. Catherine’s of the Sinai. Metadata: Unless otherwise indicated all metadata associated with this manuscript is copyright the authors and released under Creative Commons Attribution 4.0 International License.,Sinai Arabic 231
Masters/sinaimasters/ara/arabic_0231/sld_arb0231_0061_f_030r.tif,61,discovery,f. 030r,Text,,,,ChildWork,copyrighted,Contact the Monastery of St. Catherine’s of the Sinai. Metadata: Unless otherwise indicated all metadata associated with this manuscript is copyright the authors and released under Creative Commons Attribution 4.0 International License.,Sinai Arabic 231
Masters/sinaimasters/ara/arabic_0231/sld_arb0231_0062_f_030v.tif,62,discovery,f. 030v,Text,,,,ChildWork,copyrighted,Contact the Monastery of St. Catherine’s of the Sinai. Metadata: Unless otherwise indicated all metadata associated with this manuscript is copyright the authors and released under Creative Commons Attribution 4.0 International License.,Sinai Arabic 231
Masters/sinaimasters/ara/arabic_0231/sld_arb0231_0063_f_031r.tif,63,discovery,f. 031r,Text,,,,ChildWork,copyrighted,Contact the Monastery of St. Catherine’s of the Sinai. Metadata: Unless otherwise indicated all metadata associated with this manuscript is copyright the authors and released under Creative Commons Attribution 4.0 International License.,Sinai Arabic 231
Masters/sinaimasters/ara/arabic_0231/sld_arb0231_0064_f_031v.tif,64,discovery,f. 031v,Text,,,,ChildWork,copyrighted,Contact the Monastery of St. Catherine’s of the Sinai. Metadata: Unless otherwise indicated all metadata associated with this manuscript is copyright the authors and released under Creative Commons Attribution 4.0 International License.,Sinai Arabic 231
Masters/sinaimasters/ara/arabic_0231/sld_arb0231_0065_f_032r.tif,65,discovery,f. 032r,Text,,,,ChildWork,copyrighted,Contact the Monastery of St. Catherine’s of the Sinai. Metadata: Unless otherwise indicated all metadata associated with this manuscript is copyright the authors and released under Creative Commons Attribution 4.0 International License.,Sinai Arabic 231
Masters/sinaimasters/ara/arabic_0231/sld_arb0231_0066_f_032v.tif,66,discovery,f. 032v,Text,,,,ChildWork,copyrighted,Contact the Monastery of St. Catherine’s of the Sinai. Metadata: Unless otherwise indicated all metadata associated with this manuscript is copyright the authors and released under Creative Commons Attribution 4.0 International License.,Sinai Arabic 231
Masters/sinaimasters/ara/arabic_0231/sld_arb0231_0067_f_033r.tif,67,discovery,f. 033r,Text,,,,ChildWork,copyrighted,Contact the Monastery of St. Catherine’s of the Sinai. Metadata: Unless otherwise indicated all metadata associated with this manuscript is copyright the authors and released under Creative Commons Attribution 4.0 International License.,Sinai Arabic 231
Masters/sinaimasters/ara/arabic_0231/sld_arb0231_0068_f_033v.tif,68,discovery,f. 033v,Text,,,,ChildWork,copyrighted,Contact the Monastery of St. Catherine’s of the Sinai. Metadata: Unless otherwise indicated all metadata associated with this manuscript is copyright the authors and released under Creative Commons Attribution 4.0 International License.,Sinai Arabic 231
Masters/sinaimasters/ara/arabic_0231/sld_arb0231_0069_f_034r.tif,69,discovery,f. 034r,Text,,,,ChildWork,copyrighted,Contact the Monastery of St. Catherine’s of the Sinai. Metadata: Unless otherwise indicated all metadata associated with this manuscript is copyright the authors and released under Creative Commons Attribution 4.0 International License.,Sinai Arabic 231
Masters/sinaimasters/ara/arabic_0231/sld_arb0231_0070_f_034v.tif,70,discovery,f. 034v,Text,,,,ChildWork,copyrighted,Contact the Monastery of St. Catherine’s of the Sinai. Metadata: Unless otherwise indicated all metadata associated with this manuscript is copyright the authors and released under Creative Commons Attribution 4.0 International License.,Sinai Arabic 231
Masters/sinaimasters/ara/arabic_0231/sld_arb0231_0071_f_035r.tif,71,discovery,f. 035r,Text,,,,ChildWork,copyrighted,Contact the Monastery of St. Catherine’s of the Sinai. Metadata: Unless otherwise indicated all metadata associated with this manuscript is copyright the authors and released under Creative Commons Attribution 4.0 International License.,Sinai Arabic 231
Masters/sinaimasters/ara/arabic_0231/sld_arb0231_0072_f_035v.tif,72,discovery,f. 035v,Text,,,,ChildWork,copyrighted,Contact the Monastery of St. Catherine’s of the Sinai. Metadata: Unless otherwise indicated all metadata associated with this manuscript is copyright the authors and released under Creative Commons Attribution 4.0 International License.,Sinai Arabic 231
Masters/sinaimasters/ara/arabic_0231/sld_arb0231_0073_f_036r.tif,73,discovery,f. 036r,Text,,,,ChildWork,copyrighted,Contact the Monastery of St. Catherine’s of the Sinai. Metadata: Unless otherwise indicated all metadata associated with this manuscript is copyright the authors and released under Creative Commons Attribution 4.0 International License.,Sinai Arabic 231
Masters/sinaimasters/ara/arabic_0231/sld_arb0231_0074_f_036v.tif,74,discovery,f. 036v,Text,,,,ChildWork,copyrighted,Contact the Monastery of St. Catherine’s of the Sinai. Metadata: Unless otherwise indicated all metadata associated with this manuscript is copyright the authors and released under Creative Commons Attribution 4.0 International License.,Sinai Arabic 231
Masters/sinaimasters/ara/arabic_0231/sld_arb0231_0075_f_037r.tif,75,discovery,f. 037r,Text,,,,ChildWork,copyrighted,Contact the Monastery of St. Catherine’s of the Sinai. Metadata: Unless otherwise indicated all metadata associated with this manuscript is copyright the authors and released under Creative Commons Attribution 4.0 International License.,Sinai Arabic 231
Masters/sinaimasters/ara/arabic_0231/sld_arb0231_0076_f_037v.tif,76,discovery,f. 037v,Text,,,,ChildWork,copyrighted,Contact the Monastery of St. Catherine’s of the Sinai. Metadata: Unless otherwise indicated all metadata associated with this manuscript is copyright the authors and released under Creative Commons Attribution 4.0 International License.,Sinai Arabic 231
Masters/sinaimasters/ara/arabic_0231/sld_arb0231_0077_f_038r.tif,77,discovery,f. 038r,Text,,,,ChildWork,copyrighted,Contact the Monastery of St. Catherine’s of the Sinai. Metadata: Unless otherwise indicated all metadata associated with this manuscript is copyright the authors and released under Creative Commons Attribution 4.0 International License.,Sinai Arabic 231
Masters/sinaimasters/ara/arabic_0231/sld_arb0231_0078_f_038v.tif,78,discovery,f. 038v,Text,,,,ChildWork,copyrighted,Contact the Monastery of St. Catherine’s of the Sinai. Metadata: Unless otherwise indicated all metadata associated with this manuscript is copyright the authors and released under Creative Commons Attribution 4.0 International License.,Sinai Arabic 231
Masters/sinaimasters/ara/arabic_0231/sld_arb0231_0079_f_039r.tif,79,discovery,f. 039r,Text,,,,ChildWork,copyrighted,Contact the Monastery of St. Catherine’s of the Sinai. Metadata: Unless otherwise indicated all metadata associated with this manuscript is copyright the authors and released under Creative Commons Attribution 4.0 International License.,Sinai Arabic 231
Masters/sinaimasters/ara/arabic_0231/sld_arb0231_0080_f_039v.tif,80,discovery,f. 039v,Text,,,,ChildWork,copyrighted,Contact the Monastery of St. Catherine’s of the Sinai. Metadata: Unless otherwise indicated all metadata associated with this manuscript is copyright the authors and released under Creative Commons Attribution 4.0 International License.,Sinai Arabic 231
Masters/sinaimasters/ara/arabic_0231/sld_arb0231_0081_f_040r.tif,81,discovery,f. 040r,Text,,,,ChildWork,copyrighted,Contact the Monastery of St. Catherine’s of the Sinai. Metadata: Unless otherwise indicated all metadata associated with this manuscript is copyright the authors and released under Creative Commons Attribution 4.0 International License.,Sinai Arabic 231
Masters/sinaimasters/ara/arabic_0231/sld_arb0231_0082_f_040v.tif,82,discovery,f. 040v,Text,,,,ChildWork,copyrighted,Contact the Monastery of St. Catherine’s of the Sinai. Metadata: Unless otherwise indicated all metadata associated with this manuscript is copyright the authors and released under Creative Commons Attribution 4.0 International License.,Sinai Arabic 231
Masters/sinaimasters/ara/arabic_0231/sld_arb0231_0083_f_041r.tif,83,discovery,f. 041r,Text,,,,ChildWork,copyrighted,Contact the Monastery of St. Catherine’s of the Sinai. Metadata: Unless otherwise indicated all metadata associated with this manuscript is copyright the authors and released under Creative Commons Attribution 4.0 International License.,Sinai Arabic 231
Masters/sinaimasters/ara/arabic_0231/sld_arb0231_0084_f_041v.tif,84,discovery,f. 041v,Text,,,,ChildWork,copyrighted,Contact the Monastery of St. Catherine’s of the Sinai. Metadata: Unless otherwise indicated all metadata associated with this manuscript is copyright the authors and released under Creative Commons Attribution 4.0 International License.,Sinai Arabic 231
Masters/sinaimasters/ara/arabic_0231/sld_arb0231_0085_f_042r.tif,85,discovery,f. 042r,Text,,,,ChildWork,copyrighted,Contact the Monastery of St. Catherine’s of the Sinai. Metadata: Unless otherwise indicated all metadata associated with this manuscript is copyright the authors and released under Creative Commons Attribution 4.0 International License.,Sinai Arabic 231
Masters/sinaimasters/ara/arabic_0231/sld_arb0231_0086_f_042v.tif,86,discovery,f. 042v,Text,,,,ChildWork,copyrighted,Contact the Monastery of St. Catherine’s of the Sinai. Metadata: Unless otherwise indicated all metadata associated with this manuscript is copyright the authors and released under Creative Commons Attribution 4.0 International License.,Sinai Arabic 231
Masters/sinaimasters/ara/arabic_0231/sld_arb0231_0087_f_043r.tif,87,discovery,f. 043r,Text,,,,ChildWork,copyrighted,Contact the Monastery of St. Catherine’s of the Sinai. Metadata: Unless otherwise indicated all metadata associated with this manuscript is copyright the authors and released under Creative Commons Attribution 4.0 International License.,Sinai Arabic 231
Masters/sinaimasters/ara/arabic_0231/sld_arb0231_0088_f_043v.tif,88,discovery,f. 043v,Text,,,,ChildWork,copyrighted,Contact the Monastery of St. Catherine’s of the Sinai. Metadata: Unless otherwise indicated all metadata associated with this manuscript is copyright the authors and released under Creative Commons Attribution 4.0 International License.,Sinai Arabic 231
Masters/sinaimasters/ara/arabic_0231/sld_arb0231_0089_f_044r.tif,89,discovery,f. 044r,Text,,,,ChildWork,copyrighted,Contact the Monastery of St. Catherine’s of the Sinai. Metadata: Unless otherwise indicated all metadata associated with this manuscript is copyright the authors and released under Creative Commons Attribution 4.0 International License.,Sinai Arabic 231
Masters/sinaimasters/ara/arabic_0231/sld_arb0231_0090_f_044v.tif,90,discovery,f. 044v,Text,,,,ChildWork,copyrighted,Contact the Monastery of St. Catherine’s of the Sinai. Metadata: Unless otherwise indicated all metadata associated with this manuscript is copyright the authors and released under Creative Commons Attribution 4.0 International License.,Sinai Arabic 231
Masters/sinaimasters/ara/arabic_0231/sld_arb0231_0091_f_045r.tif,91,discovery,f. 045r,Text,,,,ChildWork,copyrighted,Contact the Monastery of St. Catherine’s of the Sinai. Metadata: Unless otherwise indicated all metadata associated with this manuscript is copyright the authors and released under Creative Commons Attribution 4.0 International License.,Sinai Arabic 231
Masters/sinaimasters/ara/arabic_0231/sld_arb0231_0092_f_045v.tif,92,discovery,f. 045v,Text,,,,ChildWork,copyrighted,Contact the Monastery of St. Catherine’s of the Sinai. Metadata: Unless otherwise indicated all metadata associated with this manuscript is copyright the authors and released under Creative Commons Attribution 4.0 International License.,Sinai Arabic 231
Masters/sinaimasters/ara/arabic_0231/sld_arb0231_0093_f_046r.tif,93,discovery,f. 046r,Text,,,,ChildWork,copyrighted,Contact the Monastery of St. Catherine’s of the Sinai. Metadata: Unless otherwise indicated all metadata associated with this manuscript is copyright the authors and released under Creative Commons Attribution 4.0 International License.,Sinai Arabic 231
Masters/sinaimasters/ara/arabic_0231/sld_arb0231_0094_f_046v.tif,94,discovery,f. 046v,Text,,,,ChildWork,copyrighted,Contact the Monastery of St. Catherine’s of the Sinai. Metadata: Unless otherwise indicated all metadata associated with this manuscript is copyright the authors and released under Creative Commons Attribution 4.0 International License.,Sinai Arabic 231
Masters/sinaimasters/ara/arabic_0231/sld_arb0231_0095_f_047r.tif,95,discovery,f. 047r,Text,,,,ChildWork,copyrighted,Contact the Monastery of St. Catherine’s of the Sinai. Metadata: Unless otherwise indicated all metadata associated with this manuscript is copyright the authors and released under Creative Commons Attribution 4.0 International License.,Sinai Arabic 231
Masters/sinaimasters/ara/arabic_0231/sld_arb0231_0096_f_047v.tif,96,discovery,f. 047v,Text,,,,ChildWork,copyrighted,Contact the Monastery of St. Catherine’s of the Sinai. Metadata: Unless otherwise indicated all metadata associated with this manuscript is copyright the authors and released under Creative Commons Attribution 4.0 International License.,Sinai Arabic 231
Masters/sinaimasters/ara/arabic_0231/sld_arb0231_0097_f_048r.tif,97,discovery,f. 048r,Text,,,,ChildWork,copyrighted,Contact the Monastery of St. Catherine’s of the Sinai. Metadata: Unless otherwise indicated all metadata associated with this manuscript is copyright the authors and released under Creative Commons Attribution 4.0 International License.,Sinai Arabic 231
Masters/sinaimasters/ara/arabic_0231/sld_arb0231_0098_f_048v.tif,98,discovery,f. 048v,Text,,,,ChildWork,copyrighted,Contact the Monastery of St. Catherine’s of the Sinai. Metadata: Unless otherwise indicated all metadata associated with this manuscript is copyright the authors and released under Creative Commons Attribution 4.0 International License.,Sinai Arabic 231
Masters/sinaimasters/ara/arabic_0231/sld_arb0231_0099_f_049r.tif,99,discovery,f. 049r,Text,,,,ChildWork,copyrighted,Contact the Monastery of St. Catherine’s of the Sinai. Metadata: Unless otherwise indicated all metadata associated with this manuscript is copyright the authors and released under Creative Commons Attribution 4.0 International License.,Sinai Arabic 231
Masters/sinaimasters/ara/arabic_0231/sld_arb0231_0100_f_049v.tif,100,discovery,f. 049v,Text,,,,ChildWork,copyrighted,Contact the Monastery of St. Catherine’s of the Sinai. Metadata: Unless otherwise indicated all metadata associated with this manuscript is copyright the authors and released under Creative Commons Attribution 4.0 International License.,Sinai Arabic 231
Masters/sinaimasters/ara/arabic_0231/sld_arb0231_0101_f_050r.tif,101,discovery,f. 050r,Text,,,,ChildWork,copyrighted,Contact the Monastery of St. Catherine’s of the Sinai. Metadata: Unless otherwise indicated all metadata associated with this manuscript is copyright the authors and released under Creative Commons Attribution 4.0 International License.,Sinai Arabic 231
Masters/sinaimasters/ara/arabic_0231/sld_arb0231_0102_f_050v.tif,102,discovery,f. 050v,Text,,,,ChildWork,copyrighted,Contact the Monastery of St. Catherine’s of the Sinai. Metadata: Unless otherwise indicated all metadata associated with this manuscript is copyright the authors and released under Creative Commons Attribution 4.0 International License.,Sinai Arabic 231
Masters/sinaimasters/ara/arabic_0231/sld_arb0231_0103_f_051r.tif,103,discovery,f. 051r,Text,,,,ChildWork,copyrighted,Contact the Monastery of St. Catherine’s of the Sinai. Metadata: Unless otherwise indicated all metadata associated with this manuscript is copyright the authors and released under Creative Commons Attribution 4.0 International License.,Sinai Arabic 231
Masters/sinaimasters/ara/arabic_0231/sld_arb0231_0104_f_051v.tif,104,discovery,f. 051v,Text,,,,ChildWork,copyrighted,Contact the Monastery of St. Catherine’s of the Sinai. Metadata: Unless otherwise indicated all metadata associated with this manuscript is copyright the authors and released under Creative Commons Attribution 4.0 International License.,Sinai Arabic 231
Masters/sinaimasters/ara/arabic_0231/sld_arb0231_0105_f_052r.tif,105,discovery,f. 052r,Text,,,,ChildWork,copyrighted,Contact the Monastery of St. Catherine’s of the Sinai. Metadata: Unless otherwise indicated all metadata associated with this manuscript is copyright the authors and released under Creative Commons Attribution 4.0 International License.,Sinai Arabic 231
Masters/sinaimasters/ara/arabic_0231/sld_arb0231_0106_f_052v.tif,106,discovery,f. 052v,Text,,,,ChildWork,copyrighted,Contact the Monastery of St. Catherine’s of the Sinai. Metadata: Unless otherwise indicated all metadata associated with this manuscript is copyright the authors and released under Creative Commons Attribution 4.0 International License.,Sinai Arabic 231
Masters/sinaimasters/ara/arabic_0231/sld_arb0231_0107_f_053r.tif,107,discovery,f. 053r,Text,,,,ChildWork,copyrighted,Contact the Monastery of St. Catherine’s of the Sinai. Metadata: Unless otherwise indicated all metadata associated with this manuscript is copyright the authors and released under Creative Commons Attribution 4.0 International License.,Sinai Arabic 231
Masters/sinaimasters/ara/arabic_0231/sld_arb0231_0108_f_053v.tif,108,discovery,f. 053v,Text,,,,ChildWork,copyrighted,Contact the Monastery of St. Catherine’s of the Sinai. Metadata: Unless otherwise indicated all metadata associated with this manuscript is copyright the authors and released under Creative Commons Attribution 4.0 International License.,Sinai Arabic 231
Masters/sinaimasters/ara/arabic_0231/sld_arb0231_0109_f_054r.tif,109,discovery,f. 054r,Text,,,,ChildWork,copyrighted,Contact the Monastery of St. Catherine’s of the Sinai. Metadata: Unless otherwise indicated all metadata associated with this manuscript is copyright the authors and released under Creative Commons Attribution 4.0 International License.,Sinai Arabic 231
Masters/sinaimasters/ara/arabic_0231/sld_arb0231_0110_f_054v.tif,110,discovery,f. 054v,Text,,,,ChildWork,copyrighted,Contact the Monastery of St. Catherine’s of the Sinai. Metadata: Unless otherwise indicated all metadata associated with this manuscript is copyright the authors and released under Creative Commons Attribution 4.0 International License.,Sinai Arabic 231
Masters/sinaimasters/ara/arabic_0231/sld_arb0231_0111_f_055r.tif,111,discovery,f. 055r,Text,,,,ChildWork,copyrighted,Contact the Monastery of St. Catherine’s of the Sinai. Metadata: Unless otherwise indicated all metadata associated with this manuscript is copyright the authors and released under Creative Commons Attribution 4.0 International License.,Sinai Arabic 231
Masters/sinaimasters/ara/arabic_0231/sld_arb0231_0112_f_055v.tif,112,discovery,f. 055v,Text,,,,ChildWork,copyrighted,Contact the Monastery of St. Catherine’s of the Sinai. Metadata: Unless otherwise indicated all metadata associated with this manuscript is copyright the authors and released under Creative Commons Attribution 4.0 International License.,Sinai Arabic 231
Masters/sinaimasters/ara/arabic_0231/sld_arb0231_0113_f_056r.tif,113,discovery,f. 056r,Text,,,,ChildWork,copyrighted,Contact the Monastery of St. Catherine’s of the Sinai. Metadata: Unless otherwise indicated all metadata associated with this manuscript is copyright the authors and released under Creative Commons Attribution 4.0 International License.,Sinai Arabic 231
Masters/sinaimasters/ara/arabic_0231/sld_arb0231_0114_f_056v.tif,114,discovery,f. 056v,Text,,,,ChildWork,copyrighted,Contact the Monastery of St. Catherine’s of the Sinai. Metadata: Unless otherwise indicated all metadata associated with this manuscript is copyright the authors and released under Creative Commons Attribution 4.0 International License.,Sinai Arabic 231
Masters/sinaimasters/ara/arabic_0231/sld_arb0231_0115_f_057r.tif,115,discovery,f. 057r,Text,,,,ChildWork,copyrighted,Contact the Monastery of St. Catherine’s of the Sinai. Metadata: Unless otherwise indicated all metadata associated with this manuscript is copyright the authors and released under Creative Commons Attribution 4.0 International License.,Sinai Arabic 231
Masters/sinaimasters/ara/arabic_0231/sld_arb0231_0116_f_057v.tif,116,discovery,f. 057v,Text,,,,ChildWork,copyrighted,Contact the Monastery of St. Catherine’s of the Sinai. Metadata: Unless otherwise indicated all metadata associated with this manuscript is copyright the authors and released under Creative Commons Attribution 4.0 International License.,Sinai Arabic 231
Masters/sinaimasters/ara/arabic_0231/sld_arb0231_0117_f_058r.tif,117,discovery,f. 058r,Text,,,,ChildWork,copyrighted,Contact the Monastery of St. Catherine’s of the Sinai. Metadata: Unless otherwise indicated all metadata associated with this manuscript is copyright the authors and released under Creative Commons Attribution 4.0 International License.,Sinai Arabic 231
Masters/sinaimasters/ara/arabic_0231/sld_arb0231_0118_f_058v.tif,118,discovery,f. 058v,Text,,,,ChildWork,copyrighted,Contact the Monastery of St. Catherine’s of the Sinai. Metadata: Unless otherwise indicated all metadata associated with this manuscript is copyright the authors and released under Creative Commons Attribution 4.0 International License.,Sinai Arabic 231
Masters/sinaimasters/ara/arabic_0231/sld_arb0231_0119_f_059r.tif,119,discovery,f. 059r,Text,,,,ChildWork,copyrighted,Contact the Monastery of St. Catherine’s of the Sinai. Metadata: Unless otherwise indicated all metadata associated with this manuscript is copyright the authors and released under Creative Commons Attribution 4.0 International License.,Sinai Arabic 231
Masters/sinaimasters/ara/arabic_0231/sld_arb0231_0120_f_059v.tif,120,discovery,f. 059v,Text,,,,ChildWork,copyrighted,Contact the Monastery of St. Catherine’s of the Sinai. Metadata: Unless otherwise indicated all metadata associated with this manuscript is copyright the authors and released under Creative Commons Attribution 4.0 International License.,Sinai Arabic 231
Masters/sinaimasters/ara/arabic_0231/sld_arb0231_0121_f_060r.tif,121,discovery,f. 060r,Text,,,,ChildWork,copyrighted,Contact the Monastery of St. Catherine’s of the Sinai. Metadata: Unless otherwise indicated all metadata associated with this manuscript is copyright the authors and released under Creative Commons Attribution 4.0 International License.,Sinai Arabic 231
Masters/sinaimasters/ara/arabic_0231/sld_arb0231_0122_f_060v.tif,122,discovery,f. 060v,Text,,,,ChildWork,copyrighted,Contact the Monastery of St. Catherine’s of the Sinai. Metadata: Unless otherwise indicated all metadata associated with this manuscript is copyright the authors and released under Creative Commons Attribution 4.0 International License.,Sinai Arabic 231
Masters/sinaimasters/ara/arabic_0231/sld_arb0231_0123_f_061r.tif,123,discovery,f. 061r,Text,,,,ChildWork,copyrighted,Contact the Monastery of St. Catherine’s of the Sinai. Metadata: Unless otherwise indicated all metadata associated with this manuscript is copyright the authors and released under Creative Commons Attribution 4.0 International License.,Sinai Arabic 231
Masters/sinaimasters/ara/arabic_0231/sld_arb0231_0124_f_061v.tif,124,discovery,f. 061v,Text,,,,ChildWork,copyrighted,Contact the Monastery of St. Catherine’s of the Sinai. Metadata: Unless otherwise indicated all metadata associated with this manuscript is copyright the authors and released under Creative Commons Attribution 4.0 International License.,Sinai Arabic 231
Masters/sinaimasters/ara/arabic_0231/sld_arb0231_0125_f_062r.tif,125,discovery,f. 062r,Text,,,,ChildWork,copyrighted,Contact the Monastery of St. Catherine’s of the Sinai. Metadata: Unless otherwise indicated all metadata associated with this manuscript is copyright the authors and released under Creative Commons Attribution 4.0 International License.,Sinai Arabic 231
Masters/sinaimasters/ara/arabic_0231/sld_arb0231_0126_f_062v.tif,126,discovery,f. 062v,Text,,,,ChildWork,copyrighted,Contact the Monastery of St. Catherine’s of the Sinai. Metadata: Unless otherwise indicated all metadata associated with this manuscript is copyright the authors and released under Creative Commons Attribution 4.0 International License.,Sinai Arabic 231
Masters/sinaimasters/ara/arabic_0231/sld_arb0231_0127_f_063r.tif,127,discovery,f. 063r,Text,,,,ChildWork,copyrighted,Contact the Monastery of St. Catherine’s of the Sinai. Metadata: Unless otherwise indicated all metadata associated with this manuscript is copyright the authors and released under Creative Commons Attribution 4.0 International License.,Sinai Arabic 231
Masters/sinaimasters/ara/arabic_0231/sld_arb0231_0128_f_063v.tif,128,discovery,f. 063v,Text,,,,ChildWork,copyrighted,Contact the Monastery of St. Catherine’s of the Sinai. Metadata: Unless otherwise indicated all metadata associated with this manuscript is copyright the authors and released under Creative Commons Attribution 4.0 International License.,Sinai Arabic 231
Masters/sinaimasters/ara/arabic_0231/sld_arb0231_0129_f_064r.tif,129,discovery,f. 064r,Text,,,,ChildWork,copyrighted,Contact the Monastery of St. Catherine’s of the Sinai. Metadata: Unless otherwise indicated all metadata associated with this manuscript is copyright the authors and released under Creative Commons Attribution 4.0 International License.,Sinai Arabic 231
Masters/sinaimasters/ara/arabic_0231/sld_arb0231_0130_f_064v.tif,130,discovery,f. 064v,Text,,,,ChildWork,copyrighted,Contact the Monastery of St. Catherine’s of the Sinai. Metadata: Unless otherwise indicated all metadata associated with this manuscript is copyright the authors and released under Creative Commons Attribution 4.0 International License.,Sinai Arabic 231
Masters/sinaimasters/ara/arabic_0231/sld_arb0231_0131_f_065r.tif,131,discovery,f. 065r,Text,,,,ChildWork,copyrighted,Contact the Monastery of St. Catherine’s of the Sinai. Metadata: Unless otherwise indicated all metadata associated with this manuscript is copyright the authors and released under Creative Commons Attribution 4.0 International License.,Sinai Arabic 231
Masters/sinaimasters/ara/arabic_0231/sld_arb0231_0132_f_065v.tif,132,discovery,f. 065v,Text,,,,ChildWork,copyrighted,Contact the Monastery of St. Catherine’s of the Sinai. Metadata: Unless otherwise indicated all metadata associated with this manuscript is copyright the authors and released under Creative Commons Attribution 4.0 International License.,Sinai Arabic 231
Masters/sinaimasters/ara/arabic_0231/sld_arb0231_0133_f_066r.tif,133,discovery,f. 066r,Text,,,,ChildWork,copyrighted,Contact the Monastery of St. Catherine’s of the Sinai. Metadata: Unless otherwise indicated all metadata associated with this manuscript is copyright the authors and released under Creative Commons Attribution 4.0 International License.,Sinai Arabic 231
Masters/sinaimasters/ara/arabic_0231/sld_arb0231_0134_f_066v.tif,134,discovery,f. 066v,Text,,,,ChildWork,copyrighted,Contact the Monastery of St. Catherine’s of the Sinai. Metadata: Unless otherwise indicated all metadata associated with this manuscript is copyright the authors and released under Creative Commons Attribution 4.0 International License.,Sinai Arabic 231
Masters/sinaimasters/ara/arabic_0231/sld_arb0231_0135_f_067r.tif,135,discovery,f. 067r,Text,,,,ChildWork,copyrighted,Contact the Monastery of St. Catherine’s of the Sinai. Metadata: Unless otherwise indicated all metadata associated with this manuscript is copyright the authors and released under Creative Commons Attribution 4.0 International License.,Sinai Arabic 231
Masters/sinaimasters/ara/arabic_0231/sld_arb0231_0136_f_067v.tif,136,discovery,f. 067v,Text,,,,ChildWork,copyrighted,Contact the Monastery of St. Catherine’s of the Sinai. Metadata: Unless otherwise indicated all metadata associated with this manuscript is copyright the authors and released under Creative Commons Attribution 4.0 International License.,Sinai Arabic 231
Masters/sinaimasters/ara/arabic_0231/sld_arb0231_0137_f_068r.tif,137,discovery,f. 068r,Text,,,,ChildWork,copyrighted,Contact the Monastery of St. Catherine’s of the Sinai. Metadata: Unless otherwise indicated all metadata associated with this manuscript is copyright the authors and released under Creative Commons Attribution 4.0 International License.,Sinai Arabic 231
Masters/sinaimasters/ara/arabic_0231/sld_arb0231_0138_f_068v.tif,138,discovery,f. 068v,Text,,,,ChildWork,copyrighted,Contact the Monastery of St. Catherine’s of the Sinai. Metadata: Unless otherwise indicated all metadata associated with this manuscript is copyright the authors and released under Creative Commons Attribution 4.0 International License.,Sinai Arabic 231
Masters/sinaimasters/ara/arabic_0231/sld_arb0231_0139_f_069r.tif,139,discovery,f. 069r,Text,,,,ChildWork,copyrighted,Contact the Monastery of St. Catherine’s of the Sinai. Metadata: Unless otherwise indicated all metadata associated with this manuscript is copyright the authors and released under Creative Commons Attribution 4.0 International License.,Sinai Arabic 231
Masters/sinaimasters/ara/arabic_0231/sld_arb0231_0140_f_069v.tif,140,discovery,f. 069v,Text,,,,ChildWork,copyrighted,Contact the Monastery of St. Catherine’s of the Sinai. Metadata: Unless otherwise indicated all metadata associated with this manuscript is copyright the authors and released under Creative Commons Attribution 4.0 International License.,Sinai Arabic 231
Masters/sinaimasters/ara/arabic_0231/sld_arb0231_0141_f_070r.tif,141,discovery,f. 070r,Text,,,,ChildWork,copyrighted,Contact the Monastery of St. Catherine’s of the Sinai. Metadata: Unless otherwise indicated all metadata associated with this manuscript is copyright the authors and released under Creative Commons Attribution 4.0 International License.,Sinai Arabic 231
Masters/sinaimasters/ara/arabic_0231/sld_arb0231_0142_f_070v.tif,142,discovery,f. 070v,Text,,,,ChildWork,copyrighted,Contact the Monastery of St. Catherine’s of the Sinai. Metadata: Unless otherwise indicated all metadata associated with this manuscript is copyright the authors and released under Creative Commons Attribution 4.0 International License.,Sinai Arabic 231
Masters/sinaimasters/ara/arabic_0231/sld_arb0231_0143_f_071r.tif,143,discovery,f. 071r,Text,,,,ChildWork,copyrighted,Contact the Monastery of St. Catherine’s of the Sinai. Metadata: Unless otherwise indicated all metadata associated with this manuscript is copyright the authors and released under Creative Commons Attribution 4.0 International License.,Sinai Arabic 231
Masters/sinaimasters/ara/arabic_0231/sld_arb0231_0144_f_071v.tif,144,discovery,f. 071v,Text,,,,ChildWork,copyrighted,Contact the Monastery of St. Catherine’s of the Sinai. Metadata: Unless otherwise indicated all metadata associated with this manuscript is copyright the authors and released under Creative Commons Attribution 4.0 International License.,Sinai Arabic 231
Masters/sinaimasters/ara/arabic_0231/sld_arb0231_0145_f_072r.tif,145,discovery,f. 072r,Text,,,,ChildWork,copyrighted,Contact the Monastery of St. Catherine’s of the Sinai. Metadata: Unless otherwise indicated all metadata associated with this manuscript is copyright the authors and released under Creative Commons Attribution 4.0 International License.,Sinai Arabic 231
Masters/sinaimasters/ara/arabic_0231/sld_arb0231_0146_f_072v.tif,146,discovery,f. 072v,Text,,,,ChildWork,copyrighted,Contact the Monastery of St. Catherine’s of the Sinai. Metadata: Unless otherwise indicated all metadata associated with this manuscript is copyright the authors and released under Creative Commons Attribution 4.0 International License.,Sinai Arabic 231
Masters/sinaimasters/ara/arabic_0231/sld_arb0231_0147_f_073r.tif,147,discovery,f. 073r,Text,,,,ChildWork,copyrighted,Contact the Monastery of St. Catherine’s of the Sinai. Metadata: Unless otherwise indicated all metadata associated with this manuscript is copyright the authors and released under Creative Commons Attribution 4.0 International License.,Sinai Arabic 231
Masters/sinaimasters/ara/arabic_0231/sld_arb0231_0148_f_073v.tif,148,discovery,f. 073v,Text,,,,ChildWork,copyrighted,Contact the Monastery of St. Catherine’s of the Sinai. Metadata: Unless otherwise indicated all metadata associated with this manuscript is copyright the authors and released under Creative Commons Attribution 4.0 International License.,Sinai Arabic 231
Masters/sinaimasters/ara/arabic_0231/sld_arb0231_0149_f_074r.tif,149,discovery,f. 074r,Text,,,,ChildWork,copyrighted,Contact the Monastery of St. Catherine’s of the Sinai. Metadata: Unless otherwise indicated all metadata associated with this manuscript is copyright the authors and released under Creative Commons Attribution 4.0 International License.,Sinai Arabic 231
Masters/sinaimasters/ara/arabic_0231/sld_arb0231_0150_f_074v.tif,150,discovery,f. 074v,Text,,,,ChildWork,copyrighted,Contact the Monastery of St. Catherine’s of the Sinai. Metadata: Unless otherwise indicated all metadata associated with this manuscript is copyright the authors and released under Creative Commons Attribution 4.0 International License.,Sinai Arabic 231
Masters/sinaimasters/ara/arabic_0231/sld_arb0231_0151_f_075r.tif,151,discovery,f. 075r,Text,,,,ChildWork,copyrighted,Contact the Monastery of St. Catherine’s of the Sinai. Metadata: Unless otherwise indicated all metadata associated with this manuscript is copyright the authors and released under Creative Commons Attribution 4.0 International License.,Sinai Arabic 231
Masters/sinaimasters/ara/arabic_0231/sld_arb0231_0152_f_075v.tif,152,discovery,f. 075v,Text,,,,ChildWork,copyrighted,Contact the Monastery of St. Catherine’s of the Sinai. Metadata: Unless otherwise indicated all metadata associated with this manuscript is copyright the authors and released under Creative Commons Attribution 4.0 International License.,Sinai Arabic 231
Masters/sinaimasters/ara/arabic_0231/sld_arb0231_0153_f_076r.tif,153,discovery,f. 076r,Text,,,,ChildWork,copyrighted,Contact the Monastery of St. Catherine’s of the Sinai. Metadata: Unless otherwise indicated all metadata associated with this manuscript is copyright the authors and released under Creative Commons Attribution 4.0 International License.,Sinai Arabic 231
Masters/sinaimasters/ara/arabic_0231/sld_arb0231_0154_f_076v.tif,154,discovery,f. 076v,Text,,,,ChildWork,copyrighted,Contact the Monastery of St. Catherine’s of the Sinai. Metadata: Unless otherwise indicated all metadata associated with this manuscript is copyright the authors and released under Creative Commons Attribution 4.0 International License.,Sinai Arabic 231
Masters/sinaimasters/ara/arabic_0231/sld_arb0231_0155_f_077r.tif,155,discovery,f. 077r,Text,,,,ChildWork,copyrighted,Contact the Monastery of St. Catherine’s of the Sinai. Metadata: Unless otherwise indicated all metadata associated with this manuscript is copyright the authors and released under Creative Commons Attribution 4.0 International License.,Sinai Arabic 231
Masters/sinaimasters/ara/arabic_0231/sld_arb0231_0156_f_077v.tif,156,discovery,f. 077v,Text,,,,ChildWork,copyrighted,Contact the Monastery of St. Catherine’s of the Sinai. Metadata: Unless otherwise indicated all metadata associated with this manuscript is copyright the authors and released under Creative Commons Attribution 4.0 International License.,Sinai Arabic 231
Masters/sinaimasters/ara/arabic_0231/sld_arb0231_0157_f_078r.tif,157,discovery,f. 078r,Text,,,,ChildWork,copyrighted,Contact the Monastery of St. Catherine’s of the Sinai. Metadata: Unless otherwise indicated all metadata associated with this manuscript is copyright the authors and released under Creative Commons Attribution 4.0 International License.,Sinai Arabic 231
Masters/sinaimasters/ara/arabic_0231/sld_arb0231_0158_f_078v.tif,158,discovery,f. 078v,Text,,,,ChildWork,copyrighted,Contact the Monastery of St. Catherine’s of the Sinai. Metadata: Unless otherwise indicated all metadata associated with this manuscript is copyright the authors and released under Creative Commons Attribution 4.0 International License.,Sinai Arabic 231
Masters/sinaimasters/ara/arabic_0231/sld_arb0231_0159_f_079r.tif,159,discovery,f. 079r,Text,,,,ChildWork,copyrighted,Contact the Monastery of St. Catherine’s of the Sinai. Metadata: Unless otherwise indicated all metadata associated with this manuscript is copyright the authors and released under Creative Commons Attribution 4.0 International License.,Sinai Arabic 231
Masters/sinaimasters/ara/arabic_0231/sld_arb0231_0160_f_079v.tif,160,discovery,f. 079v,Text,,,,ChildWork,copyrighted,Contact the Monastery of St. Catherine’s of the Sinai. Metadata: Unless otherwise indicated all metadata associated with this manuscript is copyright the authors and released under Creative Commons Attribution 4.0 International License.,Sinai Arabic 231
Masters/sinaimasters/ara/arabic_0231/sld_arb0231_0161_f_080r.tif,161,discovery,f. 080r,Text,,,,ChildWork,copyrighted,Contact the Monastery of St. Catherine’s of the Sinai. Metadata: Unless otherwise indicated all metadata associated with this manuscript is copyright the authors and released under Creative Commons Attribution 4.0 International License.,Sinai Arabic 231
Masters/sinaimasters/ara/arabic_0231/sld_arb0231_0162_f_080v.tif,162,discovery,f. 080v,Text,,,,ChildWork,copyrighted,Contact the Monastery of St. Catherine’s of the Sinai. Metadata: Unless otherwise indicated all metadata associated with this manuscript is copyright the authors and released under Creative Commons Attribution 4.0 International License.,Sinai Arabic 231
Masters/sinaimasters/ara/arabic_0231/sld_arb0231_0163_f_081r.tif,163,discovery,f. 081r,Text,,,,ChildWork,copyrighted,Contact the Monastery of St. Catherine’s of the Sinai. Metadata: Unless otherwise indicated all metadata associated with this manuscript is copyright the authors and released under Creative Commons Attribution 4.0 International License.,Sinai Arabic 231
Masters/sinaimasters/ara/arabic_0231/sld_arb0231_0164_f_081v.tif,164,discovery,f. 081v,Text,,,,ChildWork,copyrighted,Contact the Monastery of St. Catherine’s of the Sinai. Metadata: Unless otherwise indicated all metadata associated with this manuscript is copyright the authors and released under Creative Commons Attribution 4.0 International License.,Sinai Arabic 231
Masters/sinaimasters/ara/arabic_0231/sld_arb0231_0165_f_082r.tif,165,discovery,f. 082r,Text,,,,ChildWork,copyrighted,Contact the Monastery of St. Catherine’s of the Sinai. Metadata: Unless otherwise indicated all metadata associated with this manuscript is copyright the authors and released under Creative Commons Attribution 4.0 International License.,Sinai Arabic 231
Masters/sinaimasters/ara/arabic_0231/sld_arb0231_0166_f_082v.tif,166,discovery,f. 082v,Text,,,,ChildWork,copyrighted,Contact the Monastery of St. Catherine’s of the Sinai. Metadata: Unless otherwise indicated all metadata associated with this manuscript is copyright the authors and released under Creative Commons Attribution 4.0 International License.,Sinai Arabic 231
Masters/sinaimasters/ara/arabic_0231/sld_arb0231_0167_f_083r.tif,167,discovery,f. 083r,Text,,,,ChildWork,copyrighted,Contact the Monastery of St. Catherine’s of the Sinai. Metadata: Unless otherwise indicated all metadata associated with this manuscript is copyright the authors and released under Creative Commons Attribution 4.0 International License.,Sinai Arabic 231
Masters/sinaimasters/ara/arabic_0231/sld_arb0231_0168_f_083v.tif,168,discovery,f. 083v,Text,,,,ChildWork,copyrighted,Contact the Monastery of St. Catherine’s of the Sinai. Metadata: Unless otherwise indicated all metadata associated with this manuscript is copyright the authors and released under Creative Commons Attribution 4.0 International License.,Sinai Arabic 231
Masters/sinaimasters/ara/arabic_0231/sld_arb0231_0169_f_084r.tif,169,discovery,f. 084r,Text,,,,ChildWork,copyrighted,Contact the Monastery of St. Catherine’s of the Sinai. Metadata: Unless otherwise indicated all metadata associated with this manuscript is copyright the authors and released under Creative Commons Attribution 4.0 International License.,Sinai Arabic 231
Masters/sinaimasters/ara/arabic_0231/sld_arb0231_0170_f_084v.tif,170,discovery,f. 084v,Text,,,,ChildWork,copyrighted,Contact the Monastery of St. Catherine’s of the Sinai. Metadata: Unless otherwise indicated all metadata associated with this manuscript is copyright the authors and released under Creative Commons Attribution 4.0 International License.,Sinai Arabic 231
Masters/sinaimasters/ara/arabic_0231/sld_arb0231_0171_f_085r.tif,171,discovery,f. 085r,Text,,,,ChildWork,copyrighted,Contact the Monastery of St. Catherine’s of the Sinai. Metadata: Unless otherwise indicated all metadata associated with this manuscript is copyright the authors and released under Creative Commons Attribution 4.0 International License.,Sinai Arabic 231
Masters/sinaimasters/ara/arabic_0231/sld_arb0231_0172_f_085v.tif,172,discovery,f. 085v,Text,,,,ChildWork,copyrighted,Contact the Monastery of St. Catherine’s of the Sinai. Metadata: Unless otherwise indicated all metadata associated with this manuscript is copyright the authors and released under Creative Commons Attribution 4.0 International License.,Sinai Arabic 231
Masters/sinaimasters/ara/arabic_0231/sld_arb0231_0173_f_086r.tif,173,discovery,f. 086r,Text,,,,ChildWork,copyrighted,Contact the Monastery of St. Catherine’s of the Sinai. Metadata: Unless otherwise indicated all metadata associated with this manuscript is copyright the authors and released under Creative Commons Attribution 4.0 International License.,Sinai Arabic 231
Masters/sinaimasters/ara/arabic_0231/sld_arb0231_0174_f_086v.tif,174,discovery,f. 086v,Text,,,,ChildWork,copyrighted,Contact the Monastery of St. Catherine’s of the Sinai. Metadata: Unless otherwise indicated all metadata associated with this manuscript is copyright the authors and released under Creative Commons Attribution 4.0 International License.,Sinai Arabic 231
Masters/sinaimasters/ara/arabic_0231/sld_arb0231_0175_f_087r.tif,175,discovery,f. 087r,Text,,,,ChildWork,copyrighted,Contact the Monastery of St. Catherine’s of the Sinai. Metadata: Unless otherwise indicated all metadata associated with this manuscript is copyright the authors and released under Creative Commons Attribution 4.0 International License.,Sinai Arabic 231
Masters/sinaimasters/ara/arabic_0231/sld_arb0231_0176_f_087v.tif,176,discovery,f. 087v,Text,,,,ChildWork,copyrighted,Contact the Monastery of St. Catherine’s of the Sinai. Metadata: Unless otherwise indicated all metadata associated with this manuscript is copyright the authors and released under Creative Commons Attribution 4.0 International License.,Sinai Arabic 231
Masters/sinaimasters/ara/arabic_0231/sld_arb0231_0177_f_088r.tif,177,discovery,f. 088r,Text,,,,ChildWork,copyrighted,Contact the Monastery of St. Catherine’s of the Sinai. Metadata: Unless otherwise indicated all metadata associated with this manuscript is copyright the authors and released under Creative Commons Attribution 4.0 International License.,Sinai Arabic 231
Masters/sinaimasters/ara/arabic_0231/sld_arb0231_0178_f_088v.tif,178,discovery,f. 088v,Text,,,,ChildWork,copyrighted,Contact the Monastery of St. Catherine’s of the Sinai. Metadata: Unless otherwise indicated all metadata associated with this manuscript is copyright the authors and released under Creative Commons Attribution 4.0 International License.,Sinai Arabic 231
Masters/sinaimasters/ara/arabic_0231/sld_arb0231_0179_f_089r.tif,179,discovery,f. 089r,Text,,,,ChildWork,copyrighted,Contact the Monastery of St. Catherine’s of the Sinai. Metadata: Unless otherwise indicated all metadata associated with this manuscript is copyright the authors and released under Creative Commons Attribution 4.0 International License.,Sinai Arabic 231
Masters/sinaimasters/ara/arabic_0231/sld_arb0231_0180_f_089v.tif,180,discovery,f. 089v,Text,,,,ChildWork,copyrighted,Contact the Monastery of St. Catherine’s of the Sinai. Metadata: Unless otherwise indicated all metadata associated with this manuscript is copyright the authors and released under Creative Commons Attribution 4.0 International License.,Sinai Arabic 231
Masters/sinaimasters/ara/arabic_0231/sld_arb0231_0181_f_090r.tif,181,discovery,f. 090r,Text,,,,ChildWork,copyrighted,Contact the Monastery of St. Catherine’s of the Sinai. Metadata: Unless otherwise indicated all metadata associated with this manuscript is copyright the authors and released under Creative Commons Attribution 4.0 International License.,Sinai Arabic 231
Masters/sinaimasters/ara/arabic_0231/sld_arb0231_0182_f_090v.tif,182,discovery,f. 090v,Text,,,,ChildWork,copyrighted,Contact the Monastery of St. Catherine’s of the Sinai. Metadata: Unless otherwise indicated all metadata associated with this manuscript is copyright the authors and released under Creative Commons Attribution 4.0 International License.,Sinai Arabic 231
Masters/sinaimasters/ara/arabic_0231/sld_arb0231_0183_f_091r.tif,183,discovery,f. 091r,Text,,,,ChildWork,copyrighted,Contact the Monastery of St. Catherine’s of the Sinai. Metadata: Unless otherwise indicated all metadata associated with this manuscript is copyright the authors and released under Creative Commons Attribution 4.0 International License.,Sinai Arabic 231
Masters/sinaimasters/ara/arabic_0231/sld_arb0231_0184_f_091v.tif,184,discovery,f. 091v,Text,,,,ChildWork,copyrighted,Contact the Monastery of St. Catherine’s of the Sinai. Metadata: Unless otherwise indicated all metadata associated with this manuscript is copyright the authors and released under Creative Commons Attribution 4.0 International License.,Sinai Arabic 231
Masters/sinaimasters/ara/arabic_0231/sld_arb0231_0185_f_092r.tif,185,discovery,f. 092r,Text,,,,ChildWork,copyrighted,Contact the Monastery of St. Catherine’s of the Sinai. Metadata: Unless otherwise indicated all metadata associated with this manuscript is copyright the authors and released under Creative Commons Attribution 4.0 International License.,Sinai Arabic 231
Masters/sinaimasters/ara/arabic_0231/sld_arb0231_0186_f_092v.tif,186,discovery,f. 092v,Text,,,,ChildWork,copyrighted,Contact the Monastery of St. Catherine’s of the Sinai. Metadata: Unless otherwise indicated all metadata associated with this manuscript is copyright the authors and released under Creative Commons Attribution 4.0 International License.,Sinai Arabic 231
Masters/sinaimasters/ara/arabic_0231/sld_arb0231_0187_f_093r.tif,187,discovery,f. 093r,Text,,,,ChildWork,copyrighted,Contact the Monastery of St. Catherine’s of the Sinai. Metadata: Unless otherwise indicated all metadata associated with this manuscript is copyright the authors and released under Creative Commons Attribution 4.0 International License.,Sinai Arabic 231
Masters/sinaimasters/ara/arabic_0231/sld_arb0231_0188_f_093v.tif,188,discovery,f. 093v,Text,,,,ChildWork,copyrighted,Contact the Monastery of St. Catherine’s of the Sinai. Metadata: Unless otherwise indicated all metadata associated with this manuscript is copyright the authors and released under Creative Commons Attribution 4.0 International License.,Sinai Arabic 231
Masters/sinaimasters/ara/arabic_0231/sld_arb0231_0189_f_094r.tif,189,discovery,f. 094r,Text,,,,ChildWork,copyrighted,Contact the Monastery of St. Catherine’s of the Sinai. Metadata: Unless otherwise indicated all metadata associated with this manuscript is copyright the authors and released under Creative Commons Attribution 4.0 International License.,Sinai Arabic 231
Masters/sinaimasters/ara/arabic_0231/sld_arb0231_0190_f_094v.tif,190,discovery,f. 094v,Text,,,,ChildWork,copyrighted,Contact the Monastery of St. Catherine’s of the Sinai. Metadata: Unless otherwise indicated all metadata associated with this manuscript is copyright the authors and released under Creative Commons Attribution 4.0 International License.,Sinai Arabic 231
Masters/sinaimasters/ara/arabic_0231/sld_arb0231_0191_f_095r.tif,191,discovery,f. 095r,Text,,,,ChildWork,copyrighted,Contact the Monastery of St. Catherine’s of the Sinai. Metadata: Unless otherwise indicated all metadata associated with this manuscript is copyright the authors and released under Creative Commons Attribution 4.0 International License.,Sinai Arabic 231
Masters/sinaimasters/ara/arabic_0231/sld_arb0231_0192_f_095v.tif,192,discovery,f. 095v,Text,,,,ChildWork,copyrighted,Contact the Monastery of St. Catherine’s of the Sinai. Metadata: Unless otherwise indicated all metadata associated with this manuscript is copyright the authors and released under Creative Commons Attribution 4.0 International License.,Sinai Arabic 231
Masters/sinaimasters/ara/arabic_0231/sld_arb0231_0193_f_096r.tif,193,discovery,f. 096r,Text,,,,ChildWork,copyrighted,Contact the Monastery of St. Catherine’s of the Sinai. Metadata: Unless otherwise indicated all metadata associated with this manuscript is copyright the authors and released under Creative Commons Attribution 4.0 International License.,Sinai Arabic 231
Masters/sinaimasters/ara/arabic_0231/sld_arb0231_0194_f_096v.tif,194,discovery,f. 096v,Text,,,,ChildWork,copyrighted,Contact the Monastery of St. Catherine’s of the Sinai. Metadata: Unless otherwise indicated all metadata associated with this manuscript is copyright the authors and released under Creative Commons Attribution 4.0 International License.,Sinai Arabic 231
Masters/sinaimasters/ara/arabic_0231/sld_arb0231_0195_f_097r.tif,195,discovery,f. 097r,Text,,,,ChildWork,copyrighted,Contact the Monastery of St. Catherine’s of the Sinai. Metadata: Unless otherwise indicated all metadata associated with this manuscript is copyright the authors and released under Creative Commons Attribution 4.0 International License.,Sinai Arabic 231
Masters/sinaimasters/ara/arabic_0231/sld_arb0231_0196_f_097v.tif,196,discovery,f. 097v,Text,,,,ChildWork,copyrighted,Contact the Monastery of St. Catherine’s of the Sinai. Metadata: Unless otherwise indicated all metadata associated with this manuscript is copyright the authors and released under Creative Commons Attribution 4.0 International License.,Sinai Arabic 231
Masters/sinaimasters/ara/arabic_0231/sld_arb0231_0197_f_098r.tif,197,discovery,f. 098r,Text,,,,ChildWork,copyrighted,Contact the Monastery of St. Catherine’s of the Sinai. Metadata: Unless otherwise indicated all metadata associated with this manuscript is copyright the authors and released under Creative Commons Attribution 4.0 International License.,Sinai Arabic 231
Masters/sinaimasters/ara/arabic_0231/sld_arb0231_0198_f_098v.tif,198,discovery,f. 098v,Text,,,,ChildWork,copyrighted,Contact the Monastery of St. Catherine’s of the Sinai. Metadata: Unless otherwise indicated all metadata associated with this manuscript is copyright the authors and released under Creative Commons Attribution 4.0 International License.,Sinai Arabic 231
Masters/sinaimasters/ara/arabic_0231/sld_arb0231_0199_y_999.tif,199,discovery,Back Board Inside,Back matter,,,,ChildWork,copyrighted,Contact the Monastery of St. Catherine’s of the Sinai. Metadata: Unless otherwise indicated all metadata associated with this manuscript is copyright the authors and released under Creative Commons Attribution 4.0 International License.,Sinai Arabic 231
Masters/sinaimasters/ara/arabic_0231/sld_arb0231_0200_z_1.tif,200,discovery,Back Board Outside,Back matter,,,,ChildWork,copyrighted,Contact the Monastery of St. Catherine’s of the Sinai. Metadata: Unless otherwise indicated all metadata associated with this manuscript is copyright the authors and released under Creative Commons Attribution 4.0 International License.,Sinai Arabic 231
Masters/sinaimasters/ara/arabic_0231/sld_arb0231_0201_z_2.tif,201,discovery,Spine,,,,,ChildWork,copyrighted,Contact the Monastery of St. Catherine’s of the Sinai. Metadata: Unless otherwise indicated all metadata associated with this manuscript is copyright the authors and released under Creative Commons Attribution 4.0 International License.,Sinai Arabic 231
Masters/sinaimasters/ara/arabic_0231/sld_arb0231_0202_z_3.tif,202,discovery,Fore edge,,,,,ChildWork,copyrighted,Contact the Monastery of St. Catherine’s of the Sinai. Metadata: Unless otherwise indicated all metadata associated with this manuscript is copyright the authors and released under Creative Commons Attribution 4.0 International License.,Sinai Arabic 231
Masters/sinaimasters/ara/arabic_0231/sld_arb0231_0203_z_3a.tif,203,discovery,Fore edge,,,,,ChildWork,copyrighted,Contact the Monastery of St. Catherine’s of the Sinai. Metadata: Unless otherwise indicated all metadata associated with this manuscript is copyright the authors and released under Creative Commons Attribution 4.0 International License.,Sinai Arabic 231
Masters/sinaimasters/ara/arabic_0231/sld_arb0231_0204_z_4.tif,204,discovery,Head,,,,,ChildWork,copyrighted,Contact the Monastery of St. Catherine’s of the Sinai. Metadata: Unless otherwise indicated all metadata associated with this manuscript is copyright the authors and released under Creative Commons Attribution 4.0 International License.,Sinai Arabic 231
Masters/sinaimasters/ara/arabic_0231/sld_arb0231_0205_z_5.tif,205,discovery,Tail,,,,,ChildWork,copyrighted,Contact the Monastery of St. Catherine’s of the Sinai. Metadata: Unless otherwise indicated all metadata associated with this manuscript is copyright the authors and released under Creative Commons Attribution 4.0 International License.,Sinai Arabic 231
