File Name,Item Sequence,Visibility,Title,IIIF Range,viewingHint,Parent ARK,Item ARK,Object Type,Rights.statementLocal,Source,Bucketeer State,IIIF Access URL
Masters/sinaimasters/ara/arabic_0031/sld_arb0031_0001_a_1.tif,1,sinai,Front Board Outside,Front matter,,ark:/21198/z1pk20rk,ark:/21198/z1pk20rk/9b65z818,Page,Images: Contact the Monastery of St. Catherine's of the Sinai. Metadata: Unless otherwise indicated all metadata associated with this manuscript is copyright the authors and released under Creative Commons Attribution 4.0 International License.,Sinai Arabic 31,succeeded,https://iiif.sinaimanuscripts.library.ucla.edu/iiif/2/ark%3A%2F21198%2Fz1pk20rk%2F9b65z818
Masters/sinaimasters/ara/arabic_0031/sld_arb0031_0002_b_000.tif,2,sinai,Front Board Inside,Front matter,,ark:/21198/z1pk20rk,ark:/21198/z1pk20rk/gx757h3q,Page,Images: Contact the Monastery of St. Catherine's of the Sinai. Metadata: Unless otherwise indicated all metadata associated with this manuscript is copyright the authors and released under Creative Commons Attribution 4.0 International License.,Sinai Arabic 31,succeeded,https://iiif.sinaimanuscripts.library.ucla.edu/iiif/2/ark%3A%2F21198%2Fz1pk20rk%2Fgx757h3q
Masters/sinaimasters/ara/arabic_0031/sld_arb0031_0003_f_001r.tif,3,sinai,f. 1r,Text,,ark:/21198/z1pk20rk,ark:/21198/z1pk20rk/9v54z21d,Page,Images: Contact the Monastery of St. Catherine's of the Sinai. Metadata: Unless otherwise indicated all metadata associated with this manuscript is copyright the authors and released under Creative Commons Attribution 4.0 International License.,Sinai Arabic 31,succeeded,https://iiif.sinaimanuscripts.library.ucla.edu/iiif/2/ark%3A%2F21198%2Fz1pk20rk%2F9v54z21d
Masters/sinaimasters/ara/arabic_0031/sld_arb0031_0004_f_001v.tif,4,sinai,f. 1v,Text,,ark:/21198/z1pk20rk,ark:/21198/z1pk20rk/0f94j52j,Page,Images: Contact the Monastery of St. Catherine's of the Sinai. Metadata: Unless otherwise indicated all metadata associated with this manuscript is copyright the authors and released under Creative Commons Attribution 4.0 International License.,Sinai Arabic 31,succeeded,https://iiif.sinaimanuscripts.library.ucla.edu/iiif/2/ark%3A%2F21198%2Fz1pk20rk%2F0f94j52j
Masters/sinaimasters/ara/arabic_0031/sld_arb0031_0005_f_002r.tif,5,sinai,f. 2r,Text,,ark:/21198/z1pk20rk,ark:/21198/z1pk20rk/n574rd1x,Page,Images: Contact the Monastery of St. Catherine's of the Sinai. Metadata: Unless otherwise indicated all metadata associated with this manuscript is copyright the authors and released under Creative Commons Attribution 4.0 International License.,Sinai Arabic 31,succeeded,https://iiif.sinaimanuscripts.library.ucla.edu/iiif/2/ark%3A%2F21198%2Fz1pk20rk%2Fn574rd1x
Masters/sinaimasters/ara/arabic_0031/sld_arb0031_0006_f_002v.tif,6,sinai,f. 2v,Text,,ark:/21198/z1pk20rk,ark:/21198/z1pk20rk/s7428n3z,Page,Images: Contact the Monastery of St. Catherine's of the Sinai. Metadata: Unless otherwise indicated all metadata associated with this manuscript is copyright the authors and released under Creative Commons Attribution 4.0 International License.,Sinai Arabic 31,succeeded,https://iiif.sinaimanuscripts.library.ucla.edu/iiif/2/ark%3A%2F21198%2Fz1pk20rk%2Fs7428n3z
Masters/sinaimasters/ara/arabic_0031/sld_arb0031_0007_f_003r.tif,7,sinai,f. 3r,Text,,ark:/21198/z1pk20rk,ark:/21198/z1pk20rk/v975sp8q,Page,Images: Contact the Monastery of St. Catherine's of the Sinai. Metadata: Unless otherwise indicated all metadata associated with this manuscript is copyright the authors and released under Creative Commons Attribution 4.0 International License.,Sinai Arabic 31,succeeded,https://iiif.sinaimanuscripts.library.ucla.edu/iiif/2/ark%3A%2F21198%2Fz1pk20rk%2Fv975sp8q
Masters/sinaimasters/ara/arabic_0031/sld_arb0031_0008_f_003v.tif,8,sinai,f. 3v,Text,,ark:/21198/z1pk20rk,ark:/21198/z1pk20rk/q1096f7d,Page,Images: Contact the Monastery of St. Catherine's of the Sinai. Metadata: Unless otherwise indicated all metadata associated with this manuscript is copyright the authors and released under Creative Commons Attribution 4.0 International License.,Sinai Arabic 31,succeeded,https://iiif.sinaimanuscripts.library.ucla.edu/iiif/2/ark%3A%2F21198%2Fz1pk20rk%2Fq1096f7d
Masters/sinaimasters/ara/arabic_0031/sld_arb0031_0009_f_004r.tif,9,sinai,f. 4r,Text,,ark:/21198/z1pk20rk,ark:/21198/z1pk20rk/t8317q9s,Page,Images: Contact the Monastery of St. Catherine's of the Sinai. Metadata: Unless otherwise indicated all metadata associated with this manuscript is copyright the authors and released under Creative Commons Attribution 4.0 International License.,Sinai Arabic 31,succeeded,https://iiif.sinaimanuscripts.library.ucla.edu/iiif/2/ark%3A%2F21198%2Fz1pk20rk%2Ft8317q9s
Masters/sinaimasters/ara/arabic_0031/sld_arb0031_0010_f_004v.tif,10,sinai,f. 4v,Text,,ark:/21198/z1pk20rk,ark:/21198/z1pk20rk/xm69zp72,Page,Images: Contact the Monastery of St. Catherine's of the Sinai. Metadata: Unless otherwise indicated all metadata associated with this manuscript is copyright the authors and released under Creative Commons Attribution 4.0 International License.,Sinai Arabic 31,succeeded,https://iiif.sinaimanuscripts.library.ucla.edu/iiif/2/ark%3A%2F21198%2Fz1pk20rk%2Fxm69zp72
Masters/sinaimasters/ara/arabic_0031/sld_arb0031_0011_f_005r.tif,11,sinai,f. 5r,Text,,ark:/21198/z1pk20rk,ark:/21198/z1pk20rk/nt02h298,Page,Images: Contact the Monastery of St. Catherine's of the Sinai. Metadata: Unless otherwise indicated all metadata associated with this manuscript is copyright the authors and released under Creative Commons Attribution 4.0 International License.,Sinai Arabic 31,succeeded,https://iiif.sinaimanuscripts.library.ucla.edu/iiif/2/ark%3A%2F21198%2Fz1pk20rk%2Fnt02h298
Masters/sinaimasters/ara/arabic_0031/sld_arb0031_0012_f_005v.tif,12,sinai,f. 5v,Text,,ark:/21198/z1pk20rk,ark:/21198/z1pk20rk/vt819f75,Page,Images: Contact the Monastery of St. Catherine's of the Sinai. Metadata: Unless otherwise indicated all metadata associated with this manuscript is copyright the authors and released under Creative Commons Attribution 4.0 International License.,Sinai Arabic 31,succeeded,https://iiif.sinaimanuscripts.library.ucla.edu/iiif/2/ark%3A%2F21198%2Fz1pk20rk%2Fvt819f75
Masters/sinaimasters/ara/arabic_0031/sld_arb0031_0013_f_006r.tif,13,sinai,f. 6r,Text,,ark:/21198/z1pk20rk,ark:/21198/z1pk20rk/f199sx0z,Page,Images: Contact the Monastery of St. Catherine's of the Sinai. Metadata: Unless otherwise indicated all metadata associated with this manuscript is copyright the authors and released under Creative Commons Attribution 4.0 International License.,Sinai Arabic 31,succeeded,https://iiif.sinaimanuscripts.library.ucla.edu/iiif/2/ark%3A%2F21198%2Fz1pk20rk%2Ff199sx0z
Masters/sinaimasters/ara/arabic_0031/sld_arb0031_0014_f_006v.tif,14,sinai,f. 6v,Text,,ark:/21198/z1pk20rk,ark:/21198/z1pk20rk/dx21zn37,Page,Images: Contact the Monastery of St. Catherine's of the Sinai. Metadata: Unless otherwise indicated all metadata associated with this manuscript is copyright the authors and released under Creative Commons Attribution 4.0 International License.,Sinai Arabic 31,succeeded,https://iiif.sinaimanuscripts.library.ucla.edu/iiif/2/ark%3A%2F21198%2Fz1pk20rk%2Fdx21zn37
Masters/sinaimasters/ara/arabic_0031/sld_arb0031_0015_f_007r.tif,15,sinai,f. 7r,Text,,ark:/21198/z1pk20rk,ark:/21198/z1pk20rk/rz29rj6j,Page,Images: Contact the Monastery of St. Catherine's of the Sinai. Metadata: Unless otherwise indicated all metadata associated with this manuscript is copyright the authors and released under Creative Commons Attribution 4.0 International License.,Sinai Arabic 31,succeeded,https://iiif.sinaimanuscripts.library.ucla.edu/iiif/2/ark%3A%2F21198%2Fz1pk20rk%2Frz29rj6j
Masters/sinaimasters/ara/arabic_0031/sld_arb0031_0016_f_007v.tif,16,sinai,f. 7v,Text,,ark:/21198/z1pk20rk,ark:/21198/z1pk20rk/zg14pm54,Page,Images: Contact the Monastery of St. Catherine's of the Sinai. Metadata: Unless otherwise indicated all metadata associated with this manuscript is copyright the authors and released under Creative Commons Attribution 4.0 International License.,Sinai Arabic 31,succeeded,https://iiif.sinaimanuscripts.library.ucla.edu/iiif/2/ark%3A%2F21198%2Fz1pk20rk%2Fzg14pm54
Masters/sinaimasters/ara/arabic_0031/sld_arb0031_0017_f_008r.tif,17,sinai,f. 8r,Text,,ark:/21198/z1pk20rk,ark:/21198/z1pk20rk/dw432w36,Page,Images: Contact the Monastery of St. Catherine's of the Sinai. Metadata: Unless otherwise indicated all metadata associated with this manuscript is copyright the authors and released under Creative Commons Attribution 4.0 International License.,Sinai Arabic 31,succeeded,https://iiif.sinaimanuscripts.library.ucla.edu/iiif/2/ark%3A%2F21198%2Fz1pk20rk%2Fdw432w36
Masters/sinaimasters/ara/arabic_0031/sld_arb0031_0018_f_008v.tif,18,sinai,f. 8v,Text,,ark:/21198/z1pk20rk,ark:/21198/z1pk20rk/jj80ps9w,Page,Images: Contact the Monastery of St. Catherine's of the Sinai. Metadata: Unless otherwise indicated all metadata associated with this manuscript is copyright the authors and released under Creative Commons Attribution 4.0 International License.,Sinai Arabic 31,succeeded,https://iiif.sinaimanuscripts.library.ucla.edu/iiif/2/ark%3A%2F21198%2Fz1pk20rk%2Fjj80ps9w
Masters/sinaimasters/ara/arabic_0031/sld_arb0031_0019_f_009r.tif,19,sinai,f. 9r,Text,,ark:/21198/z1pk20rk,ark:/21198/z1pk20rk/sj649805,Page,Images: Contact the Monastery of St. Catherine's of the Sinai. Metadata: Unless otherwise indicated all metadata associated with this manuscript is copyright the authors and released under Creative Commons Attribution 4.0 International License.,Sinai Arabic 31,succeeded,https://iiif.sinaimanuscripts.library.ucla.edu/iiif/2/ark%3A%2F21198%2Fz1pk20rk%2Fsj649805
Masters/sinaimasters/ara/arabic_0031/sld_arb0031_0020_f_009v.tif,20,sinai,f. 9v,Text,,ark:/21198/z1pk20rk,ark:/21198/z1pk20rk/qx61fk0n,Page,Images: Contact the Monastery of St. Catherine's of the Sinai. Metadata: Unless otherwise indicated all metadata associated with this manuscript is copyright the authors and released under Creative Commons Attribution 4.0 International License.,Sinai Arabic 31,succeeded,https://iiif.sinaimanuscripts.library.ucla.edu/iiif/2/ark%3A%2F21198%2Fz1pk20rk%2Fqx61fk0n
Masters/sinaimasters/ara/arabic_0031/sld_arb0031_0021_f_010r.tif,21,sinai,f. 10r,Text,,ark:/21198/z1pk20rk,ark:/21198/z1pk20rk/7s85811v,Page,Images: Contact the Monastery of St. Catherine's of the Sinai. Metadata: Unless otherwise indicated all metadata associated with this manuscript is copyright the authors and released under Creative Commons Attribution 4.0 International License.,Sinai Arabic 31,succeeded,https://iiif.sinaimanuscripts.library.ucla.edu/iiif/2/ark%3A%2F21198%2Fz1pk20rk%2F7s85811v
Masters/sinaimasters/ara/arabic_0031/sld_arb0031_0022_f_010v.tif,22,sinai,f. 10v,Text,,ark:/21198/z1pk20rk,ark:/21198/z1pk20rk/s460xx7n,Page,Images: Contact the Monastery of St. Catherine's of the Sinai. Metadata: Unless otherwise indicated all metadata associated with this manuscript is copyright the authors and released under Creative Commons Attribution 4.0 International License.,Sinai Arabic 31,succeeded,https://iiif.sinaimanuscripts.library.ucla.edu/iiif/2/ark%3A%2F21198%2Fz1pk20rk%2Fs460xx7n
Masters/sinaimasters/ara/arabic_0031/sld_arb0031_0023_f_011r.tif,23,sinai,f. 11r,Text,,ark:/21198/z1pk20rk,ark:/21198/z1pk20rk/9693fz5d,Page,Images: Contact the Monastery of St. Catherine's of the Sinai. Metadata: Unless otherwise indicated all metadata associated with this manuscript is copyright the authors and released under Creative Commons Attribution 4.0 International License.,Sinai Arabic 31,succeeded,https://iiif.sinaimanuscripts.library.ucla.edu/iiif/2/ark%3A%2F21198%2Fz1pk20rk%2F9693fz5d
Masters/sinaimasters/ara/arabic_0031/sld_arb0031_0024_f_011v.tif,24,sinai,f. 11v,Text,,ark:/21198/z1pk20rk,ark:/21198/z1pk20rk/fj883s0c,Page,Images: Contact the Monastery of St. Catherine's of the Sinai. Metadata: Unless otherwise indicated all metadata associated with this manuscript is copyright the authors and released under Creative Commons Attribution 4.0 International License.,Sinai Arabic 31,succeeded,https://iiif.sinaimanuscripts.library.ucla.edu/iiif/2/ark%3A%2F21198%2Fz1pk20rk%2Ffj883s0c
Masters/sinaimasters/ara/arabic_0031/sld_arb0031_0025_f_012r.tif,25,sinai,f. 12r,Text,,ark:/21198/z1pk20rk,ark:/21198/z1pk20rk/2z05ft39,Page,Images: Contact the Monastery of St. Catherine's of the Sinai. Metadata: Unless otherwise indicated all metadata associated with this manuscript is copyright the authors and released under Creative Commons Attribution 4.0 International License.,Sinai Arabic 31,succeeded,https://iiif.sinaimanuscripts.library.ucla.edu/iiif/2/ark%3A%2F21198%2Fz1pk20rk%2F2z05ft39
Masters/sinaimasters/ara/arabic_0031/sld_arb0031_0026_f_012v.tif,26,sinai,f. 12v,Text,,ark:/21198/z1pk20rk,ark:/21198/z1pk20rk/k541xm1z,Page,Images: Contact the Monastery of St. Catherine's of the Sinai. Metadata: Unless otherwise indicated all metadata associated with this manuscript is copyright the authors and released under Creative Commons Attribution 4.0 International License.,Sinai Arabic 31,succeeded,https://iiif.sinaimanuscripts.library.ucla.edu/iiif/2/ark%3A%2F21198%2Fz1pk20rk%2Fk541xm1z
Masters/sinaimasters/ara/arabic_0031/sld_arb0031_0027_f_013r.tif,27,sinai,f. 13r,Text,,ark:/21198/z1pk20rk,ark:/21198/z1pk20rk/cr24fs8c,Page,Images: Contact the Monastery of St. Catherine's of the Sinai. Metadata: Unless otherwise indicated all metadata associated with this manuscript is copyright the authors and released under Creative Commons Attribution 4.0 International License.,Sinai Arabic 31,succeeded,https://iiif.sinaimanuscripts.library.ucla.edu/iiif/2/ark%3A%2F21198%2Fz1pk20rk%2Fcr24fs8c
Masters/sinaimasters/ara/arabic_0031/sld_arb0031_0028_f_013v.tif,28,sinai,f. 13v,Text,,ark:/21198/z1pk20rk,ark:/21198/z1pk20rk/cd50x45q,Page,Images: Contact the Monastery of St. Catherine's of the Sinai. Metadata: Unless otherwise indicated all metadata associated with this manuscript is copyright the authors and released under Creative Commons Attribution 4.0 International License.,Sinai Arabic 31,succeeded,https://iiif.sinaimanuscripts.library.ucla.edu/iiif/2/ark%3A%2F21198%2Fz1pk20rk%2Fcd50x45q
Masters/sinaimasters/ara/arabic_0031/sld_arb0031_0029_f_014r.tif,29,sinai,f. 14r,Text,,ark:/21198/z1pk20rk,ark:/21198/z1pk20rk/8s67xh5d,Page,Images: Contact the Monastery of St. Catherine's of the Sinai. Metadata: Unless otherwise indicated all metadata associated with this manuscript is copyright the authors and released under Creative Commons Attribution 4.0 International License.,Sinai Arabic 31,succeeded,https://iiif.sinaimanuscripts.library.ucla.edu/iiif/2/ark%3A%2F21198%2Fz1pk20rk%2F8s67xh5d
Masters/sinaimasters/ara/arabic_0031/sld_arb0031_0030_f_014v.tif,30,sinai,f. 14v,Text,,ark:/21198/z1pk20rk,ark:/21198/z1pk20rk/dc670785,Page,Images: Contact the Monastery of St. Catherine's of the Sinai. Metadata: Unless otherwise indicated all metadata associated with this manuscript is copyright the authors and released under Creative Commons Attribution 4.0 International License.,Sinai Arabic 31,succeeded,https://iiif.sinaimanuscripts.library.ucla.edu/iiif/2/ark%3A%2F21198%2Fz1pk20rk%2Fdc670785
Masters/sinaimasters/ara/arabic_0031/sld_arb0031_0031_f_015r.tif,31,sinai,f. 15r,Text,,ark:/21198/z1pk20rk,ark:/21198/z1pk20rk/kq95s62c,Page,Images: Contact the Monastery of St. Catherine's of the Sinai. Metadata: Unless otherwise indicated all metadata associated with this manuscript is copyright the authors and released under Creative Commons Attribution 4.0 International License.,Sinai Arabic 31,succeeded,https://iiif.sinaimanuscripts.library.ucla.edu/iiif/2/ark%3A%2F21198%2Fz1pk20rk%2Fkq95s62c
Masters/sinaimasters/ara/arabic_0031/sld_arb0031_0032_f_015v.tif,32,sinai,f. 15v,Text,,ark:/21198/z1pk20rk,ark:/21198/z1pk20rk/4699gj1j,Page,Images: Contact the Monastery of St. Catherine's of the Sinai. Metadata: Unless otherwise indicated all metadata associated with this manuscript is copyright the authors and released under Creative Commons Attribution 4.0 International License.,Sinai Arabic 31,succeeded,https://iiif.sinaimanuscripts.library.ucla.edu/iiif/2/ark%3A%2F21198%2Fz1pk20rk%2F4699gj1j
Masters/sinaimasters/ara/arabic_0031/sld_arb0031_0033_f_016r.tif,33,sinai,f. 16r,Text,,ark:/21198/z1pk20rk,ark:/21198/z1pk20rk/m636qc1r,Page,Images: Contact the Monastery of St. Catherine's of the Sinai. Metadata: Unless otherwise indicated all metadata associated with this manuscript is copyright the authors and released under Creative Commons Attribution 4.0 International License.,Sinai Arabic 31,succeeded,https://iiif.sinaimanuscripts.library.ucla.edu/iiif/2/ark%3A%2F21198%2Fz1pk20rk%2Fm636qc1r
Masters/sinaimasters/ara/arabic_0031/sld_arb0031_0034_f_016v.tif,34,sinai,f. 16v,Text,,ark:/21198/z1pk20rk,ark:/21198/z1pk20rk/fb04ww3n,Page,Images: Contact the Monastery of St. Catherine's of the Sinai. Metadata: Unless otherwise indicated all metadata associated with this manuscript is copyright the authors and released under Creative Commons Attribution 4.0 International License.,Sinai Arabic 31,succeeded,https://iiif.sinaimanuscripts.library.ucla.edu/iiif/2/ark%3A%2F21198%2Fz1pk20rk%2Ffb04ww3n
Masters/sinaimasters/ara/arabic_0031/sld_arb0031_0035_f_017r.tif,35,sinai,f. 17r,Text,,ark:/21198/z1pk20rk,ark:/21198/z1pk20rk/jt56wj2g,Page,Images: Contact the Monastery of St. Catherine's of the Sinai. Metadata: Unless otherwise indicated all metadata associated with this manuscript is copyright the authors and released under Creative Commons Attribution 4.0 International License.,Sinai Arabic 31,succeeded,https://iiif.sinaimanuscripts.library.ucla.edu/iiif/2/ark%3A%2F21198%2Fz1pk20rk%2Fjt56wj2g
Masters/sinaimasters/ara/arabic_0031/sld_arb0031_0036_f_017v.tif,36,sinai,f. 17v,Text,,ark:/21198/z1pk20rk,ark:/21198/z1pk20rk/zg826f0r,Page,Images: Contact the Monastery of St. Catherine's of the Sinai. Metadata: Unless otherwise indicated all metadata associated with this manuscript is copyright the authors and released under Creative Commons Attribution 4.0 International License.,Sinai Arabic 31,succeeded,https://iiif.sinaimanuscripts.library.ucla.edu/iiif/2/ark%3A%2F21198%2Fz1pk20rk%2Fzg826f0r
Masters/sinaimasters/ara/arabic_0031/sld_arb0031_0037_f_018r.tif,37,sinai,f. 18r,Text,,ark:/21198/z1pk20rk,ark:/21198/z1pk20rk/j593bt95,Page,Images: Contact the Monastery of St. Catherine's of the Sinai. Metadata: Unless otherwise indicated all metadata associated with this manuscript is copyright the authors and released under Creative Commons Attribution 4.0 International License.,Sinai Arabic 31,succeeded,https://iiif.sinaimanuscripts.library.ucla.edu/iiif/2/ark%3A%2F21198%2Fz1pk20rk%2Fj593bt95
Masters/sinaimasters/ara/arabic_0031/sld_arb0031_0038_f_018v.tif,38,sinai,f. 18v,Text,,ark:/21198/z1pk20rk,ark:/21198/z1pk20rk/hp23kp8q,Page,Images: Contact the Monastery of St. Catherine's of the Sinai. Metadata: Unless otherwise indicated all metadata associated with this manuscript is copyright the authors and released under Creative Commons Attribution 4.0 International License.,Sinai Arabic 31,succeeded,https://iiif.sinaimanuscripts.library.ucla.edu/iiif/2/ark%3A%2F21198%2Fz1pk20rk%2Fhp23kp8q
Masters/sinaimasters/ara/arabic_0031/sld_arb0031_0039_f_019r.tif,39,sinai,f. 19r,Text,,ark:/21198/z1pk20rk,ark:/21198/z1pk20rk/wv034n4f,Page,Images: Contact the Monastery of St. Catherine's of the Sinai. Metadata: Unless otherwise indicated all metadata associated with this manuscript is copyright the authors and released under Creative Commons Attribution 4.0 International License.,Sinai Arabic 31,succeeded,https://iiif.sinaimanuscripts.library.ucla.edu/iiif/2/ark%3A%2F21198%2Fz1pk20rk%2Fwv034n4f
Masters/sinaimasters/ara/arabic_0031/sld_arb0031_0040_f_019v.tif,40,sinai,f. 19v,Text,,ark:/21198/z1pk20rk,ark:/21198/z1pk20rk/6h78tf0d,Page,Images: Contact the Monastery of St. Catherine's of the Sinai. Metadata: Unless otherwise indicated all metadata associated with this manuscript is copyright the authors and released under Creative Commons Attribution 4.0 International License.,Sinai Arabic 31,succeeded,https://iiif.sinaimanuscripts.library.ucla.edu/iiif/2/ark%3A%2F21198%2Fz1pk20rk%2F6h78tf0d
Masters/sinaimasters/ara/arabic_0031/sld_arb0031_0041_f_020r.tif,41,sinai,f. 20r,Text,,ark:/21198/z1pk20rk,ark:/21198/z1pk20rk/4b88x411,Page,Images: Contact the Monastery of St. Catherine's of the Sinai. Metadata: Unless otherwise indicated all metadata associated with this manuscript is copyright the authors and released under Creative Commons Attribution 4.0 International License.,Sinai Arabic 31,succeeded,https://iiif.sinaimanuscripts.library.ucla.edu/iiif/2/ark%3A%2F21198%2Fz1pk20rk%2F4b88x411
Masters/sinaimasters/ara/arabic_0031/sld_arb0031_0042_f_020v.tif,42,sinai,f. 20v,Text,,ark:/21198/z1pk20rk,ark:/21198/z1pk20rk/k758c69c,Page,Images: Contact the Monastery of St. Catherine's of the Sinai. Metadata: Unless otherwise indicated all metadata associated with this manuscript is copyright the authors and released under Creative Commons Attribution 4.0 International License.,Sinai Arabic 31,succeeded,https://iiif.sinaimanuscripts.library.ucla.edu/iiif/2/ark%3A%2F21198%2Fz1pk20rk%2Fk758c69c
Masters/sinaimasters/ara/arabic_0031/sld_arb0031_0043_f_021r.tif,43,sinai,f. 21r,Text,,ark:/21198/z1pk20rk,ark:/21198/z1pk20rk/1p423131,Page,Images: Contact the Monastery of St. Catherine's of the Sinai. Metadata: Unless otherwise indicated all metadata associated with this manuscript is copyright the authors and released under Creative Commons Attribution 4.0 International License.,Sinai Arabic 31,succeeded,https://iiif.sinaimanuscripts.library.ucla.edu/iiif/2/ark%3A%2F21198%2Fz1pk20rk%2F1p423131
Masters/sinaimasters/ara/arabic_0031/sld_arb0031_0044_f_021v.tif,44,sinai,f. 21v,Text,,ark:/21198/z1pk20rk,ark:/21198/z1pk20rk/kx794p9c,Page,Images: Contact the Monastery of St. Catherine's of the Sinai. Metadata: Unless otherwise indicated all metadata associated with this manuscript is copyright the authors and released under Creative Commons Attribution 4.0 International License.,Sinai Arabic 31,succeeded,https://iiif.sinaimanuscripts.library.ucla.edu/iiif/2/ark%3A%2F21198%2Fz1pk20rk%2Fkx794p9c
Masters/sinaimasters/ara/arabic_0031/sld_arb0031_0045_f_022r.tif,45,sinai,f. 22r,Text,,ark:/21198/z1pk20rk,ark:/21198/z1pk20rk/bs041h72,Page,Images: Contact the Monastery of St. Catherine's of the Sinai. Metadata: Unless otherwise indicated all metadata associated with this manuscript is copyright the authors and released under Creative Commons Attribution 4.0 International License.,Sinai Arabic 31,succeeded,https://iiif.sinaimanuscripts.library.ucla.edu/iiif/2/ark%3A%2F21198%2Fz1pk20rk%2Fbs041h72
Masters/sinaimasters/ara/arabic_0031/sld_arb0031_0046_f_022v.tif,46,sinai,f. 22v,Text,,ark:/21198/z1pk20rk,ark:/21198/z1pk20rk/t901jm04,Page,Images: Contact the Monastery of St. Catherine's of the Sinai. Metadata: Unless otherwise indicated all metadata associated with this manuscript is copyright the authors and released under Creative Commons Attribution 4.0 International License.,Sinai Arabic 31,succeeded,https://iiif.sinaimanuscripts.library.ucla.edu/iiif/2/ark%3A%2F21198%2Fz1pk20rk%2Ft901jm04
Masters/sinaimasters/ara/arabic_0031/sld_arb0031_0047_f_023r.tif,47,sinai,f. 23r,Text,,ark:/21198/z1pk20rk,ark:/21198/z1pk20rk/4c57dx5t,Page,Images: Contact the Monastery of St. Catherine's of the Sinai. Metadata: Unless otherwise indicated all metadata associated with this manuscript is copyright the authors and released under Creative Commons Attribution 4.0 International License.,Sinai Arabic 31,succeeded,https://iiif.sinaimanuscripts.library.ucla.edu/iiif/2/ark%3A%2F21198%2Fz1pk20rk%2F4c57dx5t
Masters/sinaimasters/ara/arabic_0031/sld_arb0031_0048_f_023v.tif,48,sinai,f. 23v,Text,,ark:/21198/z1pk20rk,ark:/21198/z1pk20rk/bm269q1z,Page,Images: Contact the Monastery of St. Catherine's of the Sinai. Metadata: Unless otherwise indicated all metadata associated with this manuscript is copyright the authors and released under Creative Commons Attribution 4.0 International License.,Sinai Arabic 31,succeeded,https://iiif.sinaimanuscripts.library.ucla.edu/iiif/2/ark%3A%2F21198%2Fz1pk20rk%2Fbm269q1z
Masters/sinaimasters/ara/arabic_0031/sld_arb0031_0049_f_024r.tif,49,sinai,f. 24r,Text,,ark:/21198/z1pk20rk,ark:/21198/z1pk20rk/bp32f44k,Page,Images: Contact the Monastery of St. Catherine's of the Sinai. Metadata: Unless otherwise indicated all metadata associated with this manuscript is copyright the authors and released under Creative Commons Attribution 4.0 International License.,Sinai Arabic 31,succeeded,https://iiif.sinaimanuscripts.library.ucla.edu/iiif/2/ark%3A%2F21198%2Fz1pk20rk%2Fbp32f44k
Masters/sinaimasters/ara/arabic_0031/sld_arb0031_0050_f_024v.tif,50,sinai,f. 24v,Text,,ark:/21198/z1pk20rk,ark:/21198/z1pk20rk/dg845c8r,Page,Images: Contact the Monastery of St. Catherine's of the Sinai. Metadata: Unless otherwise indicated all metadata associated with this manuscript is copyright the authors and released under Creative Commons Attribution 4.0 International License.,Sinai Arabic 31,succeeded,https://iiif.sinaimanuscripts.library.ucla.edu/iiif/2/ark%3A%2F21198%2Fz1pk20rk%2Fdg845c8r
Masters/sinaimasters/ara/arabic_0031/sld_arb0031_0051_f_025r.tif,51,sinai,f. 25r,Text,,ark:/21198/z1pk20rk,ark:/21198/z1pk20rk/q599s17x,Page,Images: Contact the Monastery of St. Catherine's of the Sinai. Metadata: Unless otherwise indicated all metadata associated with this manuscript is copyright the authors and released under Creative Commons Attribution 4.0 International License.,Sinai Arabic 31,succeeded,https://iiif.sinaimanuscripts.library.ucla.edu/iiif/2/ark%3A%2F21198%2Fz1pk20rk%2Fq599s17x
Masters/sinaimasters/ara/arabic_0031/sld_arb0031_0052_f_025v.tif,52,sinai,f. 25v,Text,,ark:/21198/z1pk20rk,ark:/21198/z1pk20rk/j732dd8j,Page,Images: Contact the Monastery of St. Catherine's of the Sinai. Metadata: Unless otherwise indicated all metadata associated with this manuscript is copyright the authors and released under Creative Commons Attribution 4.0 International License.,Sinai Arabic 31,succeeded,https://iiif.sinaimanuscripts.library.ucla.edu/iiif/2/ark%3A%2F21198%2Fz1pk20rk%2Fj732dd8j
Masters/sinaimasters/ara/arabic_0031/sld_arb0031_0053_f_026r.tif,53,sinai,f. 26r,Text,,ark:/21198/z1pk20rk,ark:/21198/z1pk20rk/q133hm05,Page,Images: Contact the Monastery of St. Catherine's of the Sinai. Metadata: Unless otherwise indicated all metadata associated with this manuscript is copyright the authors and released under Creative Commons Attribution 4.0 International License.,Sinai Arabic 31,succeeded,https://iiif.sinaimanuscripts.library.ucla.edu/iiif/2/ark%3A%2F21198%2Fz1pk20rk%2Fq133hm05
Masters/sinaimasters/ara/arabic_0031/sld_arb0031_0054_f_026v.tif,54,sinai,f. 26v,Text,,ark:/21198/z1pk20rk,ark:/21198/z1pk20rk/7t98cd64,Page,Images: Contact the Monastery of St. Catherine's of the Sinai. Metadata: Unless otherwise indicated all metadata associated with this manuscript is copyright the authors and released under Creative Commons Attribution 4.0 International License.,Sinai Arabic 31,succeeded,https://iiif.sinaimanuscripts.library.ucla.edu/iiif/2/ark%3A%2F21198%2Fz1pk20rk%2F7t98cd64
Masters/sinaimasters/ara/arabic_0031/sld_arb0031_0055_f_027r.tif,55,sinai,f. 27r,Text,,ark:/21198/z1pk20rk,ark:/21198/z1pk20rk/tb10sk18,Page,Images: Contact the Monastery of St. Catherine's of the Sinai. Metadata: Unless otherwise indicated all metadata associated with this manuscript is copyright the authors and released under Creative Commons Attribution 4.0 International License.,Sinai Arabic 31,succeeded,https://iiif.sinaimanuscripts.library.ucla.edu/iiif/2/ark%3A%2F21198%2Fz1pk20rk%2Ftb10sk18
Masters/sinaimasters/ara/arabic_0031/sld_arb0031_0056_f_027v.tif,56,sinai,f. 27v,Text,,ark:/21198/z1pk20rk,ark:/21198/z1pk20rk/hh43wm6f,Page,Images: Contact the Monastery of St. Catherine's of the Sinai. Metadata: Unless otherwise indicated all metadata associated with this manuscript is copyright the authors and released under Creative Commons Attribution 4.0 International License.,Sinai Arabic 31,succeeded,https://iiif.sinaimanuscripts.library.ucla.edu/iiif/2/ark%3A%2F21198%2Fz1pk20rk%2Fhh43wm6f
Masters/sinaimasters/ara/arabic_0031/sld_arb0031_0057_f_028r.tif,57,sinai,f. 28r,Text,,ark:/21198/z1pk20rk,ark:/21198/z1pk20rk/w017zq6h,Page,Images: Contact the Monastery of St. Catherine's of the Sinai. Metadata: Unless otherwise indicated all metadata associated with this manuscript is copyright the authors and released under Creative Commons Attribution 4.0 International License.,Sinai Arabic 31,succeeded,https://iiif.sinaimanuscripts.library.ucla.edu/iiif/2/ark%3A%2F21198%2Fz1pk20rk%2Fw017zq6h
Masters/sinaimasters/ara/arabic_0031/sld_arb0031_0058_f_028v.tif,58,sinai,f. 28v,Text,,ark:/21198/z1pk20rk,ark:/21198/z1pk20rk/w5665p28,Page,Images: Contact the Monastery of St. Catherine's of the Sinai. Metadata: Unless otherwise indicated all metadata associated with this manuscript is copyright the authors and released under Creative Commons Attribution 4.0 International License.,Sinai Arabic 31,succeeded,https://iiif.sinaimanuscripts.library.ucla.edu/iiif/2/ark%3A%2F21198%2Fz1pk20rk%2Fw5665p28
Masters/sinaimasters/ara/arabic_0031/sld_arb0031_0059_f_029r.tif,59,sinai,f. 29r,Text,,ark:/21198/z1pk20rk,ark:/21198/z1pk20rk/hs69mh4f,Page,Images: Contact the Monastery of St. Catherine's of the Sinai. Metadata: Unless otherwise indicated all metadata associated with this manuscript is copyright the authors and released under Creative Commons Attribution 4.0 International License.,Sinai Arabic 31,succeeded,https://iiif.sinaimanuscripts.library.ucla.edu/iiif/2/ark%3A%2F21198%2Fz1pk20rk%2Fhs69mh4f
Masters/sinaimasters/ara/arabic_0031/sld_arb0031_0060_f_029v.tif,60,sinai,f. 29v,Text,,ark:/21198/z1pk20rk,ark:/21198/z1pk20rk/1302197n,Page,Images: Contact the Monastery of St. Catherine's of the Sinai. Metadata: Unless otherwise indicated all metadata associated with this manuscript is copyright the authors and released under Creative Commons Attribution 4.0 International License.,Sinai Arabic 31,succeeded,https://iiif.sinaimanuscripts.library.ucla.edu/iiif/2/ark%3A%2F21198%2Fz1pk20rk%2F1302197n
Masters/sinaimasters/ara/arabic_0031/sld_arb0031_0061_f_030r.tif,61,sinai,f. 30r,Text,,ark:/21198/z1pk20rk,ark:/21198/z1pk20rk/5n89650k,Page,Images: Contact the Monastery of St. Catherine's of the Sinai. Metadata: Unless otherwise indicated all metadata associated with this manuscript is copyright the authors and released under Creative Commons Attribution 4.0 International License.,Sinai Arabic 31,succeeded,https://iiif.sinaimanuscripts.library.ucla.edu/iiif/2/ark%3A%2F21198%2Fz1pk20rk%2F5n89650k
Masters/sinaimasters/ara/arabic_0031/sld_arb0031_0062_f_030v.tif,62,sinai,f. 30v,Text,,ark:/21198/z1pk20rk,ark:/21198/z1pk20rk/jf51fh6m,Page,Images: Contact the Monastery of St. Catherine's of the Sinai. Metadata: Unless otherwise indicated all metadata associated with this manuscript is copyright the authors and released under Creative Commons Attribution 4.0 International License.,Sinai Arabic 31,succeeded,https://iiif.sinaimanuscripts.library.ucla.edu/iiif/2/ark%3A%2F21198%2Fz1pk20rk%2Fjf51fh6m
Masters/sinaimasters/ara/arabic_0031/sld_arb0031_0063_f_031r.tif,63,sinai,f. 31r,Text,,ark:/21198/z1pk20rk,ark:/21198/z1pk20rk/q2714c7q,Page,Images: Contact the Monastery of St. Catherine's of the Sinai. Metadata: Unless otherwise indicated all metadata associated with this manuscript is copyright the authors and released under Creative Commons Attribution 4.0 International License.,Sinai Arabic 31,succeeded,https://iiif.sinaimanuscripts.library.ucla.edu/iiif/2/ark%3A%2F21198%2Fz1pk20rk%2Fq2714c7q
Masters/sinaimasters/ara/arabic_0031/sld_arb0031_0064_f_031v.tif,64,sinai,f. 31v,Text,,ark:/21198/z1pk20rk,ark:/21198/z1pk20rk/9z126v1w,Page,Images: Contact the Monastery of St. Catherine's of the Sinai. Metadata: Unless otherwise indicated all metadata associated with this manuscript is copyright the authors and released under Creative Commons Attribution 4.0 International License.,Sinai Arabic 31,succeeded,https://iiif.sinaimanuscripts.library.ucla.edu/iiif/2/ark%3A%2F21198%2Fz1pk20rk%2F9z126v1w
Masters/sinaimasters/ara/arabic_0031/sld_arb0031_0065_f_032r.tif,65,sinai,f. 32r,Text,,ark:/21198/z1pk20rk,ark:/21198/z1pk20rk/gz40336x,Page,Images: Contact the Monastery of St. Catherine's of the Sinai. Metadata: Unless otherwise indicated all metadata associated with this manuscript is copyright the authors and released under Creative Commons Attribution 4.0 International License.,Sinai Arabic 31,succeeded,https://iiif.sinaimanuscripts.library.ucla.edu/iiif/2/ark%3A%2F21198%2Fz1pk20rk%2Fgz40336x
Masters/sinaimasters/ara/arabic_0031/sld_arb0031_0066_f_032v.tif,66,sinai,f. 32v,Text,,ark:/21198/z1pk20rk,ark:/21198/z1pk20rk/48150880,Page,Images: Contact the Monastery of St. Catherine's of the Sinai. Metadata: Unless otherwise indicated all metadata associated with this manuscript is copyright the authors and released under Creative Commons Attribution 4.0 International License.,Sinai Arabic 31,succeeded,https://iiif.sinaimanuscripts.library.ucla.edu/iiif/2/ark%3A%2F21198%2Fz1pk20rk%2F48150880
Masters/sinaimasters/ara/arabic_0031/sld_arb0031_0067_f_033r.tif,67,sinai,f. 33r,Text,,ark:/21198/z1pk20rk,ark:/21198/z1pk20rk/9p78gj38,Page,Images: Contact the Monastery of St. Catherine's of the Sinai. Metadata: Unless otherwise indicated all metadata associated with this manuscript is copyright the authors and released under Creative Commons Attribution 4.0 International License.,Sinai Arabic 31,succeeded,https://iiif.sinaimanuscripts.library.ucla.edu/iiif/2/ark%3A%2F21198%2Fz1pk20rk%2F9p78gj38
Masters/sinaimasters/ara/arabic_0031/sld_arb0031_0068_f_033v.tif,68,sinai,f. 33v,Text,,ark:/21198/z1pk20rk,ark:/21198/z1pk20rk/7j21p21d,Page,Images: Contact the Monastery of St. Catherine's of the Sinai. Metadata: Unless otherwise indicated all metadata associated with this manuscript is copyright the authors and released under Creative Commons Attribution 4.0 International License.,Sinai Arabic 31,succeeded,https://iiif.sinaimanuscripts.library.ucla.edu/iiif/2/ark%3A%2F21198%2Fz1pk20rk%2F7j21p21d
Masters/sinaimasters/ara/arabic_0031/sld_arb0031_0069_f_034r.tif,69,sinai,f. 34r,Text,,ark:/21198/z1pk20rk,ark:/21198/z1pk20rk/98244f7v,Page,Images: Contact the Monastery of St. Catherine's of the Sinai. Metadata: Unless otherwise indicated all metadata associated with this manuscript is copyright the authors and released under Creative Commons Attribution 4.0 International License.,Sinai Arabic 31,succeeded,https://iiif.sinaimanuscripts.library.ucla.edu/iiif/2/ark%3A%2F21198%2Fz1pk20rk%2F98244f7v
Masters/sinaimasters/ara/arabic_0031/sld_arb0031_0070_f_034v.tif,70,sinai,f. 34v,Text,,ark:/21198/z1pk20rk,ark:/21198/z1pk20rk/nr39051t,Page,Images: Contact the Monastery of St. Catherine's of the Sinai. Metadata: Unless otherwise indicated all metadata associated with this manuscript is copyright the authors and released under Creative Commons Attribution 4.0 International License.,Sinai Arabic 31,succeeded,https://iiif.sinaimanuscripts.library.ucla.edu/iiif/2/ark%3A%2F21198%2Fz1pk20rk%2Fnr39051t
Masters/sinaimasters/ara/arabic_0031/sld_arb0031_0071_f_035r.tif,71,sinai,f. 35r,Text,,ark:/21198/z1pk20rk,ark:/21198/z1pk20rk/dx416x0d,Page,Images: Contact the Monastery of St. Catherine's of the Sinai. Metadata: Unless otherwise indicated all metadata associated with this manuscript is copyright the authors and released under Creative Commons Attribution 4.0 International License.,Sinai Arabic 31,succeeded,https://iiif.sinaimanuscripts.library.ucla.edu/iiif/2/ark%3A%2F21198%2Fz1pk20rk%2Fdx416x0d
Masters/sinaimasters/ara/arabic_0031/sld_arb0031_0072_f_035v.tif,72,sinai,f. 35v,Text,,ark:/21198/z1pk20rk,ark:/21198/z1pk20rk/78994c4j,Page,Images: Contact the Monastery of St. Catherine's of the Sinai. Metadata: Unless otherwise indicated all metadata associated with this manuscript is copyright the authors and released under Creative Commons Attribution 4.0 International License.,Sinai Arabic 31,succeeded,https://iiif.sinaimanuscripts.library.ucla.edu/iiif/2/ark%3A%2F21198%2Fz1pk20rk%2F78994c4j
Masters/sinaimasters/ara/arabic_0031/sld_arb0031_0073_f_036r.tif,73,sinai,f. 36r,Text,,ark:/21198/z1pk20rk,ark:/21198/z1pk20rk/mw26tc8v,Page,Images: Contact the Monastery of St. Catherine's of the Sinai. Metadata: Unless otherwise indicated all metadata associated with this manuscript is copyright the authors and released under Creative Commons Attribution 4.0 International License.,Sinai Arabic 31,succeeded,https://iiif.sinaimanuscripts.library.ucla.edu/iiif/2/ark%3A%2F21198%2Fz1pk20rk%2Fmw26tc8v
Masters/sinaimasters/ara/arabic_0031/sld_arb0031_0074_f_036v.tif,74,sinai,f. 36v,Text,,ark:/21198/z1pk20rk,ark:/21198/z1pk20rk/7323cm3b,Page,Images: Contact the Monastery of St. Catherine's of the Sinai. Metadata: Unless otherwise indicated all metadata associated with this manuscript is copyright the authors and released under Creative Commons Attribution 4.0 International License.,Sinai Arabic 31,succeeded,https://iiif.sinaimanuscripts.library.ucla.edu/iiif/2/ark%3A%2F21198%2Fz1pk20rk%2F7323cm3b
Masters/sinaimasters/ara/arabic_0031/sld_arb0031_0075_f_037r.tif,75,sinai,f. 37r,Text,,ark:/21198/z1pk20rk,ark:/21198/z1pk20rk/rx93rj4v,Page,Images: Contact the Monastery of St. Catherine's of the Sinai. Metadata: Unless otherwise indicated all metadata associated with this manuscript is copyright the authors and released under Creative Commons Attribution 4.0 International License.,Sinai Arabic 31,succeeded,https://iiif.sinaimanuscripts.library.ucla.edu/iiif/2/ark%3A%2F21198%2Fz1pk20rk%2Frx93rj4v
Masters/sinaimasters/ara/arabic_0031/sld_arb0031_0076_f_037v.tif,76,sinai,f. 37v,Text,,ark:/21198/z1pk20rk,ark:/21198/z1pk20rk/8293r03x,Page,Images: Contact the Monastery of St. Catherine's of the Sinai. Metadata: Unless otherwise indicated all metadata associated with this manuscript is copyright the authors and released under Creative Commons Attribution 4.0 International License.,Sinai Arabic 31,succeeded,https://iiif.sinaimanuscripts.library.ucla.edu/iiif/2/ark%3A%2F21198%2Fz1pk20rk%2F8293r03x
Masters/sinaimasters/ara/arabic_0031/sld_arb0031_0077_f_038r.tif,77,sinai,f. 38r,Text,,ark:/21198/z1pk20rk,ark:/21198/z1pk20rk/zb01hj87,Page,Images: Contact the Monastery of St. Catherine's of the Sinai. Metadata: Unless otherwise indicated all metadata associated with this manuscript is copyright the authors and released under Creative Commons Attribution 4.0 International License.,Sinai Arabic 31,succeeded,https://iiif.sinaimanuscripts.library.ucla.edu/iiif/2/ark%3A%2F21198%2Fz1pk20rk%2Fzb01hj87
Masters/sinaimasters/ara/arabic_0031/sld_arb0031_0078_f_038v.tif,78,sinai,f. 38v,Text,,ark:/21198/z1pk20rk,ark:/21198/z1pk20rk/5n678d48,Page,Images: Contact the Monastery of St. Catherine's of the Sinai. Metadata: Unless otherwise indicated all metadata associated with this manuscript is copyright the authors and released under Creative Commons Attribution 4.0 International License.,Sinai Arabic 31,succeeded,https://iiif.sinaimanuscripts.library.ucla.edu/iiif/2/ark%3A%2F21198%2Fz1pk20rk%2F5n678d48
Masters/sinaimasters/ara/arabic_0031/sld_arb0031_0079_f_039r.tif,79,sinai,f. 39r,Text,,ark:/21198/z1pk20rk,ark:/21198/z1pk20rk/m790010z,Page,Images: Contact the Monastery of St. Catherine's of the Sinai. Metadata: Unless otherwise indicated all metadata associated with this manuscript is copyright the authors and released under Creative Commons Attribution 4.0 International License.,Sinai Arabic 31,succeeded,https://iiif.sinaimanuscripts.library.ucla.edu/iiif/2/ark%3A%2F21198%2Fz1pk20rk%2Fm790010z
Masters/sinaimasters/ara/arabic_0031/sld_arb0031_0080_f_039v.tif,80,sinai,f. 39v,Text,,ark:/21198/z1pk20rk,ark:/21198/z1pk20rk/1j28hs34,Page,Images: Contact the Monastery of St. Catherine's of the Sinai. Metadata: Unless otherwise indicated all metadata associated with this manuscript is copyright the authors and released under Creative Commons Attribution 4.0 International License.,Sinai Arabic 31,succeeded,https://iiif.sinaimanuscripts.library.ucla.edu/iiif/2/ark%3A%2F21198%2Fz1pk20rk%2F1j28hs34
Masters/sinaimasters/ara/arabic_0031/sld_arb0031_0081_f_040r.tif,81,sinai,f. 40r,Text,,ark:/21198/z1pk20rk,ark:/21198/z1pk20rk/w090pr2c,Page,Images: Contact the Monastery of St. Catherine's of the Sinai. Metadata: Unless otherwise indicated all metadata associated with this manuscript is copyright the authors and released under Creative Commons Attribution 4.0 International License.,Sinai Arabic 31,succeeded,https://iiif.sinaimanuscripts.library.ucla.edu/iiif/2/ark%3A%2F21198%2Fz1pk20rk%2Fw090pr2c
Masters/sinaimasters/ara/arabic_0031/sld_arb0031_0082_f_040v.tif,82,sinai,f. 40v,Text,,ark:/21198/z1pk20rk,ark:/21198/z1pk20rk/29988r8f,Page,Images: Contact the Monastery of St. Catherine's of the Sinai. Metadata: Unless otherwise indicated all metadata associated with this manuscript is copyright the authors and released under Creative Commons Attribution 4.0 International License.,Sinai Arabic 31,succeeded,https://iiif.sinaimanuscripts.library.ucla.edu/iiif/2/ark%3A%2F21198%2Fz1pk20rk%2F29988r8f
Masters/sinaimasters/ara/arabic_0031/sld_arb0031_0083_f_041r.tif,83,sinai,f. 41r,Text,,ark:/21198/z1pk20rk,ark:/21198/z1pk20rk/t953h771,Page,Images: Contact the Monastery of St. Catherine's of the Sinai. Metadata: Unless otherwise indicated all metadata associated with this manuscript is copyright the authors and released under Creative Commons Attribution 4.0 International License.,Sinai Arabic 31,succeeded,https://iiif.sinaimanuscripts.library.ucla.edu/iiif/2/ark%3A%2F21198%2Fz1pk20rk%2Ft953h771
Masters/sinaimasters/ara/arabic_0031/sld_arb0031_0084_f_041v.tif,84,sinai,f. 41v,Text,,ark:/21198/z1pk20rk,ark:/21198/z1pk20rk/9m450p4z,Page,Images: Contact the Monastery of St. Catherine's of the Sinai. Metadata: Unless otherwise indicated all metadata associated with this manuscript is copyright the authors and released under Creative Commons Attribution 4.0 International License.,Sinai Arabic 31,succeeded,https://iiif.sinaimanuscripts.library.ucla.edu/iiif/2/ark%3A%2F21198%2Fz1pk20rk%2F9m450p4z
Masters/sinaimasters/ara/arabic_0031/sld_arb0031_0085_f_042r.tif,85,sinai,f. 42r,Text,,ark:/21198/z1pk20rk,ark:/21198/z1pk20rk/kk599v2w,Page,Images: Contact the Monastery of St. Catherine's of the Sinai. Metadata: Unless otherwise indicated all metadata associated with this manuscript is copyright the authors and released under Creative Commons Attribution 4.0 International License.,Sinai Arabic 31,succeeded,https://iiif.sinaimanuscripts.library.ucla.edu/iiif/2/ark%3A%2F21198%2Fz1pk20rk%2Fkk599v2w
Masters/sinaimasters/ara/arabic_0031/sld_arb0031_0086_f_042v.tif,86,sinai,f. 42v,Text,,ark:/21198/z1pk20rk,ark:/21198/z1pk20rk/xv60sb10,Page,Images: Contact the Monastery of St. Catherine's of the Sinai. Metadata: Unless otherwise indicated all metadata associated with this manuscript is copyright the authors and released under Creative Commons Attribution 4.0 International License.,Sinai Arabic 31,succeeded,https://iiif.sinaimanuscripts.library.ucla.edu/iiif/2/ark%3A%2F21198%2Fz1pk20rk%2Fxv60sb10
Masters/sinaimasters/ara/arabic_0031/sld_arb0031_0087_f_043r.tif,87,sinai,f. 43r,Text,,ark:/21198/z1pk20rk,ark:/21198/z1pk20rk/6b180v5m,Page,Images: Contact the Monastery of St. Catherine's of the Sinai. Metadata: Unless otherwise indicated all metadata associated with this manuscript is copyright the authors and released under Creative Commons Attribution 4.0 International License.,Sinai Arabic 31,succeeded,https://iiif.sinaimanuscripts.library.ucla.edu/iiif/2/ark%3A%2F21198%2Fz1pk20rk%2F6b180v5m
Masters/sinaimasters/ara/arabic_0031/sld_arb0031_0088_f_043v.tif,88,sinai,f. 43v,Text,,ark:/21198/z1pk20rk,ark:/21198/z1pk20rk/0317qk8g,Page,Images: Contact the Monastery of St. Catherine's of the Sinai. Metadata: Unless otherwise indicated all metadata associated with this manuscript is copyright the authors and released under Creative Commons Attribution 4.0 International License.,Sinai Arabic 31,succeeded,https://iiif.sinaimanuscripts.library.ucla.edu/iiif/2/ark%3A%2F21198%2Fz1pk20rk%2F0317qk8g
Masters/sinaimasters/ara/arabic_0031/sld_arb0031_0089_f_044r.tif,89,sinai,f. 44r,Text,,ark:/21198/z1pk20rk,ark:/21198/z1pk20rk/7526kj8v,Page,Images: Contact the Monastery of St. Catherine's of the Sinai. Metadata: Unless otherwise indicated all metadata associated with this manuscript is copyright the authors and released under Creative Commons Attribution 4.0 International License.,Sinai Arabic 31,succeeded,https://iiif.sinaimanuscripts.library.ucla.edu/iiif/2/ark%3A%2F21198%2Fz1pk20rk%2F7526kj8v
Masters/sinaimasters/ara/arabic_0031/sld_arb0031_0090_f_044v.tif,90,sinai,f. 44v,Text,,ark:/21198/z1pk20rk,ark:/21198/z1pk20rk/xq11vf0p,Page,Images: Contact the Monastery of St. Catherine's of the Sinai. Metadata: Unless otherwise indicated all metadata associated with this manuscript is copyright the authors and released under Creative Commons Attribution 4.0 International License.,Sinai Arabic 31,succeeded,https://iiif.sinaimanuscripts.library.ucla.edu/iiif/2/ark%3A%2F21198%2Fz1pk20rk%2Fxq11vf0p
Masters/sinaimasters/ara/arabic_0031/sld_arb0031_0091_f_045r.tif,91,sinai,f. 45r,Text,,ark:/21198/z1pk20rk,ark:/21198/z1pk20rk/sc560k7s,Page,Images: Contact the Monastery of St. Catherine's of the Sinai. Metadata: Unless otherwise indicated all metadata associated with this manuscript is copyright the authors and released under Creative Commons Attribution 4.0 International License.,Sinai Arabic 31,succeeded,https://iiif.sinaimanuscripts.library.ucla.edu/iiif/2/ark%3A%2F21198%2Fz1pk20rk%2Fsc560k7s
Masters/sinaimasters/ara/arabic_0031/sld_arb0031_0092_f_045v.tif,92,sinai,f. 45v,Text,,ark:/21198/z1pk20rk,ark:/21198/z1pk20rk/nn94c348,Page,Images: Contact the Monastery of St. Catherine's of the Sinai. Metadata: Unless otherwise indicated all metadata associated with this manuscript is copyright the authors and released under Creative Commons Attribution 4.0 International License.,Sinai Arabic 31,succeeded,https://iiif.sinaimanuscripts.library.ucla.edu/iiif/2/ark%3A%2F21198%2Fz1pk20rk%2Fnn94c348
Masters/sinaimasters/ara/arabic_0031/sld_arb0031_0093_f_046r.tif,93,sinai,f. 46r,Text,,ark:/21198/z1pk20rk,ark:/21198/z1pk20rk/9681jk2d,Page,Images: Contact the Monastery of St. Catherine's of the Sinai. Metadata: Unless otherwise indicated all metadata associated with this manuscript is copyright the authors and released under Creative Commons Attribution 4.0 International License.,Sinai Arabic 31,succeeded,https://iiif.sinaimanuscripts.library.ucla.edu/iiif/2/ark%3A%2F21198%2Fz1pk20rk%2F9681jk2d
Masters/sinaimasters/ara/arabic_0031/sld_arb0031_0094_f_046v.tif,94,sinai,f. 46v,Text,,ark:/21198/z1pk20rk,ark:/21198/z1pk20rk/hc79338p,Page,Images: Contact the Monastery of St. Catherine's of the Sinai. Metadata: Unless otherwise indicated all metadata associated with this manuscript is copyright the authors and released under Creative Commons Attribution 4.0 International License.,Sinai Arabic 31,succeeded,https://iiif.sinaimanuscripts.library.ucla.edu/iiif/2/ark%3A%2F21198%2Fz1pk20rk%2Fhc79338p
Masters/sinaimasters/ara/arabic_0031/sld_arb0031_0095_f_047r.tif,95,sinai,f. 47r,Text,,ark:/21198/z1pk20rk,ark:/21198/z1pk20rk/7v327302,Page,Images: Contact the Monastery of St. Catherine's of the Sinai. Metadata: Unless otherwise indicated all metadata associated with this manuscript is copyright the authors and released under Creative Commons Attribution 4.0 International License.,Sinai Arabic 31,succeeded,https://iiif.sinaimanuscripts.library.ucla.edu/iiif/2/ark%3A%2F21198%2Fz1pk20rk%2F7v327302
Masters/sinaimasters/ara/arabic_0031/sld_arb0031_0096_f_047v.tif,96,sinai,f. 47v,Text,,ark:/21198/z1pk20rk,ark:/21198/z1pk20rk/pp839d0f,Page,Images: Contact the Monastery of St. Catherine's of the Sinai. Metadata: Unless otherwise indicated all metadata associated with this manuscript is copyright the authors and released under Creative Commons Attribution 4.0 International License.,Sinai Arabic 31,succeeded,https://iiif.sinaimanuscripts.library.ucla.edu/iiif/2/ark%3A%2F21198%2Fz1pk20rk%2Fpp839d0f
Masters/sinaimasters/ara/arabic_0031/sld_arb0031_0097_f_048r.tif,97,sinai,f. 48r,Text,,ark:/21198/z1pk20rk,ark:/21198/z1pk20rk/5015qd80,Page,Images: Contact the Monastery of St. Catherine's of the Sinai. Metadata: Unless otherwise indicated all metadata associated with this manuscript is copyright the authors and released under Creative Commons Attribution 4.0 International License.,Sinai Arabic 31,succeeded,https://iiif.sinaimanuscripts.library.ucla.edu/iiif/2/ark%3A%2F21198%2Fz1pk20rk%2F5015qd80
Masters/sinaimasters/ara/arabic_0031/sld_arb0031_0098_f_048v.tif,98,sinai,f. 48v,Text,,ark:/21198/z1pk20rk,ark:/21198/z1pk20rk/ff413x2w,Page,Images: Contact the Monastery of St. Catherine's of the Sinai. Metadata: Unless otherwise indicated all metadata associated with this manuscript is copyright the authors and released under Creative Commons Attribution 4.0 International License.,Sinai Arabic 31,succeeded,https://iiif.sinaimanuscripts.library.ucla.edu/iiif/2/ark%3A%2F21198%2Fz1pk20rk%2Fff413x2w
Masters/sinaimasters/ara/arabic_0031/sld_arb0031_0099_f_049r.tif,99,sinai,f. 49r,Text,,ark:/21198/z1pk20rk,ark:/21198/z1pk20rk/h932pj3x,Page,Images: Contact the Monastery of St. Catherine's of the Sinai. Metadata: Unless otherwise indicated all metadata associated with this manuscript is copyright the authors and released under Creative Commons Attribution 4.0 International License.,Sinai Arabic 31,succeeded,https://iiif.sinaimanuscripts.library.ucla.edu/iiif/2/ark%3A%2F21198%2Fz1pk20rk%2Fh932pj3x
Masters/sinaimasters/ara/arabic_0031/sld_arb0031_0100_f_049v.tif,100,sinai,f. 49v,Text,,ark:/21198/z1pk20rk,ark:/21198/z1pk20rk/m426q662,Page,Images: Contact the Monastery of St. Catherine's of the Sinai. Metadata: Unless otherwise indicated all metadata associated with this manuscript is copyright the authors and released under Creative Commons Attribution 4.0 International License.,Sinai Arabic 31,succeeded,https://iiif.sinaimanuscripts.library.ucla.edu/iiif/2/ark%3A%2F21198%2Fz1pk20rk%2Fm426q662
Masters/sinaimasters/ara/arabic_0031/sld_arb0031_0101_f_050r.tif,101,sinai,f. 50r,Text,,ark:/21198/z1pk20rk,ark:/21198/z1pk20rk/sk07ht2s,Page,Images: Contact the Monastery of St. Catherine's of the Sinai. Metadata: Unless otherwise indicated all metadata associated with this manuscript is copyright the authors and released under Creative Commons Attribution 4.0 International License.,Sinai Arabic 31,succeeded,https://iiif.sinaimanuscripts.library.ucla.edu/iiif/2/ark%3A%2F21198%2Fz1pk20rk%2Fsk07ht2s
Masters/sinaimasters/ara/arabic_0031/sld_arb0031_0102_f_050v.tif,102,sinai,f. 50v,Text,,ark:/21198/z1pk20rk,ark:/21198/z1pk20rk/1h70gn61,Page,Images: Contact the Monastery of St. Catherine's of the Sinai. Metadata: Unless otherwise indicated all metadata associated with this manuscript is copyright the authors and released under Creative Commons Attribution 4.0 International License.,Sinai Arabic 31,succeeded,https://iiif.sinaimanuscripts.library.ucla.edu/iiif/2/ark%3A%2F21198%2Fz1pk20rk%2F1h70gn61
Masters/sinaimasters/ara/arabic_0031/sld_arb0031_0103_f_051r.tif,103,sinai,f. 51r,Text,,ark:/21198/z1pk20rk,ark:/21198/z1pk20rk/nb40rb1f,Page,Images: Contact the Monastery of St. Catherine's of the Sinai. Metadata: Unless otherwise indicated all metadata associated with this manuscript is copyright the authors and released under Creative Commons Attribution 4.0 International License.,Sinai Arabic 31,succeeded,https://iiif.sinaimanuscripts.library.ucla.edu/iiif/2/ark%3A%2F21198%2Fz1pk20rk%2Fnb40rb1f
Masters/sinaimasters/ara/arabic_0031/sld_arb0031_0104_f_051v.tif,104,sinai,f. 51v,Text,,ark:/21198/z1pk20rk,ark:/21198/z1pk20rk/1q655p9h,Page,Images: Contact the Monastery of St. Catherine's of the Sinai. Metadata: Unless otherwise indicated all metadata associated with this manuscript is copyright the authors and released under Creative Commons Attribution 4.0 International License.,Sinai Arabic 31,succeeded,https://iiif.sinaimanuscripts.library.ucla.edu/iiif/2/ark%3A%2F21198%2Fz1pk20rk%2F1q655p9h
Masters/sinaimasters/ara/arabic_0031/sld_arb0031_0105_f_052r.tif,105,sinai,f. 52r,Text,,ark:/21198/z1pk20rk,ark:/21198/z1pk20rk/mv31bv76,Page,Images: Contact the Monastery of St. Catherine's of the Sinai. Metadata: Unless otherwise indicated all metadata associated with this manuscript is copyright the authors and released under Creative Commons Attribution 4.0 International License.,Sinai Arabic 31,succeeded,https://iiif.sinaimanuscripts.library.ucla.edu/iiif/2/ark%3A%2F21198%2Fz1pk20rk%2Fmv31bv76
Masters/sinaimasters/ara/arabic_0031/sld_arb0031_0106_f_052v.tif,106,sinai,f. 52v,Text,,ark:/21198/z1pk20rk,ark:/21198/z1pk20rk/p6683b0v,Page,Images: Contact the Monastery of St. Catherine's of the Sinai. Metadata: Unless otherwise indicated all metadata associated with this manuscript is copyright the authors and released under Creative Commons Attribution 4.0 International License.,Sinai Arabic 31,succeeded,https://iiif.sinaimanuscripts.library.ucla.edu/iiif/2/ark%3A%2F21198%2Fz1pk20rk%2Fp6683b0v
Masters/sinaimasters/ara/arabic_0031/sld_arb0031_0107_f_053r.tif,107,sinai,f. 53r,Text,,ark:/21198/z1pk20rk,ark:/21198/z1pk20rk/cz81rc4j,Page,Images: Contact the Monastery of St. Catherine's of the Sinai. Metadata: Unless otherwise indicated all metadata associated with this manuscript is copyright the authors and released under Creative Commons Attribution 4.0 International License.,Sinai Arabic 31,succeeded,https://iiif.sinaimanuscripts.library.ucla.edu/iiif/2/ark%3A%2F21198%2Fz1pk20rk%2Fcz81rc4j
Masters/sinaimasters/ara/arabic_0031/sld_arb0031_0108_f_053v.tif,108,sinai,f. 53v,Text,,ark:/21198/z1pk20rk,ark:/21198/z1pk20rk/pv276855,Page,Images: Contact the Monastery of St. Catherine's of the Sinai. Metadata: Unless otherwise indicated all metadata associated with this manuscript is copyright the authors and released under Creative Commons Attribution 4.0 International License.,Sinai Arabic 31,succeeded,https://iiif.sinaimanuscripts.library.ucla.edu/iiif/2/ark%3A%2F21198%2Fz1pk20rk%2Fpv276855
Masters/sinaimasters/ara/arabic_0031/sld_arb0031_0109_f_054r.tif,109,sinai,f. 54r,Text,,ark:/21198/z1pk20rk,ark:/21198/z1pk20rk/pm27t10j,Page,Images: Contact the Monastery of St. Catherine's of the Sinai. Metadata: Unless otherwise indicated all metadata associated with this manuscript is copyright the authors and released under Creative Commons Attribution 4.0 International License.,Sinai Arabic 31,succeeded,https://iiif.sinaimanuscripts.library.ucla.edu/iiif/2/ark%3A%2F21198%2Fz1pk20rk%2Fpm27t10j
Masters/sinaimasters/ara/arabic_0031/sld_arb0031_0110_f_054v.tif,110,sinai,f. 54v,Text,,ark:/21198/z1pk20rk,ark:/21198/z1pk20rk/4h00n83p,Page,Images: Contact the Monastery of St. Catherine's of the Sinai. Metadata: Unless otherwise indicated all metadata associated with this manuscript is copyright the authors and released under Creative Commons Attribution 4.0 International License.,Sinai Arabic 31,succeeded,https://iiif.sinaimanuscripts.library.ucla.edu/iiif/2/ark%3A%2F21198%2Fz1pk20rk%2F4h00n83p
Masters/sinaimasters/ara/arabic_0031/sld_arb0031_0111_f_055r.tif,111,sinai,f. 55r,Text,,ark:/21198/z1pk20rk,ark:/21198/z1pk20rk/r186wz7q,Page,Images: Contact the Monastery of St. Catherine's of the Sinai. Metadata: Unless otherwise indicated all metadata associated with this manuscript is copyright the authors and released under Creative Commons Attribution 4.0 International License.,Sinai Arabic 31,succeeded,https://iiif.sinaimanuscripts.library.ucla.edu/iiif/2/ark%3A%2F21198%2Fz1pk20rk%2Fr186wz7q
Masters/sinaimasters/ara/arabic_0031/sld_arb0031_0112_f_055v.tif,112,sinai,f. 55v,Text,,ark:/21198/z1pk20rk,ark:/21198/z1pk20rk/c488kt3c,Page,Images: Contact the Monastery of St. Catherine's of the Sinai. Metadata: Unless otherwise indicated all metadata associated with this manuscript is copyright the authors and released under Creative Commons Attribution 4.0 International License.,Sinai Arabic 31,succeeded,https://iiif.sinaimanuscripts.library.ucla.edu/iiif/2/ark%3A%2F21198%2Fz1pk20rk%2Fc488kt3c
Masters/sinaimasters/ara/arabic_0031/sld_arb0031_0113_f_056r.tif,113,sinai,f. 56r,Text,,ark:/21198/z1pk20rk,ark:/21198/z1pk20rk/j475c85q,Page,Images: Contact the Monastery of St. Catherine's of the Sinai. Metadata: Unless otherwise indicated all metadata associated with this manuscript is copyright the authors and released under Creative Commons Attribution 4.0 International License.,Sinai Arabic 31,succeeded,https://iiif.sinaimanuscripts.library.ucla.edu/iiif/2/ark%3A%2F21198%2Fz1pk20rk%2Fj475c85q
Masters/sinaimasters/ara/arabic_0031/sld_arb0031_0114_f_056v.tif,114,sinai,f. 56v,Text,,ark:/21198/z1pk20rk,ark:/21198/z1pk20rk/xc80h45p,Page,Images: Contact the Monastery of St. Catherine's of the Sinai. Metadata: Unless otherwise indicated all metadata associated with this manuscript is copyright the authors and released under Creative Commons Attribution 4.0 International License.,Sinai Arabic 31,succeeded,https://iiif.sinaimanuscripts.library.ucla.edu/iiif/2/ark%3A%2F21198%2Fz1pk20rk%2Fxc80h45p
Masters/sinaimasters/ara/arabic_0031/sld_arb0031_0115_f_057r.tif,115,sinai,f. 57r,Text,,ark:/21198/z1pk20rk,ark:/21198/z1pk20rk/q8702j2v,Page,Images: Contact the Monastery of St. Catherine's of the Sinai. Metadata: Unless otherwise indicated all metadata associated with this manuscript is copyright the authors and released under Creative Commons Attribution 4.0 International License.,Sinai Arabic 31,succeeded,https://iiif.sinaimanuscripts.library.ucla.edu/iiif/2/ark%3A%2F21198%2Fz1pk20rk%2Fq8702j2v
Masters/sinaimasters/ara/arabic_0031/sld_arb0031_0116_f_057v.tif,116,sinai,f. 57v,Text,,ark:/21198/z1pk20rk,ark:/21198/z1pk20rk/n020319j,Page,Images: Contact the Monastery of St. Catherine's of the Sinai. Metadata: Unless otherwise indicated all metadata associated with this manuscript is copyright the authors and released under Creative Commons Attribution 4.0 International License.,Sinai Arabic 31,succeeded,https://iiif.sinaimanuscripts.library.ucla.edu/iiif/2/ark%3A%2F21198%2Fz1pk20rk%2Fn020319j
Masters/sinaimasters/ara/arabic_0031/sld_arb0031_0117_f_058r.tif,117,sinai,f. 58r,Text,,ark:/21198/z1pk20rk,ark:/21198/z1pk20rk/8w95fc5p,Page,Images: Contact the Monastery of St. Catherine's of the Sinai. Metadata: Unless otherwise indicated all metadata associated with this manuscript is copyright the authors and released under Creative Commons Attribution 4.0 International License.,Sinai Arabic 31,succeeded,https://iiif.sinaimanuscripts.library.ucla.edu/iiif/2/ark%3A%2F21198%2Fz1pk20rk%2F8w95fc5p
Masters/sinaimasters/ara/arabic_0031/sld_arb0031_0118_f_058v.tif,118,sinai,f. 58v,Text,,ark:/21198/z1pk20rk,ark:/21198/z1pk20rk/tc53265t,Page,Images: Contact the Monastery of St. Catherine's of the Sinai. Metadata: Unless otherwise indicated all metadata associated with this manuscript is copyright the authors and released under Creative Commons Attribution 4.0 International License.,Sinai Arabic 31,succeeded,https://iiif.sinaimanuscripts.library.ucla.edu/iiif/2/ark%3A%2F21198%2Fz1pk20rk%2Ftc53265t
Masters/sinaimasters/ara/arabic_0031/sld_arb0031_0119_f_059r.tif,119,sinai,f. 59r,Text,,ark:/21198/z1pk20rk,ark:/21198/z1pk20rk/jw31fd4c,Page,Images: Contact the Monastery of St. Catherine's of the Sinai. Metadata: Unless otherwise indicated all metadata associated with this manuscript is copyright the authors and released under Creative Commons Attribution 4.0 International License.,Sinai Arabic 31,succeeded,https://iiif.sinaimanuscripts.library.ucla.edu/iiif/2/ark%3A%2F21198%2Fz1pk20rk%2Fjw31fd4c
Masters/sinaimasters/ara/arabic_0031/sld_arb0031_0120_f_059v.tif,120,sinai,f. 59v,Text,,ark:/21198/z1pk20rk,ark:/21198/z1pk20rk/jz58s23b,Page,Images: Contact the Monastery of St. Catherine's of the Sinai. Metadata: Unless otherwise indicated all metadata associated with this manuscript is copyright the authors and released under Creative Commons Attribution 4.0 International License.,Sinai Arabic 31,succeeded,https://iiif.sinaimanuscripts.library.ucla.edu/iiif/2/ark%3A%2F21198%2Fz1pk20rk%2Fjz58s23b
Masters/sinaimasters/ara/arabic_0031/sld_arb0031_0121_f_060r.tif,121,sinai,f. 60r,Text,,ark:/21198/z1pk20rk,ark:/21198/z1pk20rk/k1700192,Page,Images: Contact the Monastery of St. Catherine's of the Sinai. Metadata: Unless otherwise indicated all metadata associated with this manuscript is copyright the authors and released under Creative Commons Attribution 4.0 International License.,Sinai Arabic 31,succeeded,https://iiif.sinaimanuscripts.library.ucla.edu/iiif/2/ark%3A%2F21198%2Fz1pk20rk%2Fk1700192
Masters/sinaimasters/ara/arabic_0031/sld_arb0031_0122_f_060v.tif,122,sinai,f. 60v,Text,,ark:/21198/z1pk20rk,ark:/21198/z1pk20rk/sh08z430,Page,Images: Contact the Monastery of St. Catherine's of the Sinai. Metadata: Unless otherwise indicated all metadata associated with this manuscript is copyright the authors and released under Creative Commons Attribution 4.0 International License.,Sinai Arabic 31,succeeded,https://iiif.sinaimanuscripts.library.ucla.edu/iiif/2/ark%3A%2F21198%2Fz1pk20rk%2Fsh08z430
Masters/sinaimasters/ara/arabic_0031/sld_arb0031_0123_f_061r.tif,123,sinai,f. 61r,Text,,ark:/21198/z1pk20rk,ark:/21198/z1pk20rk/q286nj5w,Page,Images: Contact the Monastery of St. Catherine's of the Sinai. Metadata: Unless otherwise indicated all metadata associated with this manuscript is copyright the authors and released under Creative Commons Attribution 4.0 International License.,Sinai Arabic 31,succeeded,https://iiif.sinaimanuscripts.library.ucla.edu/iiif/2/ark%3A%2F21198%2Fz1pk20rk%2Fq286nj5w
Masters/sinaimasters/ara/arabic_0031/sld_arb0031_0124_f_061v.tif,124,sinai,f. 61v,Text,,ark:/21198/z1pk20rk,ark:/21198/z1pk20rk/0w18x29d,Page,Images: Contact the Monastery of St. Catherine's of the Sinai. Metadata: Unless otherwise indicated all metadata associated with this manuscript is copyright the authors and released under Creative Commons Attribution 4.0 International License.,Sinai Arabic 31,succeeded,https://iiif.sinaimanuscripts.library.ucla.edu/iiif/2/ark%3A%2F21198%2Fz1pk20rk%2F0w18x29d
Masters/sinaimasters/ara/arabic_0031/sld_arb0031_0125_f_062r.tif,125,sinai,f. 62r,Text,,ark:/21198/z1pk20rk,ark:/21198/z1pk20rk/25437d62,Page,Images: Contact the Monastery of St. Catherine's of the Sinai. Metadata: Unless otherwise indicated all metadata associated with this manuscript is copyright the authors and released under Creative Commons Attribution 4.0 International License.,Sinai Arabic 31,succeeded,https://iiif.sinaimanuscripts.library.ucla.edu/iiif/2/ark%3A%2F21198%2Fz1pk20rk%2F25437d62
Masters/sinaimasters/ara/arabic_0031/sld_arb0031_0126_f_062v.tif,126,sinai,f. 62v,Text,,ark:/21198/z1pk20rk,ark:/21198/z1pk20rk/t210dg1v,Page,Images: Contact the Monastery of St. Catherine's of the Sinai. Metadata: Unless otherwise indicated all metadata associated with this manuscript is copyright the authors and released under Creative Commons Attribution 4.0 International License.,Sinai Arabic 31,succeeded,https://iiif.sinaimanuscripts.library.ucla.edu/iiif/2/ark%3A%2F21198%2Fz1pk20rk%2Ft210dg1v
Masters/sinaimasters/ara/arabic_0031/sld_arb0031_0127_f_063r.tif,127,sinai,f. 63r,Text,,ark:/21198/z1pk20rk,ark:/21198/z1pk20rk/xq30gd61,Page,Images: Contact the Monastery of St. Catherine's of the Sinai. Metadata: Unless otherwise indicated all metadata associated with this manuscript is copyright the authors and released under Creative Commons Attribution 4.0 International License.,Sinai Arabic 31,succeeded,https://iiif.sinaimanuscripts.library.ucla.edu/iiif/2/ark%3A%2F21198%2Fz1pk20rk%2Fxq30gd61
Masters/sinaimasters/ara/arabic_0031/sld_arb0031_0128_f_063v.tif,128,sinai,f. 63v,Text,,ark:/21198/z1pk20rk,ark:/21198/z1pk20rk/bq82w37q,Page,Images: Contact the Monastery of St. Catherine's of the Sinai. Metadata: Unless otherwise indicated all metadata associated with this manuscript is copyright the authors and released under Creative Commons Attribution 4.0 International License.,Sinai Arabic 31,succeeded,https://iiif.sinaimanuscripts.library.ucla.edu/iiif/2/ark%3A%2F21198%2Fz1pk20rk%2Fbq82w37q
Masters/sinaimasters/ara/arabic_0031/sld_arb0031_0129_f_064r.tif,129,sinai,f. 64r,Text,,ark:/21198/z1pk20rk,ark:/21198/z1pk20rk/5z52g27x,Page,Images: Contact the Monastery of St. Catherine's of the Sinai. Metadata: Unless otherwise indicated all metadata associated with this manuscript is copyright the authors and released under Creative Commons Attribution 4.0 International License.,Sinai Arabic 31,succeeded,https://iiif.sinaimanuscripts.library.ucla.edu/iiif/2/ark%3A%2F21198%2Fz1pk20rk%2F5z52g27x
Masters/sinaimasters/ara/arabic_0031/sld_arb0031_0130_f_064v.tif,130,sinai,f. 64v,Text,,ark:/21198/z1pk20rk,ark:/21198/z1pk20rk/pk45559g,Page,Images: Contact the Monastery of St. Catherine's of the Sinai. Metadata: Unless otherwise indicated all metadata associated with this manuscript is copyright the authors and released under Creative Commons Attribution 4.0 International License.,Sinai Arabic 31,succeeded,https://iiif.sinaimanuscripts.library.ucla.edu/iiif/2/ark%3A%2F21198%2Fz1pk20rk%2Fpk45559g
Masters/sinaimasters/ara/arabic_0031/sld_arb0031_0131_f_065r.tif,131,sinai,f. 65r,Text,,ark:/21198/z1pk20rk,ark:/21198/z1pk20rk/gt777c78,Page,Images: Contact the Monastery of St. Catherine's of the Sinai. Metadata: Unless otherwise indicated all metadata associated with this manuscript is copyright the authors and released under Creative Commons Attribution 4.0 International License.,Sinai Arabic 31,succeeded,https://iiif.sinaimanuscripts.library.ucla.edu/iiif/2/ark%3A%2F21198%2Fz1pk20rk%2Fgt777c78
Masters/sinaimasters/ara/arabic_0031/sld_arb0031_0132_f_065v.tif,132,sinai,f. 65v,Text,,ark:/21198/z1pk20rk,ark:/21198/z1pk20rk/5v86qc36,Page,Images: Contact the Monastery of St. Catherine's of the Sinai. Metadata: Unless otherwise indicated all metadata associated with this manuscript is copyright the authors and released under Creative Commons Attribution 4.0 International License.,Sinai Arabic 31,succeeded,https://iiif.sinaimanuscripts.library.ucla.edu/iiif/2/ark%3A%2F21198%2Fz1pk20rk%2F5v86qc36
Masters/sinaimasters/ara/arabic_0031/sld_arb0031_0133_f_066r.tif,133,sinai,f. 66r,Text,,ark:/21198/z1pk20rk,ark:/21198/z1pk20rk/n5225d58,Page,Images: Contact the Monastery of St. Catherine's of the Sinai. Metadata: Unless otherwise indicated all metadata associated with this manuscript is copyright the authors and released under Creative Commons Attribution 4.0 International License.,Sinai Arabic 31,succeeded,https://iiif.sinaimanuscripts.library.ucla.edu/iiif/2/ark%3A%2F21198%2Fz1pk20rk%2Fn5225d58
Masters/sinaimasters/ara/arabic_0031/sld_arb0031_0134_f_066v.tif,134,sinai,f. 66v,Text,,ark:/21198/z1pk20rk,ark:/21198/z1pk20rk/j8336610,Page,Images: Contact the Monastery of St. Catherine's of the Sinai. Metadata: Unless otherwise indicated all metadata associated with this manuscript is copyright the authors and released under Creative Commons Attribution 4.0 International License.,Sinai Arabic 31,succeeded,https://iiif.sinaimanuscripts.library.ucla.edu/iiif/2/ark%3A%2F21198%2Fz1pk20rk%2Fj8336610
Masters/sinaimasters/ara/arabic_0031/sld_arb0031_0135_f_067r.tif,135,sinai,f. 67r,Text,,ark:/21198/z1pk20rk,ark:/21198/z1pk20rk/1s591z0n,Page,Images: Contact the Monastery of St. Catherine's of the Sinai. Metadata: Unless otherwise indicated all metadata associated with this manuscript is copyright the authors and released under Creative Commons Attribution 4.0 International License.,Sinai Arabic 31,succeeded,https://iiif.sinaimanuscripts.library.ucla.edu/iiif/2/ark%3A%2F21198%2Fz1pk20rk%2F1s591z0n
Masters/sinaimasters/ara/arabic_0031/sld_arb0031_0136_f_067v.tif,136,sinai,f. 67v,Text,,ark:/21198/z1pk20rk,ark:/21198/z1pk20rk/4c99kg0z,Page,Images: Contact the Monastery of St. Catherine's of the Sinai. Metadata: Unless otherwise indicated all metadata associated with this manuscript is copyright the authors and released under Creative Commons Attribution 4.0 International License.,Sinai Arabic 31,succeeded,https://iiif.sinaimanuscripts.library.ucla.edu/iiif/2/ark%3A%2F21198%2Fz1pk20rk%2F4c99kg0z
Masters/sinaimasters/ara/arabic_0031/sld_arb0031_0137_f_068r.tif,137,sinai,f. 68r,Text,,ark:/21198/z1pk20rk,ark:/21198/z1pk20rk/zc88hc0j,Page,Images: Contact the Monastery of St. Catherine's of the Sinai. Metadata: Unless otherwise indicated all metadata associated with this manuscript is copyright the authors and released under Creative Commons Attribution 4.0 International License.,Sinai Arabic 31,succeeded,https://iiif.sinaimanuscripts.library.ucla.edu/iiif/2/ark%3A%2F21198%2Fz1pk20rk%2Fzc88hc0j
Masters/sinaimasters/ara/arabic_0031/sld_arb0031_0138_f_068v.tif,138,sinai,f. 68v,Text,,ark:/21198/z1pk20rk,ark:/21198/z1pk20rk/0295n54b,Page,Images: Contact the Monastery of St. Catherine's of the Sinai. Metadata: Unless otherwise indicated all metadata associated with this manuscript is copyright the authors and released under Creative Commons Attribution 4.0 International License.,Sinai Arabic 31,succeeded,https://iiif.sinaimanuscripts.library.ucla.edu/iiif/2/ark%3A%2F21198%2Fz1pk20rk%2F0295n54b
Masters/sinaimasters/ara/arabic_0031/sld_arb0031_0139_f_069r.tif,139,sinai,f. 69r,Text,,ark:/21198/z1pk20rk,ark:/21198/z1pk20rk/7s317p98,Page,Images: Contact the Monastery of St. Catherine's of the Sinai. Metadata: Unless otherwise indicated all metadata associated with this manuscript is copyright the authors and released under Creative Commons Attribution 4.0 International License.,Sinai Arabic 31,succeeded,https://iiif.sinaimanuscripts.library.ucla.edu/iiif/2/ark%3A%2F21198%2Fz1pk20rk%2F7s317p98
Masters/sinaimasters/ara/arabic_0031/sld_arb0031_0140_f_069v.tif,140,sinai,f. 69v,Text,,ark:/21198/z1pk20rk,ark:/21198/z1pk20rk/hs68pw69,Page,Images: Contact the Monastery of St. Catherine's of the Sinai. Metadata: Unless otherwise indicated all metadata associated with this manuscript is copyright the authors and released under Creative Commons Attribution 4.0 International License.,Sinai Arabic 31,succeeded,https://iiif.sinaimanuscripts.library.ucla.edu/iiif/2/ark%3A%2F21198%2Fz1pk20rk%2Fhs68pw69
Masters/sinaimasters/ara/arabic_0031/sld_arb0031_0141_f_070r.tif,141,sinai,f. 70r,Text,,ark:/21198/z1pk20rk,ark:/21198/z1pk20rk/1f50gj9v,Page,Images: Contact the Monastery of St. Catherine's of the Sinai. Metadata: Unless otherwise indicated all metadata associated with this manuscript is copyright the authors and released under Creative Commons Attribution 4.0 International License.,Sinai Arabic 31,succeeded,https://iiif.sinaimanuscripts.library.ucla.edu/iiif/2/ark%3A%2F21198%2Fz1pk20rk%2F1f50gj9v
Masters/sinaimasters/ara/arabic_0031/sld_arb0031_0142_f_070v.tif,142,sinai,f. 70v,Text,,ark:/21198/z1pk20rk,ark:/21198/z1pk20rk/xt38c39w,Page,Images: Contact the Monastery of St. Catherine's of the Sinai. Metadata: Unless otherwise indicated all metadata associated with this manuscript is copyright the authors and released under Creative Commons Attribution 4.0 International License.,Sinai Arabic 31,succeeded,https://iiif.sinaimanuscripts.library.ucla.edu/iiif/2/ark%3A%2F21198%2Fz1pk20rk%2Fxt38c39w
Masters/sinaimasters/ara/arabic_0031/sld_arb0031_0143_f_071r.tif,143,sinai,f. 71r,Text,,ark:/21198/z1pk20rk,ark:/21198/z1pk20rk/pn34hh0q,Page,Images: Contact the Monastery of St. Catherine's of the Sinai. Metadata: Unless otherwise indicated all metadata associated with this manuscript is copyright the authors and released under Creative Commons Attribution 4.0 International License.,Sinai Arabic 31,succeeded,https://iiif.sinaimanuscripts.library.ucla.edu/iiif/2/ark%3A%2F21198%2Fz1pk20rk%2Fpn34hh0q
Masters/sinaimasters/ara/arabic_0031/sld_arb0031_0144_f_071v.tif,144,sinai,f. 71v,Text,,ark:/21198/z1pk20rk,ark:/21198/z1pk20rk/qj77zp6q,Page,Images: Contact the Monastery of St. Catherine's of the Sinai. Metadata: Unless otherwise indicated all metadata associated with this manuscript is copyright the authors and released under Creative Commons Attribution 4.0 International License.,Sinai Arabic 31,succeeded,https://iiif.sinaimanuscripts.library.ucla.edu/iiif/2/ark%3A%2F21198%2Fz1pk20rk%2Fqj77zp6q
Masters/sinaimasters/ara/arabic_0031/sld_arb0031_0145_f_072r.tif,145,sinai,f. 72r,Text,,ark:/21198/z1pk20rk,ark:/21198/z1pk20rk/nb685k81,Page,Images: Contact the Monastery of St. Catherine's of the Sinai. Metadata: Unless otherwise indicated all metadata associated with this manuscript is copyright the authors and released under Creative Commons Attribution 4.0 International License.,Sinai Arabic 31,succeeded,https://iiif.sinaimanuscripts.library.ucla.edu/iiif/2/ark%3A%2F21198%2Fz1pk20rk%2Fnb685k81
Masters/sinaimasters/ara/arabic_0031/sld_arb0031_0146_f_072v.tif,146,sinai,f. 72v,Text,,ark:/21198/z1pk20rk,ark:/21198/z1pk20rk/pj34kf9s,Page,Images: Contact the Monastery of St. Catherine's of the Sinai. Metadata: Unless otherwise indicated all metadata associated with this manuscript is copyright the authors and released under Creative Commons Attribution 4.0 International License.,Sinai Arabic 31,succeeded,https://iiif.sinaimanuscripts.library.ucla.edu/iiif/2/ark%3A%2F21198%2Fz1pk20rk%2Fpj34kf9s
Masters/sinaimasters/ara/arabic_0031/sld_arb0031_0147_f_073r.tif,147,sinai,f. 73r,Text,,ark:/21198/z1pk20rk,ark:/21198/z1pk20rk/4635rz4g,Page,Images: Contact the Monastery of St. Catherine's of the Sinai. Metadata: Unless otherwise indicated all metadata associated with this manuscript is copyright the authors and released under Creative Commons Attribution 4.0 International License.,Sinai Arabic 31,succeeded,https://iiif.sinaimanuscripts.library.ucla.edu/iiif/2/ark%3A%2F21198%2Fz1pk20rk%2F4635rz4g
Masters/sinaimasters/ara/arabic_0031/sld_arb0031_0148_f_073v.tif,148,sinai,f. 73v,Text,,ark:/21198/z1pk20rk,ark:/21198/z1pk20rk/pj97jz4b,Page,Images: Contact the Monastery of St. Catherine's of the Sinai. Metadata: Unless otherwise indicated all metadata associated with this manuscript is copyright the authors and released under Creative Commons Attribution 4.0 International License.,Sinai Arabic 31,succeeded,https://iiif.sinaimanuscripts.library.ucla.edu/iiif/2/ark%3A%2F21198%2Fz1pk20rk%2Fpj97jz4b
Masters/sinaimasters/ara/arabic_0031/sld_arb0031_0149_f_074r.tif,149,sinai,f. 74r,Text,,ark:/21198/z1pk20rk,ark:/21198/z1pk20rk/5n749p8z,Page,Images: Contact the Monastery of St. Catherine's of the Sinai. Metadata: Unless otherwise indicated all metadata associated with this manuscript is copyright the authors and released under Creative Commons Attribution 4.0 International License.,Sinai Arabic 31,succeeded,https://iiif.sinaimanuscripts.library.ucla.edu/iiif/2/ark%3A%2F21198%2Fz1pk20rk%2F5n749p8z
Masters/sinaimasters/ara/arabic_0031/sld_arb0031_0150_f_074v.tif,150,sinai,f. 74v,Text,,ark:/21198/z1pk20rk,ark:/21198/z1pk20rk/41752h52,Page,Images: Contact the Monastery of St. Catherine's of the Sinai. Metadata: Unless otherwise indicated all metadata associated with this manuscript is copyright the authors and released under Creative Commons Attribution 4.0 International License.,Sinai Arabic 31,succeeded,https://iiif.sinaimanuscripts.library.ucla.edu/iiif/2/ark%3A%2F21198%2Fz1pk20rk%2F41752h52
Masters/sinaimasters/ara/arabic_0031/sld_arb0031_0151_f_075r.tif,151,sinai,f. 75r,Text,,ark:/21198/z1pk20rk,ark:/21198/z1pk20rk/st658z03,Page,Images: Contact the Monastery of St. Catherine's of the Sinai. Metadata: Unless otherwise indicated all metadata associated with this manuscript is copyright the authors and released under Creative Commons Attribution 4.0 International License.,Sinai Arabic 31,succeeded,https://iiif.sinaimanuscripts.library.ucla.edu/iiif/2/ark%3A%2F21198%2Fz1pk20rk%2Fst658z03
Masters/sinaimasters/ara/arabic_0031/sld_arb0031_0152_f_075v.tif,152,sinai,f. 75v,Text,,ark:/21198/z1pk20rk,ark:/21198/z1pk20rk/8612mc5b,Page,Images: Contact the Monastery of St. Catherine's of the Sinai. Metadata: Unless otherwise indicated all metadata associated with this manuscript is copyright the authors and released under Creative Commons Attribution 4.0 International License.,Sinai Arabic 31,succeeded,https://iiif.sinaimanuscripts.library.ucla.edu/iiif/2/ark%3A%2F21198%2Fz1pk20rk%2F8612mc5b
Masters/sinaimasters/ara/arabic_0031/sld_arb0031_0153_f_076r.tif,153,sinai,f. 76r,Text,,ark:/21198/z1pk20rk,ark:/21198/z1pk20rk/13241861,Page,Images: Contact the Monastery of St. Catherine's of the Sinai. Metadata: Unless otherwise indicated all metadata associated with this manuscript is copyright the authors and released under Creative Commons Attribution 4.0 International License.,Sinai Arabic 31,succeeded,https://iiif.sinaimanuscripts.library.ucla.edu/iiif/2/ark%3A%2F21198%2Fz1pk20rk%2F13241861
Masters/sinaimasters/ara/arabic_0031/sld_arb0031_0154_f_076v.tif,154,sinai,f. 76v,Text,,ark:/21198/z1pk20rk,ark:/21198/z1pk20rk/kv18h08w,Page,Images: Contact the Monastery of St. Catherine's of the Sinai. Metadata: Unless otherwise indicated all metadata associated with this manuscript is copyright the authors and released under Creative Commons Attribution 4.0 International License.,Sinai Arabic 31,succeeded,https://iiif.sinaimanuscripts.library.ucla.edu/iiif/2/ark%3A%2F21198%2Fz1pk20rk%2Fkv18h08w
Masters/sinaimasters/ara/arabic_0031/sld_arb0031_0155_f_077r.tif,155,sinai,f. 77r,Text,,ark:/21198/z1pk20rk,ark:/21198/z1pk20rk/0837s39w,Page,Images: Contact the Monastery of St. Catherine's of the Sinai. Metadata: Unless otherwise indicated all metadata associated with this manuscript is copyright the authors and released under Creative Commons Attribution 4.0 International License.,Sinai Arabic 31,succeeded,https://iiif.sinaimanuscripts.library.ucla.edu/iiif/2/ark%3A%2F21198%2Fz1pk20rk%2F0837s39w
Masters/sinaimasters/ara/arabic_0031/sld_arb0031_0156_f_077v.tif,156,sinai,f. 77v,Text,,ark:/21198/z1pk20rk,ark:/21198/z1pk20rk/8s02sk1v,Page,Images: Contact the Monastery of St. Catherine's of the Sinai. Metadata: Unless otherwise indicated all metadata associated with this manuscript is copyright the authors and released under Creative Commons Attribution 4.0 International License.,Sinai Arabic 31,succeeded,https://iiif.sinaimanuscripts.library.ucla.edu/iiif/2/ark%3A%2F21198%2Fz1pk20rk%2F8s02sk1v
Masters/sinaimasters/ara/arabic_0031/sld_arb0031_0157_f_078r.tif,157,sinai,f. 78r,Text,,ark:/21198/z1pk20rk,ark:/21198/z1pk20rk/nj10rs5x,Page,Images: Contact the Monastery of St. Catherine's of the Sinai. Metadata: Unless otherwise indicated all metadata associated with this manuscript is copyright the authors and released under Creative Commons Attribution 4.0 International License.,Sinai Arabic 31,succeeded,https://iiif.sinaimanuscripts.library.ucla.edu/iiif/2/ark%3A%2F21198%2Fz1pk20rk%2Fnj10rs5x
Masters/sinaimasters/ara/arabic_0031/sld_arb0031_0158_f_078v.tif,158,sinai,f. 78v,Text,,ark:/21198/z1pk20rk,ark:/21198/z1pk20rk/6g14mx3x,Page,Images: Contact the Monastery of St. Catherine's of the Sinai. Metadata: Unless otherwise indicated all metadata associated with this manuscript is copyright the authors and released under Creative Commons Attribution 4.0 International License.,Sinai Arabic 31,succeeded,https://iiif.sinaimanuscripts.library.ucla.edu/iiif/2/ark%3A%2F21198%2Fz1pk20rk%2F6g14mx3x
Masters/sinaimasters/ara/arabic_0031/sld_arb0031_0159_f_079r.tif,159,sinai,f. 79r,Text,,ark:/21198/z1pk20rk,ark:/21198/z1pk20rk/4m607z4s,Page,Images: Contact the Monastery of St. Catherine's of the Sinai. Metadata: Unless otherwise indicated all metadata associated with this manuscript is copyright the authors and released under Creative Commons Attribution 4.0 International License.,Sinai Arabic 31,succeeded,https://iiif.sinaimanuscripts.library.ucla.edu/iiif/2/ark%3A%2F21198%2Fz1pk20rk%2F4m607z4s
Masters/sinaimasters/ara/arabic_0031/sld_arb0031_0160_f_079v.tif,160,sinai,f. 79v,Text,,ark:/21198/z1pk20rk,ark:/21198/z1pk20rk/6827fq9r,Page,Images: Contact the Monastery of St. Catherine's of the Sinai. Metadata: Unless otherwise indicated all metadata associated with this manuscript is copyright the authors and released under Creative Commons Attribution 4.0 International License.,Sinai Arabic 31,succeeded,https://iiif.sinaimanuscripts.library.ucla.edu/iiif/2/ark%3A%2F21198%2Fz1pk20rk%2F6827fq9r
Masters/sinaimasters/ara/arabic_0031/sld_arb0031_0161_f_080r.tif,161,sinai,f. 80r,Text,,ark:/21198/z1pk20rk,ark:/21198/z1pk20rk/ms17px2t,Page,Images: Contact the Monastery of St. Catherine's of the Sinai. Metadata: Unless otherwise indicated all metadata associated with this manuscript is copyright the authors and released under Creative Commons Attribution 4.0 International License.,Sinai Arabic 31,succeeded,https://iiif.sinaimanuscripts.library.ucla.edu/iiif/2/ark%3A%2F21198%2Fz1pk20rk%2Fms17px2t
Masters/sinaimasters/ara/arabic_0031/sld_arb0031_0162_f_080v.tif,162,sinai,f. 80v,Text,,ark:/21198/z1pk20rk,ark:/21198/z1pk20rk/7t926045,Page,Images: Contact the Monastery of St. Catherine's of the Sinai. Metadata: Unless otherwise indicated all metadata associated with this manuscript is copyright the authors and released under Creative Commons Attribution 4.0 International License.,Sinai Arabic 31,succeeded,https://iiif.sinaimanuscripts.library.ucla.edu/iiif/2/ark%3A%2F21198%2Fz1pk20rk%2F7t926045
Masters/sinaimasters/ara/arabic_0031/sld_arb0031_0163_f_081r.tif,163,sinai,f. 81r,Text,,ark:/21198/z1pk20rk,ark:/21198/z1pk20rk/t043t23c,Page,Images: Contact the Monastery of St. Catherine's of the Sinai. Metadata: Unless otherwise indicated all metadata associated with this manuscript is copyright the authors and released under Creative Commons Attribution 4.0 International License.,Sinai Arabic 31,succeeded,https://iiif.sinaimanuscripts.library.ucla.edu/iiif/2/ark%3A%2F21198%2Fz1pk20rk%2Ft043t23c
Masters/sinaimasters/ara/arabic_0031/sld_arb0031_0164_f_081v.tif,164,sinai,f. 81v,Text,,ark:/21198/z1pk20rk,ark:/21198/z1pk20rk/bn75f138,Page,Images: Contact the Monastery of St. Catherine's of the Sinai. Metadata: Unless otherwise indicated all metadata associated with this manuscript is copyright the authors and released under Creative Commons Attribution 4.0 International License.,Sinai Arabic 31,succeeded,https://iiif.sinaimanuscripts.library.ucla.edu/iiif/2/ark%3A%2F21198%2Fz1pk20rk%2Fbn75f138
Masters/sinaimasters/ara/arabic_0031/sld_arb0031_0165_f_082r.tif,165,sinai,f. 82r,Text,,ark:/21198/z1pk20rk,ark:/21198/z1pk20rk/pd493b67,Page,Images: Contact the Monastery of St. Catherine's of the Sinai. Metadata: Unless otherwise indicated all metadata associated with this manuscript is copyright the authors and released under Creative Commons Attribution 4.0 International License.,Sinai Arabic 31,succeeded,https://iiif.sinaimanuscripts.library.ucla.edu/iiif/2/ark%3A%2F21198%2Fz1pk20rk%2Fpd493b67
Masters/sinaimasters/ara/arabic_0031/sld_arb0031_0166_f_082v.tif,166,sinai,f. 82v,Text,,ark:/21198/z1pk20rk,ark:/21198/z1pk20rk/wb59k24b,Page,Images: Contact the Monastery of St. Catherine's of the Sinai. Metadata: Unless otherwise indicated all metadata associated with this manuscript is copyright the authors and released under Creative Commons Attribution 4.0 International License.,Sinai Arabic 31,succeeded,https://iiif.sinaimanuscripts.library.ucla.edu/iiif/2/ark%3A%2F21198%2Fz1pk20rk%2Fwb59k24b
Masters/sinaimasters/ara/arabic_0031/sld_arb0031_0167_f_083r.tif,167,sinai,f. 83r,Text,,ark:/21198/z1pk20rk,ark:/21198/z1pk20rk/9232957x,Page,Images: Contact the Monastery of St. Catherine's of the Sinai. Metadata: Unless otherwise indicated all metadata associated with this manuscript is copyright the authors and released under Creative Commons Attribution 4.0 International License.,Sinai Arabic 31,succeeded,https://iiif.sinaimanuscripts.library.ucla.edu/iiif/2/ark%3A%2F21198%2Fz1pk20rk%2F9232957x
Masters/sinaimasters/ara/arabic_0031/sld_arb0031_0168_f_083v.tif,168,sinai,f. 83v,Text,,ark:/21198/z1pk20rk,ark:/21198/z1pk20rk/1n64bw61,Page,Images: Contact the Monastery of St. Catherine's of the Sinai. Metadata: Unless otherwise indicated all metadata associated with this manuscript is copyright the authors and released under Creative Commons Attribution 4.0 International License.,Sinai Arabic 31,succeeded,https://iiif.sinaimanuscripts.library.ucla.edu/iiif/2/ark%3A%2F21198%2Fz1pk20rk%2F1n64bw61
Masters/sinaimasters/ara/arabic_0031/sld_arb0031_0169_f_084r.tif,169,sinai,f. 84r,Text,,ark:/21198/z1pk20rk,ark:/21198/z1pk20rk/ns359x71,Page,Images: Contact the Monastery of St. Catherine's of the Sinai. Metadata: Unless otherwise indicated all metadata associated with this manuscript is copyright the authors and released under Creative Commons Attribution 4.0 International License.,Sinai Arabic 31,succeeded,https://iiif.sinaimanuscripts.library.ucla.edu/iiif/2/ark%3A%2F21198%2Fz1pk20rk%2Fns359x71
Masters/sinaimasters/ara/arabic_0031/sld_arb0031_0170_f_084v.tif,170,sinai,f. 84v,Text,,ark:/21198/z1pk20rk,ark:/21198/z1pk20rk/x141rp1r,Page,Images: Contact the Monastery of St. Catherine's of the Sinai. Metadata: Unless otherwise indicated all metadata associated with this manuscript is copyright the authors and released under Creative Commons Attribution 4.0 International License.,Sinai Arabic 31,succeeded,https://iiif.sinaimanuscripts.library.ucla.edu/iiif/2/ark%3A%2F21198%2Fz1pk20rk%2Fx141rp1r
Masters/sinaimasters/ara/arabic_0031/sld_arb0031_0171_f_085r.tif,171,sinai,f. 85r,Text,,ark:/21198/z1pk20rk,ark:/21198/z1pk20rk/zw47zj84,Page,Images: Contact the Monastery of St. Catherine's of the Sinai. Metadata: Unless otherwise indicated all metadata associated with this manuscript is copyright the authors and released under Creative Commons Attribution 4.0 International License.,Sinai Arabic 31,succeeded,https://iiif.sinaimanuscripts.library.ucla.edu/iiif/2/ark%3A%2F21198%2Fz1pk20rk%2Fzw47zj84
Masters/sinaimasters/ara/arabic_0031/sld_arb0031_0172_f_085v.tif,172,sinai,f. 85v,Text,,ark:/21198/z1pk20rk,ark:/21198/z1pk20rk/5g103t5w,Page,Images: Contact the Monastery of St. Catherine's of the Sinai. Metadata: Unless otherwise indicated all metadata associated with this manuscript is copyright the authors and released under Creative Commons Attribution 4.0 International License.,Sinai Arabic 31,succeeded,https://iiif.sinaimanuscripts.library.ucla.edu/iiif/2/ark%3A%2F21198%2Fz1pk20rk%2F5g103t5w
Masters/sinaimasters/ara/arabic_0031/sld_arb0031_0173_f_086r.tif,173,sinai,f. 86r,Text,,ark:/21198/z1pk20rk,ark:/21198/z1pk20rk/gm30ch38,Page,Images: Contact the Monastery of St. Catherine's of the Sinai. Metadata: Unless otherwise indicated all metadata associated with this manuscript is copyright the authors and released under Creative Commons Attribution 4.0 International License.,Sinai Arabic 31,succeeded,https://iiif.sinaimanuscripts.library.ucla.edu/iiif/2/ark%3A%2F21198%2Fz1pk20rk%2Fgm30ch38
Masters/sinaimasters/ara/arabic_0031/sld_arb0031_0174_f_086v.tif,174,sinai,f. 86v,Text,,ark:/21198/z1pk20rk,ark:/21198/z1pk20rk/pg768955,Page,Images: Contact the Monastery of St. Catherine's of the Sinai. Metadata: Unless otherwise indicated all metadata associated with this manuscript is copyright the authors and released under Creative Commons Attribution 4.0 International License.,Sinai Arabic 31,succeeded,https://iiif.sinaimanuscripts.library.ucla.edu/iiif/2/ark%3A%2F21198%2Fz1pk20rk%2Fpg768955
Masters/sinaimasters/ara/arabic_0031/sld_arb0031_0175_f_087r.tif,175,sinai,f. 87r,Text,,ark:/21198/z1pk20rk,ark:/21198/z1pk20rk/3x574n6j,Page,Images: Contact the Monastery of St. Catherine's of the Sinai. Metadata: Unless otherwise indicated all metadata associated with this manuscript is copyright the authors and released under Creative Commons Attribution 4.0 International License.,Sinai Arabic 31,succeeded,https://iiif.sinaimanuscripts.library.ucla.edu/iiif/2/ark%3A%2F21198%2Fz1pk20rk%2F3x574n6j
Masters/sinaimasters/ara/arabic_0031/sld_arb0031_0176_f_087v.tif,176,sinai,f. 87v,Text,,ark:/21198/z1pk20rk,ark:/21198/z1pk20rk/gq489z4m,Page,Images: Contact the Monastery of St. Catherine's of the Sinai. Metadata: Unless otherwise indicated all metadata associated with this manuscript is copyright the authors and released under Creative Commons Attribution 4.0 International License.,Sinai Arabic 31,succeeded,https://iiif.sinaimanuscripts.library.ucla.edu/iiif/2/ark%3A%2F21198%2Fz1pk20rk%2Fgq489z4m
Masters/sinaimasters/ara/arabic_0031/sld_arb0031_0177_f_088r.tif,177,sinai,f. 88r,Text,,ark:/21198/z1pk20rk,ark:/21198/z1pk20rk/7f05cd96,Page,Images: Contact the Monastery of St. Catherine's of the Sinai. Metadata: Unless otherwise indicated all metadata associated with this manuscript is copyright the authors and released under Creative Commons Attribution 4.0 International License.,Sinai Arabic 31,succeeded,https://iiif.sinaimanuscripts.library.ucla.edu/iiif/2/ark%3A%2F21198%2Fz1pk20rk%2F7f05cd96
Masters/sinaimasters/ara/arabic_0031/sld_arb0031_0178_f_088v.tif,178,sinai,f. 88v,Text,,ark:/21198/z1pk20rk,ark:/21198/z1pk20rk/fb10mb4r,Page,Images: Contact the Monastery of St. Catherine's of the Sinai. Metadata: Unless otherwise indicated all metadata associated with this manuscript is copyright the authors and released under Creative Commons Attribution 4.0 International License.,Sinai Arabic 31,succeeded,https://iiif.sinaimanuscripts.library.ucla.edu/iiif/2/ark%3A%2F21198%2Fz1pk20rk%2Ffb10mb4r
Masters/sinaimasters/ara/arabic_0031/sld_arb0031_0179_f_089r.tif,179,sinai,f. 89r,Text,,ark:/21198/z1pk20rk,ark:/21198/z1pk20rk/qg408j8m,Page,Images: Contact the Monastery of St. Catherine's of the Sinai. Metadata: Unless otherwise indicated all metadata associated with this manuscript is copyright the authors and released under Creative Commons Attribution 4.0 International License.,Sinai Arabic 31,succeeded,https://iiif.sinaimanuscripts.library.ucla.edu/iiif/2/ark%3A%2F21198%2Fz1pk20rk%2Fqg408j8m
Masters/sinaimasters/ara/arabic_0031/sld_arb0031_0180_f_089v.tif,180,sinai,f. 89v,Text,,ark:/21198/z1pk20rk,ark:/21198/z1pk20rk/2k446g89,Page,Images: Contact the Monastery of St. Catherine's of the Sinai. Metadata: Unless otherwise indicated all metadata associated with this manuscript is copyright the authors and released under Creative Commons Attribution 4.0 International License.,Sinai Arabic 31,succeeded,https://iiif.sinaimanuscripts.library.ucla.edu/iiif/2/ark%3A%2F21198%2Fz1pk20rk%2F2k446g89
Masters/sinaimasters/ara/arabic_0031/sld_arb0031_0181_f_090r.tif,181,sinai,f. 90r,Text,,ark:/21198/z1pk20rk,ark:/21198/z1pk20rk/8z32td26,Page,Images: Contact the Monastery of St. Catherine's of the Sinai. Metadata: Unless otherwise indicated all metadata associated with this manuscript is copyright the authors and released under Creative Commons Attribution 4.0 International License.,Sinai Arabic 31,succeeded,https://iiif.sinaimanuscripts.library.ucla.edu/iiif/2/ark%3A%2F21198%2Fz1pk20rk%2F8z32td26
Masters/sinaimasters/ara/arabic_0031/sld_arb0031_0182_f_090v.tif,182,sinai,f. 90v,Text,,ark:/21198/z1pk20rk,ark:/21198/z1pk20rk/vf93gd99,Page,Images: Contact the Monastery of St. Catherine's of the Sinai. Metadata: Unless otherwise indicated all metadata associated with this manuscript is copyright the authors and released under Creative Commons Attribution 4.0 International License.,Sinai Arabic 31,succeeded,https://iiif.sinaimanuscripts.library.ucla.edu/iiif/2/ark%3A%2F21198%2Fz1pk20rk%2Fvf93gd99
Masters/sinaimasters/ara/arabic_0031/sld_arb0031_0183_f_091r.tif,183,sinai,f. 91r,Text,,ark:/21198/z1pk20rk,ark:/21198/z1pk20rk/nk12pz6v,Page,Images: Contact the Monastery of St. Catherine's of the Sinai. Metadata: Unless otherwise indicated all metadata associated with this manuscript is copyright the authors and released under Creative Commons Attribution 4.0 International License.,Sinai Arabic 31,succeeded,https://iiif.sinaimanuscripts.library.ucla.edu/iiif/2/ark%3A%2F21198%2Fz1pk20rk%2Fnk12pz6v
Masters/sinaimasters/ara/arabic_0031/sld_arb0031_0184_f_091v.tif,184,sinai,f. 91v,Text,,ark:/21198/z1pk20rk,ark:/21198/z1pk20rk/k729qz4d,Page,Images: Contact the Monastery of St. Catherine's of the Sinai. Metadata: Unless otherwise indicated all metadata associated with this manuscript is copyright the authors and released under Creative Commons Attribution 4.0 International License.,Sinai Arabic 31,succeeded,https://iiif.sinaimanuscripts.library.ucla.edu/iiif/2/ark%3A%2F21198%2Fz1pk20rk%2Fk729qz4d
Masters/sinaimasters/ara/arabic_0031/sld_arb0031_0185_y_001r.tif,185,sinai,Flyleaf1r,Back matter,,ark:/21198/z1pk20rk,ark:/21198/z1pk20rk/wg77d612,Page,Images: Contact the Monastery of St. Catherine's of the Sinai. Metadata: Unless otherwise indicated all metadata associated with this manuscript is copyright the authors and released under Creative Commons Attribution 4.0 International License.,Sinai Arabic 31,succeeded,https://iiif.sinaimanuscripts.library.ucla.edu/iiif/2/ark%3A%2F21198%2Fz1pk20rk%2Fwg77d612
Masters/sinaimasters/ara/arabic_0031/sld_arb0031_0186_y_001v.tif,186,sinai,Flyleaf1v,Back matter,,ark:/21198/z1pk20rk,ark:/21198/z1pk20rk/1241hk4f,Page,Images: Contact the Monastery of St. Catherine's of the Sinai. Metadata: Unless otherwise indicated all metadata associated with this manuscript is copyright the authors and released under Creative Commons Attribution 4.0 International License.,Sinai Arabic 31,succeeded,https://iiif.sinaimanuscripts.library.ucla.edu/iiif/2/ark%3A%2F21198%2Fz1pk20rk%2F1241hk4f
Masters/sinaimasters/ara/arabic_0031/sld_arb0031_0187_y_999.tif,187,sinai,Back Board Inside,Back matter,,ark:/21198/z1pk20rk,ark:/21198/z1pk20rk/s2378z47,Page,Images: Contact the Monastery of St. Catherine's of the Sinai. Metadata: Unless otherwise indicated all metadata associated with this manuscript is copyright the authors and released under Creative Commons Attribution 4.0 International License.,Sinai Arabic 31,succeeded,https://iiif.sinaimanuscripts.library.ucla.edu/iiif/2/ark%3A%2F21198%2Fz1pk20rk%2Fs2378z47
Masters/sinaimasters/ara/arabic_0031/sld_arb0031_0188_z_1.tif,188,sinai,Back Board Outside,Back matter,,ark:/21198/z1pk20rk,ark:/21198/z1pk20rk/dp705g7b,Page,Images: Contact the Monastery of St. Catherine's of the Sinai. Metadata: Unless otherwise indicated all metadata associated with this manuscript is copyright the authors and released under Creative Commons Attribution 4.0 International License.,Sinai Arabic 31,succeeded,https://iiif.sinaimanuscripts.library.ucla.edu/iiif/2/ark%3A%2F21198%2Fz1pk20rk%2Fdp705g7b
Masters/sinaimasters/ara/arabic_0031/sld_arb0031_0189_z_2.tif,189,sinai,Spine, ,non-paged,ark:/21198/z1pk20rk,ark:/21198/z1pk20rk/n416cn90,Page,Images: Contact the Monastery of St. Catherine's of the Sinai. Metadata: Unless otherwise indicated all metadata associated with this manuscript is copyright the authors and released under Creative Commons Attribution 4.0 International License.,Sinai Arabic 31,succeeded,https://iiif.sinaimanuscripts.library.ucla.edu/iiif/2/ark%3A%2F21198%2Fz1pk20rk%2Fn416cn90
Masters/sinaimasters/ara/arabic_0031/sld_arb0031_0190_z_3.tif,190,sinai,Fore edge, ,non-paged,ark:/21198/z1pk20rk,ark:/21198/z1pk20rk/7s39fj9f,Page,Images: Contact the Monastery of St. Catherine's of the Sinai. Metadata: Unless otherwise indicated all metadata associated with this manuscript is copyright the authors and released under Creative Commons Attribution 4.0 International License.,Sinai Arabic 31,succeeded,https://iiif.sinaimanuscripts.library.ucla.edu/iiif/2/ark%3A%2F21198%2Fz1pk20rk%2F7s39fj9f
Masters/sinaimasters/ara/arabic_0031/sld_arb0031_0191_z_4.tif,191,sinai,Head, ,non-paged,ark:/21198/z1pk20rk,ark:/21198/z1pk20rk/zn45vp2v,Page,Images: Contact the Monastery of St. Catherine's of the Sinai. Metadata: Unless otherwise indicated all metadata associated with this manuscript is copyright the authors and released under Creative Commons Attribution 4.0 International License.,Sinai Arabic 31,succeeded,https://iiif.sinaimanuscripts.library.ucla.edu/iiif/2/ark%3A%2F21198%2Fz1pk20rk%2Fzn45vp2v
Masters/sinaimasters/ara/arabic_0031/sld_arb0031_0192_z_5.tif,192,sinai,Tail, ,non-paged,ark:/21198/z1pk20rk,ark:/21198/z1pk20rk/g984kv04,Page,Images: Contact the Monastery of St. Catherine's of the Sinai. Metadata: Unless otherwise indicated all metadata associated with this manuscript is copyright the authors and released under Creative Commons Attribution 4.0 International License.,Sinai Arabic 31,succeeded,https://iiif.sinaimanuscripts.library.ucla.edu/iiif/2/ark%3A%2F21198%2Fz1pk20rk%2Fg984kv04
Masters/sinaimasters/ara/arabic_0031/sld_arb0031_0193_z_999r.tif,193,sinai,Fragment recto, ,,ark:/21198/z1pk20rk,ark:/21198/z1pk20rk/tj20fk43,Page,Images: Contact the Monastery of St. Catherine's of the Sinai. Metadata: Unless otherwise indicated all metadata associated with this manuscript is copyright the authors and released under Creative Commons Attribution 4.0 International License.,Sinai Arabic 31,succeeded,https://iiif.sinaimanuscripts.library.ucla.edu/iiif/2/ark%3A%2F21198%2Fz1pk20rk%2Ftj20fk43
Masters/sinaimasters/ara/arabic_0031/sld_arb0031_0194_z_999v.tif,194,sinai,Fragment verso, ,,ark:/21198/z1pk20rk,ark:/21198/z1pk20rk/m8063c41,Page,Images: Contact the Monastery of St. Catherine's of the Sinai. Metadata: Unless otherwise indicated all metadata associated with this manuscript is copyright the authors and released under Creative Commons Attribution 4.0 International License.,Sinai Arabic 31,succeeded,https://iiif.sinaimanuscripts.library.ucla.edu/iiif/2/ark%3A%2F21198%2Fz1pk20rk%2Fm8063c41
Masters/sinaimasters/ara/arabic_0031/calibration_left.tif,195,sinai,Calibration Left, ,non-paged,ark:/21198/z1pk20rk,ark:/21198/z1pk20rk/tp93ph92,Page,Images: Contact the Monastery of St. Catherine's of the Sinai. Metadata: Unless otherwise indicated all metadata associated with this manuscript is copyright the authors and released under Creative Commons Attribution 4.0 International License.,Sinai Arabic 31,succeeded,https://iiif.sinaimanuscripts.library.ucla.edu/iiif/2/ark%3A%2F21198%2Fz1pk20rk%2Ftp93ph92
Masters/sinaimasters/ara/arabic_0031/calibration_right.tif,196,sinai,Calibration Right, ,non-paged,ark:/21198/z1pk20rk,ark:/21198/z1pk20rk/4j23n94m,Page,Images: Contact the Monastery of St. Catherine's of the Sinai. Metadata: Unless otherwise indicated all metadata associated with this manuscript is copyright the authors and released under Creative Commons Attribution 4.0 International License.,Sinai Arabic 31,succeeded,https://iiif.sinaimanuscripts.library.ucla.edu/iiif/2/ark%3A%2F21198%2Fz1pk20rk%2F4j23n94m
