File Name,Item Sequence,Visibility,Title,IIIF Range,viewingHint,Parent ARK,Item ARK,Object Type,Rights.statementLocal,Source
Masters/sinaimasters/syr/syriac_0036/sld_syr0036_0001_a_1.tif,1,sinai,Front Board Outside,Front matter,,ark:/21198/z1nc7jzd,ark:/21198/z1nc7jzd/9r24zp8j,Page,Images: Contact the Monastery of St. Catherine's of the Sinai. Metadata: Unless otherwise indicated all metadata associated with this manuscript is copyright the authors and released under Creative Commons Attribution 4.0 International License.,Sinai Syriac 36
Masters/sinaimasters/syr/syriac_0036/sld_syr0036_0002_b_000.tif,2,sinai,Front Board Inside,Front matter,,ark:/21198/z1nc7jzd,ark:/21198/z1nc7jzd/rk89b07c,Page,Images: Contact the Monastery of St. Catherine's of the Sinai. Metadata: Unless otherwise indicated all metadata associated with this manuscript is copyright the authors and released under Creative Commons Attribution 4.0 International License.,Sinai Syriac 36
Masters/sinaimasters/syr/syriac_0036/sld_syr0036_0003_f_001r.tif,3,sinai,f. 001r,Text,,ark:/21198/z1nc7jzd,ark:/21198/z1nc7jzd/3s66371x,Page,Images: Contact the Monastery of St. Catherine's of the Sinai. Metadata: Unless otherwise indicated all metadata associated with this manuscript is copyright the authors and released under Creative Commons Attribution 4.0 International License.,Sinai Syriac 36
Masters/sinaimasters/syr/syriac_0036/sld_syr0036_0004_f_001v.tif,4,sinai,f. 001v,Text,,ark:/21198/z1nc7jzd,ark:/21198/z1nc7jzd/vd58d332,Page,Images: Contact the Monastery of St. Catherine's of the Sinai. Metadata: Unless otherwise indicated all metadata associated with this manuscript is copyright the authors and released under Creative Commons Attribution 4.0 International License.,Sinai Syriac 36
Masters/sinaimasters/syr/syriac_0036/sld_syr0036_0005_f_002r.tif,5,sinai,f. 002r,Text,,ark:/21198/z1nc7jzd,ark:/21198/z1nc7jzd/9979md9k,Page,Images: Contact the Monastery of St. Catherine's of the Sinai. Metadata: Unless otherwise indicated all metadata associated with this manuscript is copyright the authors and released under Creative Commons Attribution 4.0 International License.,Sinai Syriac 36
Masters/sinaimasters/syr/syriac_0036/sld_syr0036_0006_f_002v.tif,6,sinai,f. 002v,Text,,ark:/21198/z1nc7jzd,ark:/21198/z1nc7jzd/1t80vw3x,Page,Images: Contact the Monastery of St. Catherine's of the Sinai. Metadata: Unless otherwise indicated all metadata associated with this manuscript is copyright the authors and released under Creative Commons Attribution 4.0 International License.,Sinai Syriac 36
Masters/sinaimasters/syr/syriac_0036/sld_syr0036_0007_f_003r.tif,7,sinai,f. 003r,Text,,ark:/21198/z1nc7jzd,ark:/21198/z1nc7jzd/5c06g55f,Page,Images: Contact the Monastery of St. Catherine's of the Sinai. Metadata: Unless otherwise indicated all metadata associated with this manuscript is copyright the authors and released under Creative Commons Attribution 4.0 International License.,Sinai Syriac 36
Masters/sinaimasters/syr/syriac_0036/sld_syr0036_0008_f_003v.tif,8,sinai,f. 003v,Text,,ark:/21198/z1nc7jzd,ark:/21198/z1nc7jzd/4v16q735,Page,Images: Contact the Monastery of St. Catherine's of the Sinai. Metadata: Unless otherwise indicated all metadata associated with this manuscript is copyright the authors and released under Creative Commons Attribution 4.0 International License.,Sinai Syriac 36
Masters/sinaimasters/syr/syriac_0036/sld_syr0036_0009_f_004r.tif,9,sinai,f. 004r,Text,,ark:/21198/z1nc7jzd,ark:/21198/z1nc7jzd/6r32j034,Page,Images: Contact the Monastery of St. Catherine's of the Sinai. Metadata: Unless otherwise indicated all metadata associated with this manuscript is copyright the authors and released under Creative Commons Attribution 4.0 International License.,Sinai Syriac 36
Masters/sinaimasters/syr/syriac_0036/sld_syr0036_0010_f_004v.tif,10,sinai,f. 004v,Text,,ark:/21198/z1nc7jzd,ark:/21198/z1nc7jzd/bg47x166,Page,Images: Contact the Monastery of St. Catherine's of the Sinai. Metadata: Unless otherwise indicated all metadata associated with this manuscript is copyright the authors and released under Creative Commons Attribution 4.0 International License.,Sinai Syriac 36
Masters/sinaimasters/syr/syriac_0036/sld_syr0036_0011_f_005r.tif,11,sinai,f. 005r,Text,,ark:/21198/z1nc7jzd,ark:/21198/z1nc7jzd/d042wz60,Page,Images: Contact the Monastery of St. Catherine's of the Sinai. Metadata: Unless otherwise indicated all metadata associated with this manuscript is copyright the authors and released under Creative Commons Attribution 4.0 International License.,Sinai Syriac 36
Masters/sinaimasters/syr/syriac_0036/sld_syr0036_0012_f_005v.tif,12,sinai,f. 005v,Text,,ark:/21198/z1nc7jzd,ark:/21198/z1nc7jzd/mx669w9z,Page,Images: Contact the Monastery of St. Catherine's of the Sinai. Metadata: Unless otherwise indicated all metadata associated with this manuscript is copyright the authors and released under Creative Commons Attribution 4.0 International License.,Sinai Syriac 36
Masters/sinaimasters/syr/syriac_0036/sld_syr0036_0013_f_006r.tif,13,sinai,f. 006r,Text,,ark:/21198/z1nc7jzd,ark:/21198/z1nc7jzd/5j74j16j,Page,Images: Contact the Monastery of St. Catherine's of the Sinai. Metadata: Unless otherwise indicated all metadata associated with this manuscript is copyright the authors and released under Creative Commons Attribution 4.0 International License.,Sinai Syriac 36
Masters/sinaimasters/syr/syriac_0036/sld_syr0036_0014_f_006v.tif,14,sinai,f. 006v,Text,,ark:/21198/z1nc7jzd,ark:/21198/z1nc7jzd/bj88k87m,Page,Images: Contact the Monastery of St. Catherine's of the Sinai. Metadata: Unless otherwise indicated all metadata associated with this manuscript is copyright the authors and released under Creative Commons Attribution 4.0 International License.,Sinai Syriac 36
Masters/sinaimasters/syr/syriac_0036/sld_syr0036_0015_f_007r.tif,15,sinai,f. 007r,Text,,ark:/21198/z1nc7jzd,ark:/21198/z1nc7jzd/q131cb4z,Page,Images: Contact the Monastery of St. Catherine's of the Sinai. Metadata: Unless otherwise indicated all metadata associated with this manuscript is copyright the authors and released under Creative Commons Attribution 4.0 International License.,Sinai Syriac 36
Masters/sinaimasters/syr/syriac_0036/sld_syr0036_0016_f_007v.tif,16,sinai,f. 007v,Text,,ark:/21198/z1nc7jzd,ark:/21198/z1nc7jzd/bx30k76h,Page,Images: Contact the Monastery of St. Catherine's of the Sinai. Metadata: Unless otherwise indicated all metadata associated with this manuscript is copyright the authors and released under Creative Commons Attribution 4.0 International License.,Sinai Syriac 36
Masters/sinaimasters/syr/syriac_0036/sld_syr0036_0017_f_008r.tif,17,sinai,f. 008r,Text,,ark:/21198/z1nc7jzd,ark:/21198/z1nc7jzd/4x42mv5c,Page,Images: Contact the Monastery of St. Catherine's of the Sinai. Metadata: Unless otherwise indicated all metadata associated with this manuscript is copyright the authors and released under Creative Commons Attribution 4.0 International License.,Sinai Syriac 36
Masters/sinaimasters/syr/syriac_0036/sld_syr0036_0018_f_008v.tif,18,sinai,f. 008v,Text,,ark:/21198/z1nc7jzd,ark:/21198/z1nc7jzd/rp68g72n,Page,Images: Contact the Monastery of St. Catherine's of the Sinai. Metadata: Unless otherwise indicated all metadata associated with this manuscript is copyright the authors and released under Creative Commons Attribution 4.0 International License.,Sinai Syriac 36
Masters/sinaimasters/syr/syriac_0036/sld_syr0036_0019_f_009r.tif,19,sinai,f. 009r,Text,,ark:/21198/z1nc7jzd,ark:/21198/z1nc7jzd/h1437q00,Page,Images: Contact the Monastery of St. Catherine's of the Sinai. Metadata: Unless otherwise indicated all metadata associated with this manuscript is copyright the authors and released under Creative Commons Attribution 4.0 International License.,Sinai Syriac 36
Masters/sinaimasters/syr/syriac_0036/sld_syr0036_0020_f_009v.tif,20,sinai,f. 009v,Text,,ark:/21198/z1nc7jzd,ark:/21198/z1nc7jzd/0x679g6m,Page,Images: Contact the Monastery of St. Catherine's of the Sinai. Metadata: Unless otherwise indicated all metadata associated with this manuscript is copyright the authors and released under Creative Commons Attribution 4.0 International License.,Sinai Syriac 36
Masters/sinaimasters/syr/syriac_0036/sld_syr0036_0021_f_010r.tif,21,sinai,f. 010r,Text,,ark:/21198/z1nc7jzd,ark:/21198/z1nc7jzd/8s71bg4k,Page,Images: Contact the Monastery of St. Catherine's of the Sinai. Metadata: Unless otherwise indicated all metadata associated with this manuscript is copyright the authors and released under Creative Commons Attribution 4.0 International License.,Sinai Syriac 36
Masters/sinaimasters/syr/syriac_0036/sld_syr0036_0022_f_010v.tif,22,sinai,f. 010v,Text,,ark:/21198/z1nc7jzd,ark:/21198/z1nc7jzd/3p21xn9p,Page,Images: Contact the Monastery of St. Catherine's of the Sinai. Metadata: Unless otherwise indicated all metadata associated with this manuscript is copyright the authors and released under Creative Commons Attribution 4.0 International License.,Sinai Syriac 36
Masters/sinaimasters/syr/syriac_0036/sld_syr0036_0023_f_011r.tif,23,sinai,f. 011r,Text,,ark:/21198/z1nc7jzd,ark:/21198/z1nc7jzd/rj469g3h,Page,Images: Contact the Monastery of St. Catherine's of the Sinai. Metadata: Unless otherwise indicated all metadata associated with this manuscript is copyright the authors and released under Creative Commons Attribution 4.0 International License.,Sinai Syriac 36
Masters/sinaimasters/syr/syriac_0036/sld_syr0036_0024_f_011v.tif,24,sinai,f. 011v,Text,,ark:/21198/z1nc7jzd,ark:/21198/z1nc7jzd/gt60k602,Page,Images: Contact the Monastery of St. Catherine's of the Sinai. Metadata: Unless otherwise indicated all metadata associated with this manuscript is copyright the authors and released under Creative Commons Attribution 4.0 International License.,Sinai Syriac 36
Masters/sinaimasters/syr/syriac_0036/sld_syr0036_0025_f_012r.tif,25,sinai,f. 012r,Text,,ark:/21198/z1nc7jzd,ark:/21198/z1nc7jzd/gs40jh22,Page,Images: Contact the Monastery of St. Catherine's of the Sinai. Metadata: Unless otherwise indicated all metadata associated with this manuscript is copyright the authors and released under Creative Commons Attribution 4.0 International License.,Sinai Syriac 36
Masters/sinaimasters/syr/syriac_0036/sld_syr0036_0026_f_012v.tif,26,sinai,f. 012v,Text,,ark:/21198/z1nc7jzd,ark:/21198/z1nc7jzd/wh83jw75,Page,Images: Contact the Monastery of St. Catherine's of the Sinai. Metadata: Unless otherwise indicated all metadata associated with this manuscript is copyright the authors and released under Creative Commons Attribution 4.0 International License.,Sinai Syriac 36
Masters/sinaimasters/syr/syriac_0036/sld_syr0036_0027_f_013r.tif,27,sinai,f. 013r,Text,,ark:/21198/z1nc7jzd,ark:/21198/z1nc7jzd/vm27336z,Page,Images: Contact the Monastery of St. Catherine's of the Sinai. Metadata: Unless otherwise indicated all metadata associated with this manuscript is copyright the authors and released under Creative Commons Attribution 4.0 International License.,Sinai Syriac 36
Masters/sinaimasters/syr/syriac_0036/sld_syr0036_0028_f_013v.tif,28,sinai,f. 013v,Text,,ark:/21198/z1nc7jzd,ark:/21198/z1nc7jzd/n107r729,Page,Images: Contact the Monastery of St. Catherine's of the Sinai. Metadata: Unless otherwise indicated all metadata associated with this manuscript is copyright the authors and released under Creative Commons Attribution 4.0 International License.,Sinai Syriac 36
Masters/sinaimasters/syr/syriac_0036/sld_syr0036_0029_f_014r.tif,29,sinai,f. 014r,Text,,ark:/21198/z1nc7jzd,ark:/21198/z1nc7jzd/b0246z5z,Page,Images: Contact the Monastery of St. Catherine's of the Sinai. Metadata: Unless otherwise indicated all metadata associated with this manuscript is copyright the authors and released under Creative Commons Attribution 4.0 International License.,Sinai Syriac 36
Masters/sinaimasters/syr/syriac_0036/sld_syr0036_0030_f_014v.tif,30,sinai,f. 014v,Text,,ark:/21198/z1nc7jzd,ark:/21198/z1nc7jzd/t2860j9p,Page,Images: Contact the Monastery of St. Catherine's of the Sinai. Metadata: Unless otherwise indicated all metadata associated with this manuscript is copyright the authors and released under Creative Commons Attribution 4.0 International License.,Sinai Syriac 36
Masters/sinaimasters/syr/syriac_0036/sld_syr0036_0031_f_015r.tif,31,sinai,f. 015r,Text,,ark:/21198/z1nc7jzd,ark:/21198/z1nc7jzd/6t56zw8z,Page,Images: Contact the Monastery of St. Catherine's of the Sinai. Metadata: Unless otherwise indicated all metadata associated with this manuscript is copyright the authors and released under Creative Commons Attribution 4.0 International License.,Sinai Syriac 36
Masters/sinaimasters/syr/syriac_0036/sld_syr0036_0032_f_015v.tif,32,sinai,f. 015v,Text,,ark:/21198/z1nc7jzd,ark:/21198/z1nc7jzd/5h719w15,Page,Images: Contact the Monastery of St. Catherine's of the Sinai. Metadata: Unless otherwise indicated all metadata associated with this manuscript is copyright the authors and released under Creative Commons Attribution 4.0 International License.,Sinai Syriac 36
Masters/sinaimasters/syr/syriac_0036/sld_syr0036_0033_f_016r.tif,33,sinai,f. 016r,Text,,ark:/21198/z1nc7jzd,ark:/21198/z1nc7jzd/hn37384b,Page,Images: Contact the Monastery of St. Catherine's of the Sinai. Metadata: Unless otherwise indicated all metadata associated with this manuscript is copyright the authors and released under Creative Commons Attribution 4.0 International License.,Sinai Syriac 36
Masters/sinaimasters/syr/syriac_0036/sld_syr0036_0034_f_016v.tif,34,sinai,f. 016v,Text,,ark:/21198/z1nc7jzd,ark:/21198/z1nc7jzd/0p55tp1w,Page,Images: Contact the Monastery of St. Catherine's of the Sinai. Metadata: Unless otherwise indicated all metadata associated with this manuscript is copyright the authors and released under Creative Commons Attribution 4.0 International License.,Sinai Syriac 36
Masters/sinaimasters/syr/syriac_0036/sld_syr0036_0035_f_017r.tif,35,sinai,f. 017r,Text,,ark:/21198/z1nc7jzd,ark:/21198/z1nc7jzd/1p89kr5p,Page,Images: Contact the Monastery of St. Catherine's of the Sinai. Metadata: Unless otherwise indicated all metadata associated with this manuscript is copyright the authors and released under Creative Commons Attribution 4.0 International License.,Sinai Syriac 36
Masters/sinaimasters/syr/syriac_0036/sld_syr0036_0036_f_017v.tif,36,sinai,f. 017v,Text,,ark:/21198/z1nc7jzd,ark:/21198/z1nc7jzd/gq63r969,Page,Images: Contact the Monastery of St. Catherine's of the Sinai. Metadata: Unless otherwise indicated all metadata associated with this manuscript is copyright the authors and released under Creative Commons Attribution 4.0 International License.,Sinai Syriac 36
Masters/sinaimasters/syr/syriac_0036/sld_syr0036_0037_f_018r.tif,37,sinai,f. 018r,Text,,ark:/21198/z1nc7jzd,ark:/21198/z1nc7jzd/0c58234f,Page,Images: Contact the Monastery of St. Catherine's of the Sinai. Metadata: Unless otherwise indicated all metadata associated with this manuscript is copyright the authors and released under Creative Commons Attribution 4.0 International License.,Sinai Syriac 36
Masters/sinaimasters/syr/syriac_0036/sld_syr0036_0038_f_018v.tif,38,sinai,f. 018v,Text,,ark:/21198/z1nc7jzd,ark:/21198/z1nc7jzd/sx53zp3m,Page,Images: Contact the Monastery of St. Catherine's of the Sinai. Metadata: Unless otherwise indicated all metadata associated with this manuscript is copyright the authors and released under Creative Commons Attribution 4.0 International License.,Sinai Syriac 36
Masters/sinaimasters/syr/syriac_0036/sld_syr0036_0039_f_019r.tif,39,sinai,f. 019r,Text,,ark:/21198/z1nc7jzd,ark:/21198/z1nc7jzd/7174td65,Page,Images: Contact the Monastery of St. Catherine's of the Sinai. Metadata: Unless otherwise indicated all metadata associated with this manuscript is copyright the authors and released under Creative Commons Attribution 4.0 International License.,Sinai Syriac 36
Masters/sinaimasters/syr/syriac_0036/sld_syr0036_0040_f_019v.tif,40,sinai,f. 019v,Text,,ark:/21198/z1nc7jzd,ark:/21198/z1nc7jzd/kp23cx4x,Page,Images: Contact the Monastery of St. Catherine's of the Sinai. Metadata: Unless otherwise indicated all metadata associated with this manuscript is copyright the authors and released under Creative Commons Attribution 4.0 International License.,Sinai Syriac 36
Masters/sinaimasters/syr/syriac_0036/sld_syr0036_0041_f_020r.tif,41,sinai,f. 020r,Text,,ark:/21198/z1nc7jzd,ark:/21198/z1nc7jzd/ng90mp8b,Page,Images: Contact the Monastery of St. Catherine's of the Sinai. Metadata: Unless otherwise indicated all metadata associated with this manuscript is copyright the authors and released under Creative Commons Attribution 4.0 International License.,Sinai Syriac 36
Masters/sinaimasters/syr/syriac_0036/sld_syr0036_0042_f_020v.tif,42,sinai,f. 020v,Text,,ark:/21198/z1nc7jzd,ark:/21198/z1nc7jzd/c571ns47,Page,Images: Contact the Monastery of St. Catherine's of the Sinai. Metadata: Unless otherwise indicated all metadata associated with this manuscript is copyright the authors and released under Creative Commons Attribution 4.0 International License.,Sinai Syriac 36
Masters/sinaimasters/syr/syriac_0036/sld_syr0036_0043_f_021r.tif,43,sinai,f. 021r,Text,,ark:/21198/z1nc7jzd,ark:/21198/z1nc7jzd/s624v22h,Page,Images: Contact the Monastery of St. Catherine's of the Sinai. Metadata: Unless otherwise indicated all metadata associated with this manuscript is copyright the authors and released under Creative Commons Attribution 4.0 International License.,Sinai Syriac 36
Masters/sinaimasters/syr/syriac_0036/sld_syr0036_0044_f_021v.tif,44,sinai,f. 021v,Text,,ark:/21198/z1nc7jzd,ark:/21198/z1nc7jzd/6m77fd6m,Page,Images: Contact the Monastery of St. Catherine's of the Sinai. Metadata: Unless otherwise indicated all metadata associated with this manuscript is copyright the authors and released under Creative Commons Attribution 4.0 International License.,Sinai Syriac 36
Masters/sinaimasters/syr/syriac_0036/sld_syr0036_0045_f_022r.tif,45,sinai,f. 022r,Text,,ark:/21198/z1nc7jzd,ark:/21198/z1nc7jzd/87089s0b,Page,Images: Contact the Monastery of St. Catherine's of the Sinai. Metadata: Unless otherwise indicated all metadata associated with this manuscript is copyright the authors and released under Creative Commons Attribution 4.0 International License.,Sinai Syriac 36
Masters/sinaimasters/syr/syriac_0036/sld_syr0036_0046_f_022v.tif,46,sinai,f. 022v,Text,,ark:/21198/z1nc7jzd,ark:/21198/z1nc7jzd/sf62349n,Page,Images: Contact the Monastery of St. Catherine's of the Sinai. Metadata: Unless otherwise indicated all metadata associated with this manuscript is copyright the authors and released under Creative Commons Attribution 4.0 International License.,Sinai Syriac 36
Masters/sinaimasters/syr/syriac_0036/sld_syr0036_0047_f_023r.tif,47,sinai,f. 023r,Text,,ark:/21198/z1nc7jzd,ark:/21198/z1nc7jzd/zq728r5r,Page,Images: Contact the Monastery of St. Catherine's of the Sinai. Metadata: Unless otherwise indicated all metadata associated with this manuscript is copyright the authors and released under Creative Commons Attribution 4.0 International License.,Sinai Syriac 36
Masters/sinaimasters/syr/syriac_0036/sld_syr0036_0048_f_023v.tif,48,sinai,f. 023v,Text,,ark:/21198/z1nc7jzd,ark:/21198/z1nc7jzd/jq94mp7m,Page,Images: Contact the Monastery of St. Catherine's of the Sinai. Metadata: Unless otherwise indicated all metadata associated with this manuscript is copyright the authors and released under Creative Commons Attribution 4.0 International License.,Sinai Syriac 36
Masters/sinaimasters/syr/syriac_0036/sld_syr0036_0049_f_024r.tif,49,sinai,f. 024r,Text,,ark:/21198/z1nc7jzd,ark:/21198/z1nc7jzd/87131650,Page,Images: Contact the Monastery of St. Catherine's of the Sinai. Metadata: Unless otherwise indicated all metadata associated with this manuscript is copyright the authors and released under Creative Commons Attribution 4.0 International License.,Sinai Syriac 36
Masters/sinaimasters/syr/syriac_0036/sld_syr0036_0050_f_024v.tif,50,sinai,f. 024v,Text,,ark:/21198/z1nc7jzd,ark:/21198/z1nc7jzd/wr35g84s,Page,Images: Contact the Monastery of St. Catherine's of the Sinai. Metadata: Unless otherwise indicated all metadata associated with this manuscript is copyright the authors and released under Creative Commons Attribution 4.0 International License.,Sinai Syriac 36
Masters/sinaimasters/syr/syriac_0036/sld_syr0036_0051_f_025r.tif,51,sinai,f. 025r,Text,,ark:/21198/z1nc7jzd,ark:/21198/z1nc7jzd/dt772m22,Page,Images: Contact the Monastery of St. Catherine's of the Sinai. Metadata: Unless otherwise indicated all metadata associated with this manuscript is copyright the authors and released under Creative Commons Attribution 4.0 International License.,Sinai Syriac 36
Masters/sinaimasters/syr/syriac_0036/sld_syr0036_0052_f_025v.tif,52,sinai,f. 025v,Text,,ark:/21198/z1nc7jzd,ark:/21198/z1nc7jzd/mv024459,Page,Images: Contact the Monastery of St. Catherine's of the Sinai. Metadata: Unless otherwise indicated all metadata associated with this manuscript is copyright the authors and released under Creative Commons Attribution 4.0 International License.,Sinai Syriac 36
Masters/sinaimasters/syr/syriac_0036/sld_syr0036_0053_f_026r.tif,53,sinai,f. 026r,Text,,ark:/21198/z1nc7jzd,ark:/21198/z1nc7jzd/n989z512,Page,Images: Contact the Monastery of St. Catherine's of the Sinai. Metadata: Unless otherwise indicated all metadata associated with this manuscript is copyright the authors and released under Creative Commons Attribution 4.0 International License.,Sinai Syriac 36
Masters/sinaimasters/syr/syriac_0036/sld_syr0036_0054_f_026v.tif,54,sinai,f. 026v,Text,,ark:/21198/z1nc7jzd,ark:/21198/z1nc7jzd/n406w120,Page,Images: Contact the Monastery of St. Catherine's of the Sinai. Metadata: Unless otherwise indicated all metadata associated with this manuscript is copyright the authors and released under Creative Commons Attribution 4.0 International License.,Sinai Syriac 36
Masters/sinaimasters/syr/syriac_0036/sld_syr0036_0055_f_027r.tif,55,sinai,f. 027r,Text,,ark:/21198/z1nc7jzd,ark:/21198/z1nc7jzd/2m74qv3m,Page,Images: Contact the Monastery of St. Catherine's of the Sinai. Metadata: Unless otherwise indicated all metadata associated with this manuscript is copyright the authors and released under Creative Commons Attribution 4.0 International License.,Sinai Syriac 36
Masters/sinaimasters/syr/syriac_0036/sld_syr0036_0056_f_027v.tif,56,sinai,f. 027v,Text,,ark:/21198/z1nc7jzd,ark:/21198/z1nc7jzd/dw335s90,Page,Images: Contact the Monastery of St. Catherine's of the Sinai. Metadata: Unless otherwise indicated all metadata associated with this manuscript is copyright the authors and released under Creative Commons Attribution 4.0 International License.,Sinai Syriac 36
Masters/sinaimasters/syr/syriac_0036/sld_syr0036_0057_f_028r.tif,57,sinai,f. 028r,Text,,ark:/21198/z1nc7jzd,ark:/21198/z1nc7jzd/tg20wn1w,Page,Images: Contact the Monastery of St. Catherine's of the Sinai. Metadata: Unless otherwise indicated all metadata associated with this manuscript is copyright the authors and released under Creative Commons Attribution 4.0 International License.,Sinai Syriac 36
Masters/sinaimasters/syr/syriac_0036/sld_syr0036_0058_f_028v.tif,58,sinai,f. 028v,Text,,ark:/21198/z1nc7jzd,ark:/21198/z1nc7jzd/s690141c,Page,Images: Contact the Monastery of St. Catherine's of the Sinai. Metadata: Unless otherwise indicated all metadata associated with this manuscript is copyright the authors and released under Creative Commons Attribution 4.0 International License.,Sinai Syriac 36
Masters/sinaimasters/syr/syriac_0036/sld_syr0036_0059_f_029r.tif,59,sinai,f. 029r,Text,,ark:/21198/z1nc7jzd,ark:/21198/z1nc7jzd/fc31qx05,Page,Images: Contact the Monastery of St. Catherine's of the Sinai. Metadata: Unless otherwise indicated all metadata associated with this manuscript is copyright the authors and released under Creative Commons Attribution 4.0 International License.,Sinai Syriac 36
Masters/sinaimasters/syr/syriac_0036/sld_syr0036_0060_f_029v.tif,60,sinai,f. 029v,Text,,ark:/21198/z1nc7jzd,ark:/21198/z1nc7jzd/m957jc93,Page,Images: Contact the Monastery of St. Catherine's of the Sinai. Metadata: Unless otherwise indicated all metadata associated with this manuscript is copyright the authors and released under Creative Commons Attribution 4.0 International License.,Sinai Syriac 36
Masters/sinaimasters/syr/syriac_0036/sld_syr0036_0061_f_030r.tif,61,sinai,f. 030r,Text,,ark:/21198/z1nc7jzd,ark:/21198/z1nc7jzd/1z64gv1n,Page,Images: Contact the Monastery of St. Catherine's of the Sinai. Metadata: Unless otherwise indicated all metadata associated with this manuscript is copyright the authors and released under Creative Commons Attribution 4.0 International License.,Sinai Syriac 36
Masters/sinaimasters/syr/syriac_0036/sld_syr0036_0062_f_030v.tif,62,sinai,f. 030v,Text,,ark:/21198/z1nc7jzd,ark:/21198/z1nc7jzd/r935qz90,Page,Images: Contact the Monastery of St. Catherine's of the Sinai. Metadata: Unless otherwise indicated all metadata associated with this manuscript is copyright the authors and released under Creative Commons Attribution 4.0 International License.,Sinai Syriac 36
Masters/sinaimasters/syr/syriac_0036/sld_syr0036_0063_f_031r.tif,63,sinai,f. 031r,Text,,ark:/21198/z1nc7jzd,ark:/21198/z1nc7jzd/c2637s6h,Page,Images: Contact the Monastery of St. Catherine's of the Sinai. Metadata: Unless otherwise indicated all metadata associated with this manuscript is copyright the authors and released under Creative Commons Attribution 4.0 International License.,Sinai Syriac 36
Masters/sinaimasters/syr/syriac_0036/sld_syr0036_0064_f_031v.tif,64,sinai,f. 031v,Text,,ark:/21198/z1nc7jzd,ark:/21198/z1nc7jzd/3b583g7q,Page,Images: Contact the Monastery of St. Catherine's of the Sinai. Metadata: Unless otherwise indicated all metadata associated with this manuscript is copyright the authors and released under Creative Commons Attribution 4.0 International License.,Sinai Syriac 36
Masters/sinaimasters/syr/syriac_0036/sld_syr0036_0065_f_032r.tif,65,sinai,f. 032r,Text,,ark:/21198/z1nc7jzd,ark:/21198/z1nc7jzd/bf30r825,Page,Images: Contact the Monastery of St. Catherine's of the Sinai. Metadata: Unless otherwise indicated all metadata associated with this manuscript is copyright the authors and released under Creative Commons Attribution 4.0 International License.,Sinai Syriac 36
Masters/sinaimasters/syr/syriac_0036/sld_syr0036_0066_f_032v.tif,66,sinai,f. 032v,Text,,ark:/21198/z1nc7jzd,ark:/21198/z1nc7jzd/m4383c99,Page,Images: Contact the Monastery of St. Catherine's of the Sinai. Metadata: Unless otherwise indicated all metadata associated with this manuscript is copyright the authors and released under Creative Commons Attribution 4.0 International License.,Sinai Syriac 36
Masters/sinaimasters/syr/syriac_0036/sld_syr0036_0067_f_033r.tif,67,sinai,f. 033r,Text,,ark:/21198/z1nc7jzd,ark:/21198/z1nc7jzd/gw606r0d,Page,Images: Contact the Monastery of St. Catherine's of the Sinai. Metadata: Unless otherwise indicated all metadata associated with this manuscript is copyright the authors and released under Creative Commons Attribution 4.0 International License.,Sinai Syriac 36
Masters/sinaimasters/syr/syriac_0036/sld_syr0036_0068_f_033v.tif,68,sinai,f. 033v,Text,,ark:/21198/z1nc7jzd,ark:/21198/z1nc7jzd/cn63sm9d,Page,Images: Contact the Monastery of St. Catherine's of the Sinai. Metadata: Unless otherwise indicated all metadata associated with this manuscript is copyright the authors and released under Creative Commons Attribution 4.0 International License.,Sinai Syriac 36
Masters/sinaimasters/syr/syriac_0036/sld_syr0036_0069_f_034r.tif,69,sinai,f. 034r,Text,,ark:/21198/z1nc7jzd,ark:/21198/z1nc7jzd/r721b046,Page,Images: Contact the Monastery of St. Catherine's of the Sinai. Metadata: Unless otherwise indicated all metadata associated with this manuscript is copyright the authors and released under Creative Commons Attribution 4.0 International License.,Sinai Syriac 36
Masters/sinaimasters/syr/syriac_0036/sld_syr0036_0070_f_034v.tif,70,sinai,f. 034v,Text,,ark:/21198/z1nc7jzd,ark:/21198/z1nc7jzd/fj04fr0q,Page,Images: Contact the Monastery of St. Catherine's of the Sinai. Metadata: Unless otherwise indicated all metadata associated with this manuscript is copyright the authors and released under Creative Commons Attribution 4.0 International License.,Sinai Syriac 36
Masters/sinaimasters/syr/syriac_0036/sld_syr0036_0071_f_035r.tif,71,sinai,f. 035r,Text,,ark:/21198/z1nc7jzd,ark:/21198/z1nc7jzd/mz541q84,Page,Images: Contact the Monastery of St. Catherine's of the Sinai. Metadata: Unless otherwise indicated all metadata associated with this manuscript is copyright the authors and released under Creative Commons Attribution 4.0 International License.,Sinai Syriac 36
Masters/sinaimasters/syr/syriac_0036/sld_syr0036_0072_f_035v.tif,72,sinai,f. 035v,Text,,ark:/21198/z1nc7jzd,ark:/21198/z1nc7jzd/dc26265z,Page,Images: Contact the Monastery of St. Catherine's of the Sinai. Metadata: Unless otherwise indicated all metadata associated with this manuscript is copyright the authors and released under Creative Commons Attribution 4.0 International License.,Sinai Syriac 36
Masters/sinaimasters/syr/syriac_0036/sld_syr0036_0073_f_036r.tif,73,sinai,f. 036r,Text,,ark:/21198/z1nc7jzd,ark:/21198/z1nc7jzd/w520vs1p,Page,Images: Contact the Monastery of St. Catherine's of the Sinai. Metadata: Unless otherwise indicated all metadata associated with this manuscript is copyright the authors and released under Creative Commons Attribution 4.0 International License.,Sinai Syriac 36
Masters/sinaimasters/syr/syriac_0036/sld_syr0036_0074_f_036v.tif,74,sinai,f. 036v,Text,,ark:/21198/z1nc7jzd,ark:/21198/z1nc7jzd/pr247n26,Page,Images: Contact the Monastery of St. Catherine's of the Sinai. Metadata: Unless otherwise indicated all metadata associated with this manuscript is copyright the authors and released under Creative Commons Attribution 4.0 International License.,Sinai Syriac 36
Masters/sinaimasters/syr/syriac_0036/sld_syr0036_0075_f_037r.tif,75,sinai,f. 037r,Text,,ark:/21198/z1nc7jzd,ark:/21198/z1nc7jzd/k029nm6q,Page,Images: Contact the Monastery of St. Catherine's of the Sinai. Metadata: Unless otherwise indicated all metadata associated with this manuscript is copyright the authors and released under Creative Commons Attribution 4.0 International License.,Sinai Syriac 36
Masters/sinaimasters/syr/syriac_0036/sld_syr0036_0076_f_037v.tif,76,sinai,f. 037v,Text,,ark:/21198/z1nc7jzd,ark:/21198/z1nc7jzd/6r481d7c,Page,Images: Contact the Monastery of St. Catherine's of the Sinai. Metadata: Unless otherwise indicated all metadata associated with this manuscript is copyright the authors and released under Creative Commons Attribution 4.0 International License.,Sinai Syriac 36
Masters/sinaimasters/syr/syriac_0036/sld_syr0036_0077_f_038r.tif,77,sinai,f. 038r,Text,,ark:/21198/z1nc7jzd,ark:/21198/z1nc7jzd/t287fp6x,Page,Images: Contact the Monastery of St. Catherine's of the Sinai. Metadata: Unless otherwise indicated all metadata associated with this manuscript is copyright the authors and released under Creative Commons Attribution 4.0 International License.,Sinai Syriac 36
Masters/sinaimasters/syr/syriac_0036/sld_syr0036_0078_f_038v.tif,78,sinai,f. 038v,Text,,ark:/21198/z1nc7jzd,ark:/21198/z1nc7jzd/q899v27c,Page,Images: Contact the Monastery of St. Catherine's of the Sinai. Metadata: Unless otherwise indicated all metadata associated with this manuscript is copyright the authors and released under Creative Commons Attribution 4.0 International License.,Sinai Syriac 36
Masters/sinaimasters/syr/syriac_0036/sld_syr0036_0079_f_039r.tif,79,sinai,f. 039r,Text,,ark:/21198/z1nc7jzd,ark:/21198/z1nc7jzd/ps27bv1b,Page,Images: Contact the Monastery of St. Catherine's of the Sinai. Metadata: Unless otherwise indicated all metadata associated with this manuscript is copyright the authors and released under Creative Commons Attribution 4.0 International License.,Sinai Syriac 36
Masters/sinaimasters/syr/syriac_0036/sld_syr0036_0080_f_039v.tif,80,sinai,f. 039v,Text,,ark:/21198/z1nc7jzd,ark:/21198/z1nc7jzd/pc28837m,Page,Images: Contact the Monastery of St. Catherine's of the Sinai. Metadata: Unless otherwise indicated all metadata associated with this manuscript is copyright the authors and released under Creative Commons Attribution 4.0 International License.,Sinai Syriac 36
Masters/sinaimasters/syr/syriac_0036/sld_syr0036_0081_f_040r.tif,81,sinai,f. 040r,Text,,ark:/21198/z1nc7jzd,ark:/21198/z1nc7jzd/7k06341n,Page,Images: Contact the Monastery of St. Catherine's of the Sinai. Metadata: Unless otherwise indicated all metadata associated with this manuscript is copyright the authors and released under Creative Commons Attribution 4.0 International License.,Sinai Syriac 36
Masters/sinaimasters/syr/syriac_0036/sld_syr0036_0082_f_040v.tif,82,sinai,f. 040v,Text,,ark:/21198/z1nc7jzd,ark:/21198/z1nc7jzd/vz47vf4b,Page,Images: Contact the Monastery of St. Catherine's of the Sinai. Metadata: Unless otherwise indicated all metadata associated with this manuscript is copyright the authors and released under Creative Commons Attribution 4.0 International License.,Sinai Syriac 36
Masters/sinaimasters/syr/syriac_0036/sld_syr0036_0083_f_041r.tif,83,sinai,f. 041r,Text,,ark:/21198/z1nc7jzd,ark:/21198/z1nc7jzd/c8413v45,Page,Images: Contact the Monastery of St. Catherine's of the Sinai. Metadata: Unless otherwise indicated all metadata associated with this manuscript is copyright the authors and released under Creative Commons Attribution 4.0 International License.,Sinai Syriac 36
Masters/sinaimasters/syr/syriac_0036/sld_syr0036_0084_f_041v.tif,84,sinai,f. 041v,Text,,ark:/21198/z1nc7jzd,ark:/21198/z1nc7jzd/cb61fs4x,Page,Images: Contact the Monastery of St. Catherine's of the Sinai. Metadata: Unless otherwise indicated all metadata associated with this manuscript is copyright the authors and released under Creative Commons Attribution 4.0 International License.,Sinai Syriac 36
Masters/sinaimasters/syr/syriac_0036/sld_syr0036_0085_f_042r.tif,85,sinai,f. 042r,Text,,ark:/21198/z1nc7jzd,ark:/21198/z1nc7jzd/bc212f09,Page,Images: Contact the Monastery of St. Catherine's of the Sinai. Metadata: Unless otherwise indicated all metadata associated with this manuscript is copyright the authors and released under Creative Commons Attribution 4.0 International License.,Sinai Syriac 36
Masters/sinaimasters/syr/syriac_0036/sld_syr0036_0086_f_042v.tif,86,sinai,f. 042v,Text,,ark:/21198/z1nc7jzd,ark:/21198/z1nc7jzd/xk37s865,Page,Images: Contact the Monastery of St. Catherine's of the Sinai. Metadata: Unless otherwise indicated all metadata associated with this manuscript is copyright the authors and released under Creative Commons Attribution 4.0 International License.,Sinai Syriac 36
Masters/sinaimasters/syr/syriac_0036/sld_syr0036_0087_f_043r.tif,87,sinai,f. 043r,Text,,ark:/21198/z1nc7jzd,ark:/21198/z1nc7jzd/sf80f96m,Page,Images: Contact the Monastery of St. Catherine's of the Sinai. Metadata: Unless otherwise indicated all metadata associated with this manuscript is copyright the authors and released under Creative Commons Attribution 4.0 International License.,Sinai Syriac 36
Masters/sinaimasters/syr/syriac_0036/sld_syr0036_0088_f_043v.tif,88,sinai,f. 043v,Text,,ark:/21198/z1nc7jzd,ark:/21198/z1nc7jzd/m783tg4f,Page,Images: Contact the Monastery of St. Catherine's of the Sinai. Metadata: Unless otherwise indicated all metadata associated with this manuscript is copyright the authors and released under Creative Commons Attribution 4.0 International License.,Sinai Syriac 36
Masters/sinaimasters/syr/syriac_0036/sld_syr0036_0089_f_044r.tif,89,sinai,f. 044r,Text,,ark:/21198/z1nc7jzd,ark:/21198/z1nc7jzd/m2958b9v,Page,Images: Contact the Monastery of St. Catherine's of the Sinai. Metadata: Unless otherwise indicated all metadata associated with this manuscript is copyright the authors and released under Creative Commons Attribution 4.0 International License.,Sinai Syriac 36
Masters/sinaimasters/syr/syriac_0036/sld_syr0036_0090_f_044v.tif,90,sinai,f. 044v,Text,,ark:/21198/z1nc7jzd,ark:/21198/z1nc7jzd/ns93x937,Page,Images: Contact the Monastery of St. Catherine's of the Sinai. Metadata: Unless otherwise indicated all metadata associated with this manuscript is copyright the authors and released under Creative Commons Attribution 4.0 International License.,Sinai Syriac 36
Masters/sinaimasters/syr/syriac_0036/sld_syr0036_0091_f_045r.tif,91,sinai,f. 045r,Text,,ark:/21198/z1nc7jzd,ark:/21198/z1nc7jzd/t3862f95,Page,Images: Contact the Monastery of St. Catherine's of the Sinai. Metadata: Unless otherwise indicated all metadata associated with this manuscript is copyright the authors and released under Creative Commons Attribution 4.0 International License.,Sinai Syriac 36
Masters/sinaimasters/syr/syriac_0036/sld_syr0036_0092_f_045v.tif,92,sinai,f. 045v,Text,,ark:/21198/z1nc7jzd,ark:/21198/z1nc7jzd/tp203p86,Page,Images: Contact the Monastery of St. Catherine's of the Sinai. Metadata: Unless otherwise indicated all metadata associated with this manuscript is copyright the authors and released under Creative Commons Attribution 4.0 International License.,Sinai Syriac 36
Masters/sinaimasters/syr/syriac_0036/sld_syr0036_0093_f_046r.tif,93,sinai,f. 046r,Text,,ark:/21198/z1nc7jzd,ark:/21198/z1nc7jzd/hx32wk6f,Page,Images: Contact the Monastery of St. Catherine's of the Sinai. Metadata: Unless otherwise indicated all metadata associated with this manuscript is copyright the authors and released under Creative Commons Attribution 4.0 International License.,Sinai Syriac 36
Masters/sinaimasters/syr/syriac_0036/sld_syr0036_0094_f_046v.tif,94,sinai,f. 046v,Text,,ark:/21198/z1nc7jzd,ark:/21198/z1nc7jzd/j481cr8n,Page,Images: Contact the Monastery of St. Catherine's of the Sinai. Metadata: Unless otherwise indicated all metadata associated with this manuscript is copyright the authors and released under Creative Commons Attribution 4.0 International License.,Sinai Syriac 36
Masters/sinaimasters/syr/syriac_0036/sld_syr0036_0095_f_047r.tif,95,sinai,f. 047r,Text,,ark:/21198/z1nc7jzd,ark:/21198/z1nc7jzd/fs352j1h,Page,Images: Contact the Monastery of St. Catherine's of the Sinai. Metadata: Unless otherwise indicated all metadata associated with this manuscript is copyright the authors and released under Creative Commons Attribution 4.0 International License.,Sinai Syriac 36
Masters/sinaimasters/syr/syriac_0036/sld_syr0036_0096_f_047v.tif,96,sinai,f. 047v,Text,,ark:/21198/z1nc7jzd,ark:/21198/z1nc7jzd/0d64nf9k,Page,Images: Contact the Monastery of St. Catherine's of the Sinai. Metadata: Unless otherwise indicated all metadata associated with this manuscript is copyright the authors and released under Creative Commons Attribution 4.0 International License.,Sinai Syriac 36
Masters/sinaimasters/syr/syriac_0036/sld_syr0036_0097_f_048r.tif,97,sinai,f. 048r,Text,,ark:/21198/z1nc7jzd,ark:/21198/z1nc7jzd/4q035w43,Page,Images: Contact the Monastery of St. Catherine's of the Sinai. Metadata: Unless otherwise indicated all metadata associated with this manuscript is copyright the authors and released under Creative Commons Attribution 4.0 International License.,Sinai Syriac 36
Masters/sinaimasters/syr/syriac_0036/sld_syr0036_0098_f_048v.tif,98,sinai,f. 048v,Text,,ark:/21198/z1nc7jzd,ark:/21198/z1nc7jzd/tj69w77k,Page,Images: Contact the Monastery of St. Catherine's of the Sinai. Metadata: Unless otherwise indicated all metadata associated with this manuscript is copyright the authors and released under Creative Commons Attribution 4.0 International License.,Sinai Syriac 36
Masters/sinaimasters/syr/syriac_0036/sld_syr0036_0099_f_049r.tif,99,sinai,f. 049r,Text,,ark:/21198/z1nc7jzd,ark:/21198/z1nc7jzd/j490jc32,Page,Images: Contact the Monastery of St. Catherine's of the Sinai. Metadata: Unless otherwise indicated all metadata associated with this manuscript is copyright the authors and released under Creative Commons Attribution 4.0 International License.,Sinai Syriac 36
Masters/sinaimasters/syr/syriac_0036/sld_syr0036_0100_f_049v.tif,100,sinai,f. 049v,Text,,ark:/21198/z1nc7jzd,ark:/21198/z1nc7jzd/bv686501,Page,Images: Contact the Monastery of St. Catherine's of the Sinai. Metadata: Unless otherwise indicated all metadata associated with this manuscript is copyright the authors and released under Creative Commons Attribution 4.0 International License.,Sinai Syriac 36
Masters/sinaimasters/syr/syriac_0036/sld_syr0036_0101_f_050r.tif,101,sinai,f. 050r,Text,,ark:/21198/z1nc7jzd,ark:/21198/z1nc7jzd/fs06dc6p,Page,Images: Contact the Monastery of St. Catherine's of the Sinai. Metadata: Unless otherwise indicated all metadata associated with this manuscript is copyright the authors and released under Creative Commons Attribution 4.0 International License.,Sinai Syriac 36
Masters/sinaimasters/syr/syriac_0036/sld_syr0036_0102_f_050v.tif,102,sinai,f. 050v,Text,,ark:/21198/z1nc7jzd,ark:/21198/z1nc7jzd/rn625m7b,Page,Images: Contact the Monastery of St. Catherine's of the Sinai. Metadata: Unless otherwise indicated all metadata associated with this manuscript is copyright the authors and released under Creative Commons Attribution 4.0 International License.,Sinai Syriac 36
Masters/sinaimasters/syr/syriac_0036/sld_syr0036_0103_f_051r.tif,103,sinai,f. 051r,Text,,ark:/21198/z1nc7jzd,ark:/21198/z1nc7jzd/q366v19p,Page,Images: Contact the Monastery of St. Catherine's of the Sinai. Metadata: Unless otherwise indicated all metadata associated with this manuscript is copyright the authors and released under Creative Commons Attribution 4.0 International License.,Sinai Syriac 36
Masters/sinaimasters/syr/syriac_0036/sld_syr0036_0104_f_051v.tif,104,sinai,f. 051v,Text,,ark:/21198/z1nc7jzd,ark:/21198/z1nc7jzd/h906wp41,Page,Images: Contact the Monastery of St. Catherine's of the Sinai. Metadata: Unless otherwise indicated all metadata associated with this manuscript is copyright the authors and released under Creative Commons Attribution 4.0 International License.,Sinai Syriac 36
Masters/sinaimasters/syr/syriac_0036/sld_syr0036_0105_f_052r.tif,105,sinai,f. 052r,Text,,ark:/21198/z1nc7jzd,ark:/21198/z1nc7jzd/md104f1s,Page,Images: Contact the Monastery of St. Catherine's of the Sinai. Metadata: Unless otherwise indicated all metadata associated with this manuscript is copyright the authors and released under Creative Commons Attribution 4.0 International License.,Sinai Syriac 36
Masters/sinaimasters/syr/syriac_0036/sld_syr0036_0106_f_052v.tif,106,sinai,f. 052v,Text,,ark:/21198/z1nc7jzd,ark:/21198/z1nc7jzd/np400d7j,Page,Images: Contact the Monastery of St. Catherine's of the Sinai. Metadata: Unless otherwise indicated all metadata associated with this manuscript is copyright the authors and released under Creative Commons Attribution 4.0 International License.,Sinai Syriac 36
Masters/sinaimasters/syr/syriac_0036/sld_syr0036_0107_f_053r.tif,107,sinai,f. 053r,Text,,ark:/21198/z1nc7jzd,ark:/21198/z1nc7jzd/wx987s9p,Page,Images: Contact the Monastery of St. Catherine's of the Sinai. Metadata: Unless otherwise indicated all metadata associated with this manuscript is copyright the authors and released under Creative Commons Attribution 4.0 International License.,Sinai Syriac 36
Masters/sinaimasters/syr/syriac_0036/sld_syr0036_0108_f_053v.tif,108,sinai,f. 053v,Text,,ark:/21198/z1nc7jzd,ark:/21198/z1nc7jzd/n933zr1g,Page,Images: Contact the Monastery of St. Catherine's of the Sinai. Metadata: Unless otherwise indicated all metadata associated with this manuscript is copyright the authors and released under Creative Commons Attribution 4.0 International License.,Sinai Syriac 36
Masters/sinaimasters/syr/syriac_0036/sld_syr0036_0109_f_054r.tif,109,sinai,f. 054r,Text,,ark:/21198/z1nc7jzd,ark:/21198/z1nc7jzd/nc928c4s,Page,Images: Contact the Monastery of St. Catherine's of the Sinai. Metadata: Unless otherwise indicated all metadata associated with this manuscript is copyright the authors and released under Creative Commons Attribution 4.0 International License.,Sinai Syriac 36
Masters/sinaimasters/syr/syriac_0036/sld_syr0036_0110_f_054v.tif,110,sinai,f. 054v,Text,,ark:/21198/z1nc7jzd,ark:/21198/z1nc7jzd/0747z06n,Page,Images: Contact the Monastery of St. Catherine's of the Sinai. Metadata: Unless otherwise indicated all metadata associated with this manuscript is copyright the authors and released under Creative Commons Attribution 4.0 International License.,Sinai Syriac 36
Masters/sinaimasters/syr/syriac_0036/sld_syr0036_0111_f_055r.tif,111,sinai,f. 055r,Text,,ark:/21198/z1nc7jzd,ark:/21198/z1nc7jzd/0416rc3x,Page,Images: Contact the Monastery of St. Catherine's of the Sinai. Metadata: Unless otherwise indicated all metadata associated with this manuscript is copyright the authors and released under Creative Commons Attribution 4.0 International License.,Sinai Syriac 36
Masters/sinaimasters/syr/syriac_0036/sld_syr0036_0112_f_055v.tif,112,sinai,f. 055v,Text,,ark:/21198/z1nc7jzd,ark:/21198/z1nc7jzd/0k758s2c,Page,Images: Contact the Monastery of St. Catherine's of the Sinai. Metadata: Unless otherwise indicated all metadata associated with this manuscript is copyright the authors and released under Creative Commons Attribution 4.0 International License.,Sinai Syriac 36
Masters/sinaimasters/syr/syriac_0036/sld_syr0036_0113_f_056r.tif,113,sinai,f. 056r,Text,,ark:/21198/z1nc7jzd,ark:/21198/z1nc7jzd/wc140s5k,Page,Images: Contact the Monastery of St. Catherine's of the Sinai. Metadata: Unless otherwise indicated all metadata associated with this manuscript is copyright the authors and released under Creative Commons Attribution 4.0 International License.,Sinai Syriac 36
Masters/sinaimasters/syr/syriac_0036/sld_syr0036_0114_f_056v.tif,114,sinai,f. 056v,Text,,ark:/21198/z1nc7jzd,ark:/21198/z1nc7jzd/p9481c11,Page,Images: Contact the Monastery of St. Catherine's of the Sinai. Metadata: Unless otherwise indicated all metadata associated with this manuscript is copyright the authors and released under Creative Commons Attribution 4.0 International License.,Sinai Syriac 36
Masters/sinaimasters/syr/syriac_0036/sld_syr0036_0115_f_057r.tif,115,sinai,f. 057r,Text,,ark:/21198/z1nc7jzd,ark:/21198/z1nc7jzd/jx417c7n,Page,Images: Contact the Monastery of St. Catherine's of the Sinai. Metadata: Unless otherwise indicated all metadata associated with this manuscript is copyright the authors and released under Creative Commons Attribution 4.0 International License.,Sinai Syriac 36
Masters/sinaimasters/syr/syriac_0036/sld_syr0036_0116_f_057v.tif,116,sinai,f. 057v,Text,,ark:/21198/z1nc7jzd,ark:/21198/z1nc7jzd/7481z42r,Page,Images: Contact the Monastery of St. Catherine's of the Sinai. Metadata: Unless otherwise indicated all metadata associated with this manuscript is copyright the authors and released under Creative Commons Attribution 4.0 International License.,Sinai Syriac 36
Masters/sinaimasters/syr/syriac_0036/sld_syr0036_0117_f_058r.tif,117,sinai,f. 058r,Text,,ark:/21198/z1nc7jzd,ark:/21198/z1nc7jzd/6n29tf8k,Page,Images: Contact the Monastery of St. Catherine's of the Sinai. Metadata: Unless otherwise indicated all metadata associated with this manuscript is copyright the authors and released under Creative Commons Attribution 4.0 International License.,Sinai Syriac 36
Masters/sinaimasters/syr/syriac_0036/sld_syr0036_0118_f_058v.tif,118,sinai,f. 058v,Text,,ark:/21198/z1nc7jzd,ark:/21198/z1nc7jzd/hx364x3j,Page,Images: Contact the Monastery of St. Catherine's of the Sinai. Metadata: Unless otherwise indicated all metadata associated with this manuscript is copyright the authors and released under Creative Commons Attribution 4.0 International License.,Sinai Syriac 36
Masters/sinaimasters/syr/syriac_0036/sld_syr0036_0119_f_059r.tif,119,sinai,f. 059r,Text,,ark:/21198/z1nc7jzd,ark:/21198/z1nc7jzd/dg59gw4d,Page,Images: Contact the Monastery of St. Catherine's of the Sinai. Metadata: Unless otherwise indicated all metadata associated with this manuscript is copyright the authors and released under Creative Commons Attribution 4.0 International License.,Sinai Syriac 36
Masters/sinaimasters/syr/syriac_0036/sld_syr0036_0120_f_059v.tif,120,sinai,f. 059v,Text,,ark:/21198/z1nc7jzd,ark:/21198/z1nc7jzd/tb69t949,Page,Images: Contact the Monastery of St. Catherine's of the Sinai. Metadata: Unless otherwise indicated all metadata associated with this manuscript is copyright the authors and released under Creative Commons Attribution 4.0 International License.,Sinai Syriac 36
Masters/sinaimasters/syr/syriac_0036/sld_syr0036_0121_f_060r.tif,121,sinai,f. 060r,Text,,ark:/21198/z1nc7jzd,ark:/21198/z1nc7jzd/1r58jf18,Page,Images: Contact the Monastery of St. Catherine's of the Sinai. Metadata: Unless otherwise indicated all metadata associated with this manuscript is copyright the authors and released under Creative Commons Attribution 4.0 International License.,Sinai Syriac 36
Masters/sinaimasters/syr/syriac_0036/sld_syr0036_0122_f_060v.tif,122,sinai,f. 060v,Text,,ark:/21198/z1nc7jzd,ark:/21198/z1nc7jzd/6n46zf32,Page,Images: Contact the Monastery of St. Catherine's of the Sinai. Metadata: Unless otherwise indicated all metadata associated with this manuscript is copyright the authors and released under Creative Commons Attribution 4.0 International License.,Sinai Syriac 36
Masters/sinaimasters/syr/syriac_0036/sld_syr0036_0123_f_061r.tif,123,sinai,f. 061r,Text,,ark:/21198/z1nc7jzd,ark:/21198/z1nc7jzd/kj578n51,Page,Images: Contact the Monastery of St. Catherine's of the Sinai. Metadata: Unless otherwise indicated all metadata associated with this manuscript is copyright the authors and released under Creative Commons Attribution 4.0 International License.,Sinai Syriac 36
Masters/sinaimasters/syr/syriac_0036/sld_syr0036_0124_f_061v.tif,124,sinai,f. 061v,Text,,ark:/21198/z1nc7jzd,ark:/21198/z1nc7jzd/8s38fj17,Page,Images: Contact the Monastery of St. Catherine's of the Sinai. Metadata: Unless otherwise indicated all metadata associated with this manuscript is copyright the authors and released under Creative Commons Attribution 4.0 International License.,Sinai Syriac 36
Masters/sinaimasters/syr/syriac_0036/sld_syr0036_0125_f_062r.tif,125,sinai,f. 062r,Text,,ark:/21198/z1nc7jzd,ark:/21198/z1nc7jzd/b902q145,Page,Images: Contact the Monastery of St. Catherine's of the Sinai. Metadata: Unless otherwise indicated all metadata associated with this manuscript is copyright the authors and released under Creative Commons Attribution 4.0 International License.,Sinai Syriac 36
Masters/sinaimasters/syr/syriac_0036/sld_syr0036_0126_f_062v.tif,126,sinai,f. 062v,Text,,ark:/21198/z1nc7jzd,ark:/21198/z1nc7jzd/rw16v889,Page,Images: Contact the Monastery of St. Catherine's of the Sinai. Metadata: Unless otherwise indicated all metadata associated with this manuscript is copyright the authors and released under Creative Commons Attribution 4.0 International License.,Sinai Syriac 36
Masters/sinaimasters/syr/syriac_0036/sld_syr0036_0127_f_063r.tif,127,sinai,f. 063r,Text,,ark:/21198/z1nc7jzd,ark:/21198/z1nc7jzd/fp44z741,Page,Images: Contact the Monastery of St. Catherine's of the Sinai. Metadata: Unless otherwise indicated all metadata associated with this manuscript is copyright the authors and released under Creative Commons Attribution 4.0 International License.,Sinai Syriac 36
Masters/sinaimasters/syr/syriac_0036/sld_syr0036_0128_f_063v.tif,128,sinai,f. 063v,Text,,ark:/21198/z1nc7jzd,ark:/21198/z1nc7jzd/gh65sw6q,Page,Images: Contact the Monastery of St. Catherine's of the Sinai. Metadata: Unless otherwise indicated all metadata associated with this manuscript is copyright the authors and released under Creative Commons Attribution 4.0 International License.,Sinai Syriac 36
Masters/sinaimasters/syr/syriac_0036/sld_syr0036_0129_f_064r.tif,129,sinai,f. 064r,Text,,ark:/21198/z1nc7jzd,ark:/21198/z1nc7jzd/tb26nv90,Page,Images: Contact the Monastery of St. Catherine's of the Sinai. Metadata: Unless otherwise indicated all metadata associated with this manuscript is copyright the authors and released under Creative Commons Attribution 4.0 International License.,Sinai Syriac 36
Masters/sinaimasters/syr/syriac_0036/sld_syr0036_0130_f_064v.tif,130,sinai,f. 064v,Text,,ark:/21198/z1nc7jzd,ark:/21198/z1nc7jzd/td56516x,Page,Images: Contact the Monastery of St. Catherine's of the Sinai. Metadata: Unless otherwise indicated all metadata associated with this manuscript is copyright the authors and released under Creative Commons Attribution 4.0 International License.,Sinai Syriac 36
Masters/sinaimasters/syr/syriac_0036/sld_syr0036_0131_f_065r.tif,131,sinai,f. 065r,Text,,ark:/21198/z1nc7jzd,ark:/21198/z1nc7jzd/pj30tg3g,Page,Images: Contact the Monastery of St. Catherine's of the Sinai. Metadata: Unless otherwise indicated all metadata associated with this manuscript is copyright the authors and released under Creative Commons Attribution 4.0 International License.,Sinai Syriac 36
Masters/sinaimasters/syr/syriac_0036/sld_syr0036_0132_f_065v.tif,132,sinai,f. 065v,Text,,ark:/21198/z1nc7jzd,ark:/21198/z1nc7jzd/3q064n8f,Page,Images: Contact the Monastery of St. Catherine's of the Sinai. Metadata: Unless otherwise indicated all metadata associated with this manuscript is copyright the authors and released under Creative Commons Attribution 4.0 International License.,Sinai Syriac 36
Masters/sinaimasters/syr/syriac_0036/sld_syr0036_0133_f_066r.tif,133,sinai,f. 066r,Text,,ark:/21198/z1nc7jzd,ark:/21198/z1nc7jzd/hv23gt96,Page,Images: Contact the Monastery of St. Catherine's of the Sinai. Metadata: Unless otherwise indicated all metadata associated with this manuscript is copyright the authors and released under Creative Commons Attribution 4.0 International License.,Sinai Syriac 36
Masters/sinaimasters/syr/syriac_0036/sld_syr0036_0134_f_066v.tif,134,sinai,f. 066v,Text,,ark:/21198/z1nc7jzd,ark:/21198/z1nc7jzd/6w498x1t,Page,Images: Contact the Monastery of St. Catherine's of the Sinai. Metadata: Unless otherwise indicated all metadata associated with this manuscript is copyright the authors and released under Creative Commons Attribution 4.0 International License.,Sinai Syriac 36
Masters/sinaimasters/syr/syriac_0036/sld_syr0036_0135_f_067r.tif,135,sinai,f. 067r,Text,,ark:/21198/z1nc7jzd,ark:/21198/z1nc7jzd/h020j964,Page,Images: Contact the Monastery of St. Catherine's of the Sinai. Metadata: Unless otherwise indicated all metadata associated with this manuscript is copyright the authors and released under Creative Commons Attribution 4.0 International License.,Sinai Syriac 36
Masters/sinaimasters/syr/syriac_0036/sld_syr0036_0136_f_067v.tif,136,sinai,f. 067v,Text,,ark:/21198/z1nc7jzd,ark:/21198/z1nc7jzd/b292wt0h,Page,Images: Contact the Monastery of St. Catherine's of the Sinai. Metadata: Unless otherwise indicated all metadata associated with this manuscript is copyright the authors and released under Creative Commons Attribution 4.0 International License.,Sinai Syriac 36
Masters/sinaimasters/syr/syriac_0036/sld_syr0036_0137_f_068r.tif,137,sinai,f. 068r,Text,,ark:/21198/z1nc7jzd,ark:/21198/z1nc7jzd/gb03f96n,Page,Images: Contact the Monastery of St. Catherine's of the Sinai. Metadata: Unless otherwise indicated all metadata associated with this manuscript is copyright the authors and released under Creative Commons Attribution 4.0 International License.,Sinai Syriac 36
Masters/sinaimasters/syr/syriac_0036/sld_syr0036_0138_f_068v.tif,138,sinai,f. 068v,Text,,ark:/21198/z1nc7jzd,ark:/21198/z1nc7jzd/3x57b44x,Page,Images: Contact the Monastery of St. Catherine's of the Sinai. Metadata: Unless otherwise indicated all metadata associated with this manuscript is copyright the authors and released under Creative Commons Attribution 4.0 International License.,Sinai Syriac 36
Masters/sinaimasters/syr/syriac_0036/sld_syr0036_0139_f_069r.tif,139,sinai,f. 069r,Text,,ark:/21198/z1nc7jzd,ark:/21198/z1nc7jzd/f662sd0k,Page,Images: Contact the Monastery of St. Catherine's of the Sinai. Metadata: Unless otherwise indicated all metadata associated with this manuscript is copyright the authors and released under Creative Commons Attribution 4.0 International License.,Sinai Syriac 36
Masters/sinaimasters/syr/syriac_0036/sld_syr0036_0140_f_069v.tif,140,sinai,f. 069v,Text,,ark:/21198/z1nc7jzd,ark:/21198/z1nc7jzd/3b908k05,Page,Images: Contact the Monastery of St. Catherine's of the Sinai. Metadata: Unless otherwise indicated all metadata associated with this manuscript is copyright the authors and released under Creative Commons Attribution 4.0 International License.,Sinai Syriac 36
Masters/sinaimasters/syr/syriac_0036/sld_syr0036_0141_f_070r.tif,141,sinai,f. 070r,Text,,ark:/21198/z1nc7jzd,ark:/21198/z1nc7jzd/vc58hh33,Page,Images: Contact the Monastery of St. Catherine's of the Sinai. Metadata: Unless otherwise indicated all metadata associated with this manuscript is copyright the authors and released under Creative Commons Attribution 4.0 International License.,Sinai Syriac 36
Masters/sinaimasters/syr/syriac_0036/sld_syr0036_0142_f_070v.tif,142,sinai,f. 070v,Text,,ark:/21198/z1nc7jzd,ark:/21198/z1nc7jzd/9t20pp8m,Page,Images: Contact the Monastery of St. Catherine's of the Sinai. Metadata: Unless otherwise indicated all metadata associated with this manuscript is copyright the authors and released under Creative Commons Attribution 4.0 International License.,Sinai Syriac 36
Masters/sinaimasters/syr/syriac_0036/sld_syr0036_0143_f_071r.tif,143,sinai,f. 071r,Text,,ark:/21198/z1nc7jzd,ark:/21198/z1nc7jzd/4c07481s,Page,Images: Contact the Monastery of St. Catherine's of the Sinai. Metadata: Unless otherwise indicated all metadata associated with this manuscript is copyright the authors and released under Creative Commons Attribution 4.0 International License.,Sinai Syriac 36
Masters/sinaimasters/syr/syriac_0036/sld_syr0036_0144_f_071v.tif,144,sinai,f. 071v,Text,,ark:/21198/z1nc7jzd,ark:/21198/z1nc7jzd/k104516w,Page,Images: Contact the Monastery of St. Catherine's of the Sinai. Metadata: Unless otherwise indicated all metadata associated with this manuscript is copyright the authors and released under Creative Commons Attribution 4.0 International License.,Sinai Syriac 36
Masters/sinaimasters/syr/syriac_0036/sld_syr0036_0145_f_072r.tif,145,sinai,f. 072r,Text,,ark:/21198/z1nc7jzd,ark:/21198/z1nc7jzd/bc20tm7h,Page,Images: Contact the Monastery of St. Catherine's of the Sinai. Metadata: Unless otherwise indicated all metadata associated with this manuscript is copyright the authors and released under Creative Commons Attribution 4.0 International License.,Sinai Syriac 36
Masters/sinaimasters/syr/syriac_0036/sld_syr0036_0146_f_072v.tif,146,sinai,f. 072v,Text,,ark:/21198/z1nc7jzd,ark:/21198/z1nc7jzd/gs76zh59,Page,Images: Contact the Monastery of St. Catherine's of the Sinai. Metadata: Unless otherwise indicated all metadata associated with this manuscript is copyright the authors and released under Creative Commons Attribution 4.0 International License.,Sinai Syriac 36
Masters/sinaimasters/syr/syriac_0036/sld_syr0036_0147_f_073r.tif,147,sinai,f. 073r,Text,,ark:/21198/z1nc7jzd,ark:/21198/z1nc7jzd/hz177d4s,Page,Images: Contact the Monastery of St. Catherine's of the Sinai. Metadata: Unless otherwise indicated all metadata associated with this manuscript is copyright the authors and released under Creative Commons Attribution 4.0 International License.,Sinai Syriac 36
Masters/sinaimasters/syr/syriac_0036/sld_syr0036_0148_f_073v.tif,148,sinai,f. 073v,Text,,ark:/21198/z1nc7jzd,ark:/21198/z1nc7jzd/nh43xz4x,Page,Images: Contact the Monastery of St. Catherine's of the Sinai. Metadata: Unless otherwise indicated all metadata associated with this manuscript is copyright the authors and released under Creative Commons Attribution 4.0 International License.,Sinai Syriac 36
Masters/sinaimasters/syr/syriac_0036/sld_syr0036_0149_f_074r.tif,149,sinai,f. 074r,Text,,ark:/21198/z1nc7jzd,ark:/21198/z1nc7jzd/mm00567q,Page,Images: Contact the Monastery of St. Catherine's of the Sinai. Metadata: Unless otherwise indicated all metadata associated with this manuscript is copyright the authors and released under Creative Commons Attribution 4.0 International License.,Sinai Syriac 36
Masters/sinaimasters/syr/syriac_0036/sld_syr0036_0150_f_074v.tif,150,sinai,f. 074v,Text,,ark:/21198/z1nc7jzd,ark:/21198/z1nc7jzd/70481k9k,Page,Images: Contact the Monastery of St. Catherine's of the Sinai. Metadata: Unless otherwise indicated all metadata associated with this manuscript is copyright the authors and released under Creative Commons Attribution 4.0 International License.,Sinai Syriac 36
Masters/sinaimasters/syr/syriac_0036/sld_syr0036_0151_f_075r.tif,151,sinai,f. 075r,Text,,ark:/21198/z1nc7jzd,ark:/21198/z1nc7jzd/cj23jj9p,Page,Images: Contact the Monastery of St. Catherine's of the Sinai. Metadata: Unless otherwise indicated all metadata associated with this manuscript is copyright the authors and released under Creative Commons Attribution 4.0 International License.,Sinai Syriac 36
Masters/sinaimasters/syr/syriac_0036/sld_syr0036_0152_f_075v.tif,152,sinai,f. 075v,Text,,ark:/21198/z1nc7jzd,ark:/21198/z1nc7jzd/rn310s2t,Page,Images: Contact the Monastery of St. Catherine's of the Sinai. Metadata: Unless otherwise indicated all metadata associated with this manuscript is copyright the authors and released under Creative Commons Attribution 4.0 International License.,Sinai Syriac 36
Masters/sinaimasters/syr/syriac_0036/sld_syr0036_0153_f_076r.tif,153,sinai,f. 076r,Text,,ark:/21198/z1nc7jzd,ark:/21198/z1nc7jzd/cr409g8q,Page,Images: Contact the Monastery of St. Catherine's of the Sinai. Metadata: Unless otherwise indicated all metadata associated with this manuscript is copyright the authors and released under Creative Commons Attribution 4.0 International License.,Sinai Syriac 36
Masters/sinaimasters/syr/syriac_0036/sld_syr0036_0154_f_076v.tif,154,sinai,f. 076v,Text,,ark:/21198/z1nc7jzd,ark:/21198/z1nc7jzd/gz05tt1t,Page,Images: Contact the Monastery of St. Catherine's of the Sinai. Metadata: Unless otherwise indicated all metadata associated with this manuscript is copyright the authors and released under Creative Commons Attribution 4.0 International License.,Sinai Syriac 36
Masters/sinaimasters/syr/syriac_0036/sld_syr0036_0155_f_077r.tif,155,sinai,f. 077r,Text,,ark:/21198/z1nc7jzd,ark:/21198/z1nc7jzd/9h27337k,Page,Images: Contact the Monastery of St. Catherine's of the Sinai. Metadata: Unless otherwise indicated all metadata associated with this manuscript is copyright the authors and released under Creative Commons Attribution 4.0 International License.,Sinai Syriac 36
Masters/sinaimasters/syr/syriac_0036/sld_syr0036_0156_f_077v.tif,156,sinai,f. 077v,Text,,ark:/21198/z1nc7jzd,ark:/21198/z1nc7jzd/x479k29m,Page,Images: Contact the Monastery of St. Catherine's of the Sinai. Metadata: Unless otherwise indicated all metadata associated with this manuscript is copyright the authors and released under Creative Commons Attribution 4.0 International License.,Sinai Syriac 36
Masters/sinaimasters/syr/syriac_0036/sld_syr0036_0157_f_078r.tif,157,sinai,f. 078r,Text,,ark:/21198/z1nc7jzd,ark:/21198/z1nc7jzd/r6822094,Page,Images: Contact the Monastery of St. Catherine's of the Sinai. Metadata: Unless otherwise indicated all metadata associated with this manuscript is copyright the authors and released under Creative Commons Attribution 4.0 International License.,Sinai Syriac 36
Masters/sinaimasters/syr/syriac_0036/sld_syr0036_0158_f_078v.tif,158,sinai,f. 078v,Text,,ark:/21198/z1nc7jzd,ark:/21198/z1nc7jzd/2v072q0b,Page,Images: Contact the Monastery of St. Catherine's of the Sinai. Metadata: Unless otherwise indicated all metadata associated with this manuscript is copyright the authors and released under Creative Commons Attribution 4.0 International License.,Sinai Syriac 36
Masters/sinaimasters/syr/syriac_0036/sld_syr0036_0159_f_079r.tif,159,sinai,f. 079r,Text,,ark:/21198/z1nc7jzd,ark:/21198/z1nc7jzd/pr85wj37,Page,Images: Contact the Monastery of St. Catherine's of the Sinai. Metadata: Unless otherwise indicated all metadata associated with this manuscript is copyright the authors and released under Creative Commons Attribution 4.0 International License.,Sinai Syriac 36
Masters/sinaimasters/syr/syriac_0036/sld_syr0036_0160_f_079v.tif,160,sinai,f. 079v,Text,,ark:/21198/z1nc7jzd,ark:/21198/z1nc7jzd/wt33cd57,Page,Images: Contact the Monastery of St. Catherine's of the Sinai. Metadata: Unless otherwise indicated all metadata associated with this manuscript is copyright the authors and released under Creative Commons Attribution 4.0 International License.,Sinai Syriac 36
Masters/sinaimasters/syr/syriac_0036/sld_syr0036_0161_f_080r.tif,161,sinai,f. 080r,Text,,ark:/21198/z1nc7jzd,ark:/21198/z1nc7jzd/2f54pp1m,Page,Images: Contact the Monastery of St. Catherine's of the Sinai. Metadata: Unless otherwise indicated all metadata associated with this manuscript is copyright the authors and released under Creative Commons Attribution 4.0 International License.,Sinai Syriac 36
Masters/sinaimasters/syr/syriac_0036/sld_syr0036_0162_f_080v.tif,162,sinai,f. 080v,Text,,ark:/21198/z1nc7jzd,ark:/21198/z1nc7jzd/nn31pw3v,Page,Images: Contact the Monastery of St. Catherine's of the Sinai. Metadata: Unless otherwise indicated all metadata associated with this manuscript is copyright the authors and released under Creative Commons Attribution 4.0 International License.,Sinai Syriac 36
Masters/sinaimasters/syr/syriac_0036/sld_syr0036_0163_f_081r.tif,163,sinai,f. 081r,Text,,ark:/21198/z1nc7jzd,ark:/21198/z1nc7jzd/4f34b61q,Page,Images: Contact the Monastery of St. Catherine's of the Sinai. Metadata: Unless otherwise indicated all metadata associated with this manuscript is copyright the authors and released under Creative Commons Attribution 4.0 International License.,Sinai Syriac 36
Masters/sinaimasters/syr/syriac_0036/sld_syr0036_0164_f_081v.tif,164,sinai,f. 081v,Text,,ark:/21198/z1nc7jzd,ark:/21198/z1nc7jzd/qc445196,Page,Images: Contact the Monastery of St. Catherine's of the Sinai. Metadata: Unless otherwise indicated all metadata associated with this manuscript is copyright the authors and released under Creative Commons Attribution 4.0 International License.,Sinai Syriac 36
Masters/sinaimasters/syr/syriac_0036/sld_syr0036_0165_f_082r.tif,165,sinai,f. 082r,Text,,ark:/21198/z1nc7jzd,ark:/21198/z1nc7jzd/qb50qf1r,Page,Images: Contact the Monastery of St. Catherine's of the Sinai. Metadata: Unless otherwise indicated all metadata associated with this manuscript is copyright the authors and released under Creative Commons Attribution 4.0 International License.,Sinai Syriac 36
Masters/sinaimasters/syr/syriac_0036/sld_syr0036_0166_f_082v.tif,166,sinai,f. 082v,Text,,ark:/21198/z1nc7jzd,ark:/21198/z1nc7jzd/hx04hx7q,Page,Images: Contact the Monastery of St. Catherine's of the Sinai. Metadata: Unless otherwise indicated all metadata associated with this manuscript is copyright the authors and released under Creative Commons Attribution 4.0 International License.,Sinai Syriac 36
Masters/sinaimasters/syr/syriac_0036/sld_syr0036_0167_f_083r.tif,167,sinai,f. 083r,Text,,ark:/21198/z1nc7jzd,ark:/21198/z1nc7jzd/1g20sp5z,Page,Images: Contact the Monastery of St. Catherine's of the Sinai. Metadata: Unless otherwise indicated all metadata associated with this manuscript is copyright the authors and released under Creative Commons Attribution 4.0 International License.,Sinai Syriac 36
Masters/sinaimasters/syr/syriac_0036/sld_syr0036_0168_f_083v.tif,168,sinai,f. 083v,Text,,ark:/21198/z1nc7jzd,ark:/21198/z1nc7jzd/tg74gt53,Page,Images: Contact the Monastery of St. Catherine's of the Sinai. Metadata: Unless otherwise indicated all metadata associated with this manuscript is copyright the authors and released under Creative Commons Attribution 4.0 International License.,Sinai Syriac 36
Masters/sinaimasters/syr/syriac_0036/sld_syr0036_0169_f_084r.tif,169,sinai,f. 084r,Text,,ark:/21198/z1nc7jzd,ark:/21198/z1nc7jzd/1m368460,Page,Images: Contact the Monastery of St. Catherine's of the Sinai. Metadata: Unless otherwise indicated all metadata associated with this manuscript is copyright the authors and released under Creative Commons Attribution 4.0 International License.,Sinai Syriac 36
Masters/sinaimasters/syr/syriac_0036/sld_syr0036_0170_f_084v.tif,170,sinai,f. 084v,Text,,ark:/21198/z1nc7jzd,ark:/21198/z1nc7jzd/tk78k18m,Page,Images: Contact the Monastery of St. Catherine's of the Sinai. Metadata: Unless otherwise indicated all metadata associated with this manuscript is copyright the authors and released under Creative Commons Attribution 4.0 International License.,Sinai Syriac 36
Masters/sinaimasters/syr/syriac_0036/sld_syr0036_0171_f_085r.tif,171,sinai,f. 085r,Text,,ark:/21198/z1nc7jzd,ark:/21198/z1nc7jzd/c108s071,Page,Images: Contact the Monastery of St. Catherine's of the Sinai. Metadata: Unless otherwise indicated all metadata associated with this manuscript is copyright the authors and released under Creative Commons Attribution 4.0 International License.,Sinai Syriac 36
Masters/sinaimasters/syr/syriac_0036/sld_syr0036_0172_f_085v.tif,172,sinai,f. 085v,Text,,ark:/21198/z1nc7jzd,ark:/21198/z1nc7jzd/n3180343,Page,Images: Contact the Monastery of St. Catherine's of the Sinai. Metadata: Unless otherwise indicated all metadata associated with this manuscript is copyright the authors and released under Creative Commons Attribution 4.0 International License.,Sinai Syriac 36
Masters/sinaimasters/syr/syriac_0036/sld_syr0036_0173_f_086r.tif,173,sinai,f. 086r,Text,,ark:/21198/z1nc7jzd,ark:/21198/z1nc7jzd/fg99c68x,Page,Images: Contact the Monastery of St. Catherine's of the Sinai. Metadata: Unless otherwise indicated all metadata associated with this manuscript is copyright the authors and released under Creative Commons Attribution 4.0 International License.,Sinai Syriac 36
Masters/sinaimasters/syr/syriac_0036/sld_syr0036_0174_f_086v.tif,174,sinai,f. 086v,Text,,ark:/21198/z1nc7jzd,ark:/21198/z1nc7jzd/7197fb94,Page,Images: Contact the Monastery of St. Catherine's of the Sinai. Metadata: Unless otherwise indicated all metadata associated with this manuscript is copyright the authors and released under Creative Commons Attribution 4.0 International License.,Sinai Syriac 36
Masters/sinaimasters/syr/syriac_0036/sld_syr0036_0175_f_087r.tif,175,sinai,f. 087r,Text,,ark:/21198/z1nc7jzd,ark:/21198/z1nc7jzd/4v497w2g,Page,Images: Contact the Monastery of St. Catherine's of the Sinai. Metadata: Unless otherwise indicated all metadata associated with this manuscript is copyright the authors and released under Creative Commons Attribution 4.0 International License.,Sinai Syriac 36
Masters/sinaimasters/syr/syriac_0036/sld_syr0036_0176_f_087v.tif,176,sinai,f. 087v,Text,,ark:/21198/z1nc7jzd,ark:/21198/z1nc7jzd/rq92vx3c,Page,Images: Contact the Monastery of St. Catherine's of the Sinai. Metadata: Unless otherwise indicated all metadata associated with this manuscript is copyright the authors and released under Creative Commons Attribution 4.0 International License.,Sinai Syriac 36
Masters/sinaimasters/syr/syriac_0036/sld_syr0036_0177_f_088r.tif,177,sinai,f. 088r,Text,,ark:/21198/z1nc7jzd,ark:/21198/z1nc7jzd/v743tz4f,Page,Images: Contact the Monastery of St. Catherine's of the Sinai. Metadata: Unless otherwise indicated all metadata associated with this manuscript is copyright the authors and released under Creative Commons Attribution 4.0 International License.,Sinai Syriac 36
Masters/sinaimasters/syr/syriac_0036/sld_syr0036_0178_f_088v.tif,178,sinai,f. 088v,Text,,ark:/21198/z1nc7jzd,ark:/21198/z1nc7jzd/8x74584q,Page,Images: Contact the Monastery of St. Catherine's of the Sinai. Metadata: Unless otherwise indicated all metadata associated with this manuscript is copyright the authors and released under Creative Commons Attribution 4.0 International License.,Sinai Syriac 36
Masters/sinaimasters/syr/syriac_0036/sld_syr0036_0179_f_089r.tif,179,sinai,f. 089r,Text,,ark:/21198/z1nc7jzd,ark:/21198/z1nc7jzd/x6203g8m,Page,Images: Contact the Monastery of St. Catherine's of the Sinai. Metadata: Unless otherwise indicated all metadata associated with this manuscript is copyright the authors and released under Creative Commons Attribution 4.0 International License.,Sinai Syriac 36
Masters/sinaimasters/syr/syriac_0036/sld_syr0036_0180_f_089v.tif,180,sinai,f. 089v,Text,,ark:/21198/z1nc7jzd,ark:/21198/z1nc7jzd/gs31d506,Page,Images: Contact the Monastery of St. Catherine's of the Sinai. Metadata: Unless otherwise indicated all metadata associated with this manuscript is copyright the authors and released under Creative Commons Attribution 4.0 International License.,Sinai Syriac 36
Masters/sinaimasters/syr/syriac_0036/sld_syr0036_0181_f_090r.tif,181,sinai,f. 090r,Text,,ark:/21198/z1nc7jzd,ark:/21198/z1nc7jzd/3f70wg18,Page,Images: Contact the Monastery of St. Catherine's of the Sinai. Metadata: Unless otherwise indicated all metadata associated with this manuscript is copyright the authors and released under Creative Commons Attribution 4.0 International License.,Sinai Syriac 36
Masters/sinaimasters/syr/syriac_0036/sld_syr0036_0182_f_090v.tif,182,sinai,f. 090v,Text,,ark:/21198/z1nc7jzd,ark:/21198/z1nc7jzd/6j336t0m,Page,Images: Contact the Monastery of St. Catherine's of the Sinai. Metadata: Unless otherwise indicated all metadata associated with this manuscript is copyright the authors and released under Creative Commons Attribution 4.0 International License.,Sinai Syriac 36
Masters/sinaimasters/syr/syriac_0036/sld_syr0036_0183_f_091r.tif,183,sinai,f. 091r,Text,,ark:/21198/z1nc7jzd,ark:/21198/z1nc7jzd/qg23f66k,Page,Images: Contact the Monastery of St. Catherine's of the Sinai. Metadata: Unless otherwise indicated all metadata associated with this manuscript is copyright the authors and released under Creative Commons Attribution 4.0 International License.,Sinai Syriac 36
Masters/sinaimasters/syr/syriac_0036/sld_syr0036_0184_f_091v.tif,184,sinai,f. 091v,Text,,ark:/21198/z1nc7jzd,ark:/21198/z1nc7jzd/8787np9s,Page,Images: Contact the Monastery of St. Catherine's of the Sinai. Metadata: Unless otherwise indicated all metadata associated with this manuscript is copyright the authors and released under Creative Commons Attribution 4.0 International License.,Sinai Syriac 36
Masters/sinaimasters/syr/syriac_0036/sld_syr0036_0185_f_092r.tif,185,sinai,f. 092r,Text,,ark:/21198/z1nc7jzd,ark:/21198/z1nc7jzd/w674n26h,Page,Images: Contact the Monastery of St. Catherine's of the Sinai. Metadata: Unless otherwise indicated all metadata associated with this manuscript is copyright the authors and released under Creative Commons Attribution 4.0 International License.,Sinai Syriac 36
Masters/sinaimasters/syr/syriac_0036/sld_syr0036_0186_f_092v.tif,186,sinai,f. 092v,Text,,ark:/21198/z1nc7jzd,ark:/21198/z1nc7jzd/nd236x18,Page,Images: Contact the Monastery of St. Catherine's of the Sinai. Metadata: Unless otherwise indicated all metadata associated with this manuscript is copyright the authors and released under Creative Commons Attribution 4.0 International License.,Sinai Syriac 36
Masters/sinaimasters/syr/syriac_0036/sld_syr0036_0187_f_093r.tif,187,sinai,f. 093r,Text,,ark:/21198/z1nc7jzd,ark:/21198/z1nc7jzd/4p06j14f,Page,Images: Contact the Monastery of St. Catherine's of the Sinai. Metadata: Unless otherwise indicated all metadata associated with this manuscript is copyright the authors and released under Creative Commons Attribution 4.0 International License.,Sinai Syriac 36
Masters/sinaimasters/syr/syriac_0036/sld_syr0036_0188_f_093v.tif,188,sinai,f. 093v,Text,,ark:/21198/z1nc7jzd,ark:/21198/z1nc7jzd/3060fz6c,Page,Images: Contact the Monastery of St. Catherine's of the Sinai. Metadata: Unless otherwise indicated all metadata associated with this manuscript is copyright the authors and released under Creative Commons Attribution 4.0 International License.,Sinai Syriac 36
Masters/sinaimasters/syr/syriac_0036/sld_syr0036_0189_f_094r.tif,189,sinai,f. 094r,Text,,ark:/21198/z1nc7jzd,ark:/21198/z1nc7jzd/pf76dn9t,Page,Images: Contact the Monastery of St. Catherine's of the Sinai. Metadata: Unless otherwise indicated all metadata associated with this manuscript is copyright the authors and released under Creative Commons Attribution 4.0 International License.,Sinai Syriac 36
Masters/sinaimasters/syr/syriac_0036/sld_syr0036_0190_f_094v.tif,190,sinai,f. 094v,Text,,ark:/21198/z1nc7jzd,ark:/21198/z1nc7jzd/8513rh4z,Page,Images: Contact the Monastery of St. Catherine's of the Sinai. Metadata: Unless otherwise indicated all metadata associated with this manuscript is copyright the authors and released under Creative Commons Attribution 4.0 International License.,Sinai Syriac 36
Masters/sinaimasters/syr/syriac_0036/sld_syr0036_0191_f_095r.tif,191,sinai,f. 095r,Text,,ark:/21198/z1nc7jzd,ark:/21198/z1nc7jzd/rp61hc8k,Page,Images: Contact the Monastery of St. Catherine's of the Sinai. Metadata: Unless otherwise indicated all metadata associated with this manuscript is copyright the authors and released under Creative Commons Attribution 4.0 International License.,Sinai Syriac 36
Masters/sinaimasters/syr/syriac_0036/sld_syr0036_0192_f_095v.tif,192,sinai,f. 095v,Text,,ark:/21198/z1nc7jzd,ark:/21198/z1nc7jzd/f628ch04,Page,Images: Contact the Monastery of St. Catherine's of the Sinai. Metadata: Unless otherwise indicated all metadata associated with this manuscript is copyright the authors and released under Creative Commons Attribution 4.0 International License.,Sinai Syriac 36
Masters/sinaimasters/syr/syriac_0036/sld_syr0036_0193_f_096r.tif,193,sinai,f. 096r,Text,,ark:/21198/z1nc7jzd,ark:/21198/z1nc7jzd/wm60jp18,Page,Images: Contact the Monastery of St. Catherine's of the Sinai. Metadata: Unless otherwise indicated all metadata associated with this manuscript is copyright the authors and released under Creative Commons Attribution 4.0 International License.,Sinai Syriac 36
Masters/sinaimasters/syr/syriac_0036/sld_syr0036_0194_f_096v.tif,194,sinai,f. 096v,Text,,ark:/21198/z1nc7jzd,ark:/21198/z1nc7jzd/6g03189t,Page,Images: Contact the Monastery of St. Catherine's of the Sinai. Metadata: Unless otherwise indicated all metadata associated with this manuscript is copyright the authors and released under Creative Commons Attribution 4.0 International License.,Sinai Syriac 36
Masters/sinaimasters/syr/syriac_0036/sld_syr0036_0195_f_097r.tif,195,sinai,f. 097r,Text,,ark:/21198/z1nc7jzd,ark:/21198/z1nc7jzd/t303xq9r,Page,Images: Contact the Monastery of St. Catherine's of the Sinai. Metadata: Unless otherwise indicated all metadata associated with this manuscript is copyright the authors and released under Creative Commons Attribution 4.0 International License.,Sinai Syriac 36
Masters/sinaimasters/syr/syriac_0036/sld_syr0036_0196_f_097v.tif,196,sinai,f. 097v,Text,,ark:/21198/z1nc7jzd,ark:/21198/z1nc7jzd/8s745x17,Page,Images: Contact the Monastery of St. Catherine's of the Sinai. Metadata: Unless otherwise indicated all metadata associated with this manuscript is copyright the authors and released under Creative Commons Attribution 4.0 International License.,Sinai Syriac 36
Masters/sinaimasters/syr/syriac_0036/sld_syr0036_0197_f_098r.tif,197,sinai,f. 098r,Text,,ark:/21198/z1nc7jzd,ark:/21198/z1nc7jzd/kw30065s,Page,Images: Contact the Monastery of St. Catherine's of the Sinai. Metadata: Unless otherwise indicated all metadata associated with this manuscript is copyright the authors and released under Creative Commons Attribution 4.0 International License.,Sinai Syriac 36
Masters/sinaimasters/syr/syriac_0036/sld_syr0036_0198_f_098v.tif,198,sinai,f. 098v,Text,,ark:/21198/z1nc7jzd,ark:/21198/z1nc7jzd/nm22045x,Page,Images: Contact the Monastery of St. Catherine's of the Sinai. Metadata: Unless otherwise indicated all metadata associated with this manuscript is copyright the authors and released under Creative Commons Attribution 4.0 International License.,Sinai Syriac 36
Masters/sinaimasters/syr/syriac_0036/sld_syr0036_0199_f_099r.tif,199,sinai,f. 099r,Text,,ark:/21198/z1nc7jzd,ark:/21198/z1nc7jzd/sw493v9p,Page,Images: Contact the Monastery of St. Catherine's of the Sinai. Metadata: Unless otherwise indicated all metadata associated with this manuscript is copyright the authors and released under Creative Commons Attribution 4.0 International License.,Sinai Syriac 36
Masters/sinaimasters/syr/syriac_0036/sld_syr0036_0200_f_099v.tif,200,sinai,f. 099v,Text,,ark:/21198/z1nc7jzd,ark:/21198/z1nc7jzd/d1527h9m,Page,Images: Contact the Monastery of St. Catherine's of the Sinai. Metadata: Unless otherwise indicated all metadata associated with this manuscript is copyright the authors and released under Creative Commons Attribution 4.0 International License.,Sinai Syriac 36
Masters/sinaimasters/syr/syriac_0036/sld_syr0036_0201_f_100r.tif,201,sinai,f. 100r,Text,,ark:/21198/z1nc7jzd,ark:/21198/z1nc7jzd/73957f07,Page,Images: Contact the Monastery of St. Catherine's of the Sinai. Metadata: Unless otherwise indicated all metadata associated with this manuscript is copyright the authors and released under Creative Commons Attribution 4.0 International License.,Sinai Syriac 36
Masters/sinaimasters/syr/syriac_0036/sld_syr0036_0202_f_100v.tif,202,sinai,f. 100v,Text,,ark:/21198/z1nc7jzd,ark:/21198/z1nc7jzd/mh37fq79,Page,Images: Contact the Monastery of St. Catherine's of the Sinai. Metadata: Unless otherwise indicated all metadata associated with this manuscript is copyright the authors and released under Creative Commons Attribution 4.0 International License.,Sinai Syriac 36
Masters/sinaimasters/syr/syriac_0036/sld_syr0036_0203_f_101r.tif,203,sinai,f. 101r,Text,,ark:/21198/z1nc7jzd,ark:/21198/z1nc7jzd/zw05ch31,Page,Images: Contact the Monastery of St. Catherine's of the Sinai. Metadata: Unless otherwise indicated all metadata associated with this manuscript is copyright the authors and released under Creative Commons Attribution 4.0 International License.,Sinai Syriac 36
Masters/sinaimasters/syr/syriac_0036/sld_syr0036_0204_f_101v.tif,204,sinai,f. 101v,Text,,ark:/21198/z1nc7jzd,ark:/21198/z1nc7jzd/3b33vv77,Page,Images: Contact the Monastery of St. Catherine's of the Sinai. Metadata: Unless otherwise indicated all metadata associated with this manuscript is copyright the authors and released under Creative Commons Attribution 4.0 International License.,Sinai Syriac 36
Masters/sinaimasters/syr/syriac_0036/sld_syr0036_0205_f_102r.tif,205,sinai,f. 102r,Text,,ark:/21198/z1nc7jzd,ark:/21198/z1nc7jzd/4d99k75b,Page,Images: Contact the Monastery of St. Catherine's of the Sinai. Metadata: Unless otherwise indicated all metadata associated with this manuscript is copyright the authors and released under Creative Commons Attribution 4.0 International License.,Sinai Syriac 36
Masters/sinaimasters/syr/syriac_0036/sld_syr0036_0206_f_102v.tif,206,sinai,f. 102v,Text,,ark:/21198/z1nc7jzd,ark:/21198/z1nc7jzd/48643p6b,Page,Images: Contact the Monastery of St. Catherine's of the Sinai. Metadata: Unless otherwise indicated all metadata associated with this manuscript is copyright the authors and released under Creative Commons Attribution 4.0 International License.,Sinai Syriac 36
Masters/sinaimasters/syr/syriac_0036/sld_syr0036_0207_f_103r.tif,207,sinai,f. 103r,Text,,ark:/21198/z1nc7jzd,ark:/21198/z1nc7jzd/5v272d77,Page,Images: Contact the Monastery of St. Catherine's of the Sinai. Metadata: Unless otherwise indicated all metadata associated with this manuscript is copyright the authors and released under Creative Commons Attribution 4.0 International License.,Sinai Syriac 36
Masters/sinaimasters/syr/syriac_0036/sld_syr0036_0208_f_103v.tif,208,sinai,f. 103v,Text,,ark:/21198/z1nc7jzd,ark:/21198/z1nc7jzd/s9953s9h,Page,Images: Contact the Monastery of St. Catherine's of the Sinai. Metadata: Unless otherwise indicated all metadata associated with this manuscript is copyright the authors and released under Creative Commons Attribution 4.0 International License.,Sinai Syriac 36
Masters/sinaimasters/syr/syriac_0036/sld_syr0036_0209_f_104r.tif,209,sinai,f. 104r,Text,,ark:/21198/z1nc7jzd,ark:/21198/z1nc7jzd/d7113k0h,Page,Images: Contact the Monastery of St. Catherine's of the Sinai. Metadata: Unless otherwise indicated all metadata associated with this manuscript is copyright the authors and released under Creative Commons Attribution 4.0 International License.,Sinai Syriac 36
Masters/sinaimasters/syr/syriac_0036/sld_syr0036_0210_f_104v.tif,210,sinai,f. 104v,Text,,ark:/21198/z1nc7jzd,ark:/21198/z1nc7jzd/r445jv7n,Page,Images: Contact the Monastery of St. Catherine's of the Sinai. Metadata: Unless otherwise indicated all metadata associated with this manuscript is copyright the authors and released under Creative Commons Attribution 4.0 International License.,Sinai Syriac 36
Masters/sinaimasters/syr/syriac_0036/sld_syr0036_0211_f_105r.tif,211,sinai,f. 105r,Text,,ark:/21198/z1nc7jzd,ark:/21198/z1nc7jzd/tn50h905,Page,Images: Contact the Monastery of St. Catherine's of the Sinai. Metadata: Unless otherwise indicated all metadata associated with this manuscript is copyright the authors and released under Creative Commons Attribution 4.0 International License.,Sinai Syriac 36
Masters/sinaimasters/syr/syriac_0036/sld_syr0036_0212_f_105v.tif,212,sinai,f. 105v,Text,,ark:/21198/z1nc7jzd,ark:/21198/z1nc7jzd/fv47qh7v,Page,Images: Contact the Monastery of St. Catherine's of the Sinai. Metadata: Unless otherwise indicated all metadata associated with this manuscript is copyright the authors and released under Creative Commons Attribution 4.0 International License.,Sinai Syriac 36
Masters/sinaimasters/syr/syriac_0036/sld_syr0036_0213_f_106r.tif,213,sinai,f. 106r,Text,,ark:/21198/z1nc7jzd,ark:/21198/z1nc7jzd/8478dk67,Page,Images: Contact the Monastery of St. Catherine's of the Sinai. Metadata: Unless otherwise indicated all metadata associated with this manuscript is copyright the authors and released under Creative Commons Attribution 4.0 International License.,Sinai Syriac 36
Masters/sinaimasters/syr/syriac_0036/sld_syr0036_0214_f_106v.tif,214,sinai,f. 106v,Text,,ark:/21198/z1nc7jzd,ark:/21198/z1nc7jzd/tt32dm4m,Page,Images: Contact the Monastery of St. Catherine's of the Sinai. Metadata: Unless otherwise indicated all metadata associated with this manuscript is copyright the authors and released under Creative Commons Attribution 4.0 International License.,Sinai Syriac 36
Masters/sinaimasters/syr/syriac_0036/sld_syr0036_0215_f_107r.tif,215,sinai,f. 107r,Text,,ark:/21198/z1nc7jzd,ark:/21198/z1nc7jzd/z4595c4p,Page,Images: Contact the Monastery of St. Catherine's of the Sinai. Metadata: Unless otherwise indicated all metadata associated with this manuscript is copyright the authors and released under Creative Commons Attribution 4.0 International License.,Sinai Syriac 36
Masters/sinaimasters/syr/syriac_0036/sld_syr0036_0216_f_107v.tif,216,sinai,f. 107v,Text,,ark:/21198/z1nc7jzd,ark:/21198/z1nc7jzd/xg71sx4r,Page,Images: Contact the Monastery of St. Catherine's of the Sinai. Metadata: Unless otherwise indicated all metadata associated with this manuscript is copyright the authors and released under Creative Commons Attribution 4.0 International License.,Sinai Syriac 36
Masters/sinaimasters/syr/syriac_0036/sld_syr0036_0217_f_108r.tif,217,sinai,f. 108r,Text,,ark:/21198/z1nc7jzd,ark:/21198/z1nc7jzd/2b75210m,Page,Images: Contact the Monastery of St. Catherine's of the Sinai. Metadata: Unless otherwise indicated all metadata associated with this manuscript is copyright the authors and released under Creative Commons Attribution 4.0 International License.,Sinai Syriac 36
Masters/sinaimasters/syr/syriac_0036/sld_syr0036_0218_f_108v.tif,218,sinai,f. 108v,Text,,ark:/21198/z1nc7jzd,ark:/21198/z1nc7jzd/zk296n8h,Page,Images: Contact the Monastery of St. Catherine's of the Sinai. Metadata: Unless otherwise indicated all metadata associated with this manuscript is copyright the authors and released under Creative Commons Attribution 4.0 International License.,Sinai Syriac 36
Masters/sinaimasters/syr/syriac_0036/sld_syr0036_0219_f_109r.tif,219,sinai,f. 109r,Text,,ark:/21198/z1nc7jzd,ark:/21198/z1nc7jzd/0f68sx1c,Page,Images: Contact the Monastery of St. Catherine's of the Sinai. Metadata: Unless otherwise indicated all metadata associated with this manuscript is copyright the authors and released under Creative Commons Attribution 4.0 International License.,Sinai Syriac 36
Masters/sinaimasters/syr/syriac_0036/sld_syr0036_0220_f_109v.tif,220,sinai,f. 109v,Text,,ark:/21198/z1nc7jzd,ark:/21198/z1nc7jzd/x349nw4b,Page,Images: Contact the Monastery of St. Catherine's of the Sinai. Metadata: Unless otherwise indicated all metadata associated with this manuscript is copyright the authors and released under Creative Commons Attribution 4.0 International License.,Sinai Syriac 36
Masters/sinaimasters/syr/syriac_0036/sld_syr0036_0221_f_110r.tif,221,sinai,f. 110r,Text,,ark:/21198/z1nc7jzd,ark:/21198/z1nc7jzd/nj68c73g,Page,Images: Contact the Monastery of St. Catherine's of the Sinai. Metadata: Unless otherwise indicated all metadata associated with this manuscript is copyright the authors and released under Creative Commons Attribution 4.0 International License.,Sinai Syriac 36
Masters/sinaimasters/syr/syriac_0036/sld_syr0036_0222_f_110v.tif,222,sinai,f. 110v,Text,,ark:/21198/z1nc7jzd,ark:/21198/z1nc7jzd/0655rw0q,Page,Images: Contact the Monastery of St. Catherine's of the Sinai. Metadata: Unless otherwise indicated all metadata associated with this manuscript is copyright the authors and released under Creative Commons Attribution 4.0 International License.,Sinai Syriac 36
Masters/sinaimasters/syr/syriac_0036/sld_syr0036_0223_y_999.tif,223,sinai,Back Board Inside,Back matter,,ark:/21198/z1nc7jzd,ark:/21198/z1nc7jzd/g068f360,Page,Images: Contact the Monastery of St. Catherine's of the Sinai. Metadata: Unless otherwise indicated all metadata associated with this manuscript is copyright the authors and released under Creative Commons Attribution 4.0 International License.,Sinai Syriac 36
Masters/sinaimasters/syr/syriac_0036/sld_syr0036_0224_z_1.tif,224,sinai,Back Board Outside,Back matter,,ark:/21198/z1nc7jzd,ark:/21198/z1nc7jzd/fh40vv2g,Page,Images: Contact the Monastery of St. Catherine's of the Sinai. Metadata: Unless otherwise indicated all metadata associated with this manuscript is copyright the authors and released under Creative Commons Attribution 4.0 International License.,Sinai Syriac 36
Masters/sinaimasters/syr/syriac_0036/sld_syr0036_0225_z_2.tif,225,sinai,Spine, ,non-paged,ark:/21198/z1nc7jzd,ark:/21198/z1nc7jzd/fm770j5s,Page,Images: Contact the Monastery of St. Catherine's of the Sinai. Metadata: Unless otherwise indicated all metadata associated with this manuscript is copyright the authors and released under Creative Commons Attribution 4.0 International License.,Sinai Syriac 36
Masters/sinaimasters/syr/syriac_0036/sld_syr0036_0226_z_3.tif,226,sinai,Fore edge, ,non-paged,ark:/21198/z1nc7jzd,ark:/21198/z1nc7jzd/1q29rd65,Page,Images: Contact the Monastery of St. Catherine's of the Sinai. Metadata: Unless otherwise indicated all metadata associated with this manuscript is copyright the authors and released under Creative Commons Attribution 4.0 International License.,Sinai Syriac 36
Masters/sinaimasters/syr/syriac_0036/sld_syr0036_0227_z_4.tif,227,sinai,Head, ,non-paged,ark:/21198/z1nc7jzd,ark:/21198/z1nc7jzd/vj02nn43,Page,Images: Contact the Monastery of St. Catherine's of the Sinai. Metadata: Unless otherwise indicated all metadata associated with this manuscript is copyright the authors and released under Creative Commons Attribution 4.0 International License.,Sinai Syriac 36
Masters/sinaimasters/syr/syriac_0036/sld_syr0036_0228_z_5.tif,228,sinai,Tail, ,non-paged,ark:/21198/z1nc7jzd,ark:/21198/z1nc7jzd/nd40s60p,Page,Images: Contact the Monastery of St. Catherine's of the Sinai. Metadata: Unless otherwise indicated all metadata associated with this manuscript is copyright the authors and released under Creative Commons Attribution 4.0 International License.,Sinai Syriac 36
Masters/sinaimasters/syr/syriac_0036/calibration_left.tif,229,sinai,Calibration Left, ,non-paged,ark:/21198/z1nc7jzd,ark:/21198/z1nc7jzd/wb66j30d,Page,Images: Contact the Monastery of St. Catherine's of the Sinai. Metadata: Unless otherwise indicated all metadata associated with this manuscript is copyright the authors and released under Creative Commons Attribution 4.0 International License.,Sinai Syriac 36
Masters/sinaimasters/syr/syriac_0036/calibration_right.tif,230,sinai,Calibration Right, ,non-paged,ark:/21198/z1nc7jzd,ark:/21198/z1nc7jzd/zz402g7q,Page,Images: Contact the Monastery of St. Catherine's of the Sinai. Metadata: Unless otherwise indicated all metadata associated with this manuscript is copyright the authors and released under Creative Commons Attribution 4.0 International License.,Sinai Syriac 36
Masters/sinaimasters/syr/syriac_0036/lcc_left.tif,231,sinai,LCC Left, ,non-paged,ark:/21198/z1nc7jzd,ark:/21198/z1nc7jzd/3w47t246,Page,Images: Contact the Monastery of St. Catherine's of the Sinai. Metadata: Unless otherwise indicated all metadata associated with this manuscript is copyright the authors and released under Creative Commons Attribution 4.0 International License.,Sinai Syriac 36
Masters/sinaimasters/syr/syriac_0036/lcc_right.tif,232,sinai,LCC Right, ,non-paged,ark:/21198/z1nc7jzd,ark:/21198/z1nc7jzd/cm27277x,Page,Images: Contact the Monastery of St. Catherine's of the Sinai. Metadata: Unless otherwise indicated all metadata associated with this manuscript is copyright the authors and released under Creative Commons Attribution 4.0 International License.,Sinai Syriac 36
