"File Name","Item Sequence","Visibility","Title","IIIF Range","viewingHint","Parent ARK","Item ARK","Object Type","Rights.statementLocal","Source","Bucketeer State","IIIF Access URL"
"Masters/sinaimasters/syr/syriac_0211/sld_syr0211_0001_a_1.tif","1","sinai","Front Board Outside","Front matter","","ark:/21198/z1r79jnp","ark:/21198/z1r79jnp/js22jd3s","Page","Images: Contact the Monastery of St. Catherine's of the Sinai. Metadata: Unless otherwise indicated all metadata associated with this manuscript is copyright the authors and released under Creative Commons Attribution 4.0 International License.","Sinai Syriac 211","ingested","https://iiif.sinaimanuscripts.library.ucla.edu/iiif/2/ark%3A%2F21198%2Fz1r79jnp%2Fjs22jd3s"
"Masters/sinaimasters/syr/syriac_0211/sld_syr0211_0002_b_000.tif","2","sinai","Front Board Inside","Front matter","","ark:/21198/z1r79jnp","ark:/21198/z1r79jnp/9146vv6m","Page","Images: Contact the Monastery of St. Catherine's of the Sinai. Metadata: Unless otherwise indicated all metadata associated with this manuscript is copyright the authors and released under Creative Commons Attribution 4.0 International License.","Sinai Syriac 211","ingested","https://iiif.sinaimanuscripts.library.ucla.edu/iiif/2/ark%3A%2F21198%2Fz1r79jnp%2F9146vv6m"
"Masters/sinaimasters/syr/syriac_0211/sld_syr0211_0003_f_001r.tif","3","sinai","f. 001r","Text","","ark:/21198/z1r79jnp","ark:/21198/z1r79jnp/0198r28z","Page","Images: Contact the Monastery of St. Catherine's of the Sinai. Metadata: Unless otherwise indicated all metadata associated with this manuscript is copyright the authors and released under Creative Commons Attribution 4.0 International License.","Sinai Syriac 211","ingested","https://iiif.sinaimanuscripts.library.ucla.edu/iiif/2/ark%3A%2F21198%2Fz1r79jnp%2F0198r28z"
"Masters/sinaimasters/syr/syriac_0211/sld_syr0211_0004_f_001v.tif","4","sinai","f. 001v","Text","","ark:/21198/z1r79jnp","ark:/21198/z1r79jnp/b521x074","Page","Images: Contact the Monastery of St. Catherine's of the Sinai. Metadata: Unless otherwise indicated all metadata associated with this manuscript is copyright the authors and released under Creative Commons Attribution 4.0 International License.","Sinai Syriac 211","ingested","https://iiif.sinaimanuscripts.library.ucla.edu/iiif/2/ark%3A%2F21198%2Fz1r79jnp%2Fb521x074"
"Masters/sinaimasters/syr/syriac_0211/sld_syr0211_0005_f_002r.tif","5","sinai","f. 002r","Text","","ark:/21198/z1r79jnp","ark:/21198/z1r79jnp/n5040c75","Page","Images: Contact the Monastery of St. Catherine's of the Sinai. Metadata: Unless otherwise indicated all metadata associated with this manuscript is copyright the authors and released under Creative Commons Attribution 4.0 International License.","Sinai Syriac 211","ingested","https://iiif.sinaimanuscripts.library.ucla.edu/iiif/2/ark%3A%2F21198%2Fz1r79jnp%2Fn5040c75"
"Masters/sinaimasters/syr/syriac_0211/sld_syr0211_0006_f_002v.tif","6","sinai","f. 002v","Text","","ark:/21198/z1r79jnp","ark:/21198/z1r79jnp/f6683q06","Page","Images: Contact the Monastery of St. Catherine's of the Sinai. Metadata: Unless otherwise indicated all metadata associated with this manuscript is copyright the authors and released under Creative Commons Attribution 4.0 International License.","Sinai Syriac 211","ingested","https://iiif.sinaimanuscripts.library.ucla.edu/iiif/2/ark%3A%2F21198%2Fz1r79jnp%2Ff6683q06"
"Masters/sinaimasters/syr/syriac_0211/sld_syr0211_0007_f_003r.tif","7","sinai","f. 003r","Text","","ark:/21198/z1r79jnp","ark:/21198/z1r79jnp/ht72ss53","Page","Images: Contact the Monastery of St. Catherine's of the Sinai. Metadata: Unless otherwise indicated all metadata associated with this manuscript is copyright the authors and released under Creative Commons Attribution 4.0 International License.","Sinai Syriac 211","ingested","https://iiif.sinaimanuscripts.library.ucla.edu/iiif/2/ark%3A%2F21198%2Fz1r79jnp%2Fht72ss53"
"Masters/sinaimasters/syr/syriac_0211/sld_syr0211_0008_f_003v.tif","8","sinai","f. 003v","Text","","ark:/21198/z1r79jnp","ark:/21198/z1r79jnp/1q405j7g","Page","Images: Contact the Monastery of St. Catherine's of the Sinai. Metadata: Unless otherwise indicated all metadata associated with this manuscript is copyright the authors and released under Creative Commons Attribution 4.0 International License.","Sinai Syriac 211","ingested","https://iiif.sinaimanuscripts.library.ucla.edu/iiif/2/ark%3A%2F21198%2Fz1r79jnp%2F1q405j7g"
"Masters/sinaimasters/syr/syriac_0211/sld_syr0211_0009_f_004r.tif","9","sinai","f. 004r","Text","","ark:/21198/z1r79jnp","ark:/21198/z1r79jnp/7965jx23","Page","Images: Contact the Monastery of St. Catherine's of the Sinai. Metadata: Unless otherwise indicated all metadata associated with this manuscript is copyright the authors and released under Creative Commons Attribution 4.0 International License.","Sinai Syriac 211","ingested","https://iiif.sinaimanuscripts.library.ucla.edu/iiif/2/ark%3A%2F21198%2Fz1r79jnp%2F7965jx23"
"Masters/sinaimasters/syr/syriac_0211/sld_syr0211_0010_f_004v.tif","10","sinai","f. 004v","Text","","ark:/21198/z1r79jnp","ark:/21198/z1r79jnp/ft59hq31","Page","Images: Contact the Monastery of St. Catherine's of the Sinai. Metadata: Unless otherwise indicated all metadata associated with this manuscript is copyright the authors and released under Creative Commons Attribution 4.0 International License.","Sinai Syriac 211","ingested","https://iiif.sinaimanuscripts.library.ucla.edu/iiif/2/ark%3A%2F21198%2Fz1r79jnp%2Fft59hq31"
"Masters/sinaimasters/syr/syriac_0211/sld_syr0211_0011_f_005r.tif","11","sinai","f. 005r","Text","","ark:/21198/z1r79jnp","ark:/21198/z1r79jnp/zq26c98d","Page","Images: Contact the Monastery of St. Catherine's of the Sinai. Metadata: Unless otherwise indicated all metadata associated with this manuscript is copyright the authors and released under Creative Commons Attribution 4.0 International License.","Sinai Syriac 211","ingested","https://iiif.sinaimanuscripts.library.ucla.edu/iiif/2/ark%3A%2F21198%2Fz1r79jnp%2Fzq26c98d"
"Masters/sinaimasters/syr/syriac_0211/sld_syr0211_0012_f_005v.tif","12","sinai","f. 005v","Text","","ark:/21198/z1r79jnp","ark:/21198/z1r79jnp/qb52848z","Page","Images: Contact the Monastery of St. Catherine's of the Sinai. Metadata: Unless otherwise indicated all metadata associated with this manuscript is copyright the authors and released under Creative Commons Attribution 4.0 International License.","Sinai Syriac 211","ingested","https://iiif.sinaimanuscripts.library.ucla.edu/iiif/2/ark%3A%2F21198%2Fz1r79jnp%2Fqb52848z"
"Masters/sinaimasters/syr/syriac_0211/sld_syr0211_0013_f_006r.tif","13","sinai","f. 006r","Text","","ark:/21198/z1r79jnp","ark:/21198/z1r79jnp/jv30p24q","Page","Images: Contact the Monastery of St. Catherine's of the Sinai. Metadata: Unless otherwise indicated all metadata associated with this manuscript is copyright the authors and released under Creative Commons Attribution 4.0 International License.","Sinai Syriac 211","ingested","https://iiif.sinaimanuscripts.library.ucla.edu/iiif/2/ark%3A%2F21198%2Fz1r79jnp%2Fjv30p24q"
"Masters/sinaimasters/syr/syriac_0211/sld_syr0211_0014_f_006v.tif","14","sinai","f. 006v","Text","","ark:/21198/z1r79jnp","ark:/21198/z1r79jnp/4q41r09b","Page","Images: Contact the Monastery of St. Catherine's of the Sinai. Metadata: Unless otherwise indicated all metadata associated with this manuscript is copyright the authors and released under Creative Commons Attribution 4.0 International License.","Sinai Syriac 211","ingested","https://iiif.sinaimanuscripts.library.ucla.edu/iiif/2/ark%3A%2F21198%2Fz1r79jnp%2F4q41r09b"
"Masters/sinaimasters/syr/syriac_0211/sld_syr0211_0015_f_007r.tif","15","sinai","f. 007r","Text","","ark:/21198/z1r79jnp","ark:/21198/z1r79jnp/5z89p536","Page","Images: Contact the Monastery of St. Catherine's of the Sinai. Metadata: Unless otherwise indicated all metadata associated with this manuscript is copyright the authors and released under Creative Commons Attribution 4.0 International License.","Sinai Syriac 211","ingested","https://iiif.sinaimanuscripts.library.ucla.edu/iiif/2/ark%3A%2F21198%2Fz1r79jnp%2F5z89p536"
"Masters/sinaimasters/syr/syriac_0211/sld_syr0211_0016_f_007v.tif","16","sinai","f. 007v","Text","","ark:/21198/z1r79jnp","ark:/21198/z1r79jnp/pm50wq00","Page","Images: Contact the Monastery of St. Catherine's of the Sinai. Metadata: Unless otherwise indicated all metadata associated with this manuscript is copyright the authors and released under Creative Commons Attribution 4.0 International License.","Sinai Syriac 211","ingested","https://iiif.sinaimanuscripts.library.ucla.edu/iiif/2/ark%3A%2F21198%2Fz1r79jnp%2Fpm50wq00"
"Masters/sinaimasters/syr/syriac_0211/sld_syr0211_0017_f_008r.tif","17","sinai","f. 008r","Text","","ark:/21198/z1r79jnp","ark:/21198/z1r79jnp/h700v042","Page","Images: Contact the Monastery of St. Catherine's of the Sinai. Metadata: Unless otherwise indicated all metadata associated with this manuscript is copyright the authors and released under Creative Commons Attribution 4.0 International License.","Sinai Syriac 211","ingested","https://iiif.sinaimanuscripts.library.ucla.edu/iiif/2/ark%3A%2F21198%2Fz1r79jnp%2Fh700v042"
"Masters/sinaimasters/syr/syriac_0211/sld_syr0211_0018_f_008v.tif","18","sinai","f. 008v","Text","","ark:/21198/z1r79jnp","ark:/21198/z1r79jnp/k290cm6t","Page","Images: Contact the Monastery of St. Catherine's of the Sinai. Metadata: Unless otherwise indicated all metadata associated with this manuscript is copyright the authors and released under Creative Commons Attribution 4.0 International License.","Sinai Syriac 211","ingested","https://iiif.sinaimanuscripts.library.ucla.edu/iiif/2/ark%3A%2F21198%2Fz1r79jnp%2Fk290cm6t"
"Masters/sinaimasters/syr/syriac_0211/sld_syr0211_0019_f_009r.tif","19","sinai","f. 009r","Text","","ark:/21198/z1r79jnp","ark:/21198/z1r79jnp/99730z4t","Page","Images: Contact the Monastery of St. Catherine's of the Sinai. Metadata: Unless otherwise indicated all metadata associated with this manuscript is copyright the authors and released under Creative Commons Attribution 4.0 International License.","Sinai Syriac 211","ingested","https://iiif.sinaimanuscripts.library.ucla.edu/iiif/2/ark%3A%2F21198%2Fz1r79jnp%2F99730z4t"
"Masters/sinaimasters/syr/syriac_0211/sld_syr0211_0020_f_009v.tif","20","sinai","f. 009v","Text","","ark:/21198/z1r79jnp","ark:/21198/z1r79jnp/8788z45n","Page","Images: Contact the Monastery of St. Catherine's of the Sinai. Metadata: Unless otherwise indicated all metadata associated with this manuscript is copyright the authors and released under Creative Commons Attribution 4.0 International License.","Sinai Syriac 211","ingested","https://iiif.sinaimanuscripts.library.ucla.edu/iiif/2/ark%3A%2F21198%2Fz1r79jnp%2F8788z45n"
"Masters/sinaimasters/syr/syriac_0211/sld_syr0211_0021_f_010r.tif","21","sinai","f. 010r","Text","","ark:/21198/z1r79jnp","ark:/21198/z1r79jnp/4123dm9z","Page","Images: Contact the Monastery of St. Catherine's of the Sinai. Metadata: Unless otherwise indicated all metadata associated with this manuscript is copyright the authors and released under Creative Commons Attribution 4.0 International License.","Sinai Syriac 211","ingested","https://iiif.sinaimanuscripts.library.ucla.edu/iiif/2/ark%3A%2F21198%2Fz1r79jnp%2F4123dm9z"
"Masters/sinaimasters/syr/syriac_0211/sld_syr0211_0022_f_010v.tif","22","sinai","f. 010v","Text","","ark:/21198/z1r79jnp","ark:/21198/z1r79jnp/7q36z069","Page","Images: Contact the Monastery of St. Catherine's of the Sinai. Metadata: Unless otherwise indicated all metadata associated with this manuscript is copyright the authors and released under Creative Commons Attribution 4.0 International License.","Sinai Syriac 211","ingested","https://iiif.sinaimanuscripts.library.ucla.edu/iiif/2/ark%3A%2F21198%2Fz1r79jnp%2F7q36z069"
"Masters/sinaimasters/syr/syriac_0211/sld_syr0211_0023_f_011r.tif","23","sinai","f. 011r","Text","","ark:/21198/z1r79jnp","ark:/21198/z1r79jnp/h917t54r","Page","Images: Contact the Monastery of St. Catherine's of the Sinai. Metadata: Unless otherwise indicated all metadata associated with this manuscript is copyright the authors and released under Creative Commons Attribution 4.0 International License.","Sinai Syriac 211","ingested","https://iiif.sinaimanuscripts.library.ucla.edu/iiif/2/ark%3A%2F21198%2Fz1r79jnp%2Fh917t54r"
"Masters/sinaimasters/syr/syriac_0211/sld_syr0211_0024_f_011v.tif","24","sinai","f. 011v","Text","","ark:/21198/z1r79jnp","ark:/21198/z1r79jnp/23231n4m","Page","Images: Contact the Monastery of St. Catherine's of the Sinai. Metadata: Unless otherwise indicated all metadata associated with this manuscript is copyright the authors and released under Creative Commons Attribution 4.0 International License.","Sinai Syriac 211","ingested","https://iiif.sinaimanuscripts.library.ucla.edu/iiif/2/ark%3A%2F21198%2Fz1r79jnp%2F23231n4m"
"Masters/sinaimasters/syr/syriac_0211/sld_syr0211_0025_f_012r.tif","25","sinai","f. 012r","Text","","ark:/21198/z1r79jnp","ark:/21198/z1r79jnp/7500285s","Page","Images: Contact the Monastery of St. Catherine's of the Sinai. Metadata: Unless otherwise indicated all metadata associated with this manuscript is copyright the authors and released under Creative Commons Attribution 4.0 International License.","Sinai Syriac 211","ingested","https://iiif.sinaimanuscripts.library.ucla.edu/iiif/2/ark%3A%2F21198%2Fz1r79jnp%2F7500285s"
"Masters/sinaimasters/syr/syriac_0211/sld_syr0211_0026_f_012v.tif","26","sinai","f. 012v","Text","","ark:/21198/z1r79jnp","ark:/21198/z1r79jnp/8p815s1m","Page","Images: Contact the Monastery of St. Catherine's of the Sinai. Metadata: Unless otherwise indicated all metadata associated with this manuscript is copyright the authors and released under Creative Commons Attribution 4.0 International License.","Sinai Syriac 211","ingested","https://iiif.sinaimanuscripts.library.ucla.edu/iiif/2/ark%3A%2F21198%2Fz1r79jnp%2F8p815s1m"
"Masters/sinaimasters/syr/syriac_0211/sld_syr0211_0027_f_013r.tif","27","sinai","f. 013r","Text","","ark:/21198/z1r79jnp","ark:/21198/z1r79jnp/j161q940","Page","Images: Contact the Monastery of St. Catherine's of the Sinai. Metadata: Unless otherwise indicated all metadata associated with this manuscript is copyright the authors and released under Creative Commons Attribution 4.0 International License.","Sinai Syriac 211","ingested","https://iiif.sinaimanuscripts.library.ucla.edu/iiif/2/ark%3A%2F21198%2Fz1r79jnp%2Fj161q940"
"Masters/sinaimasters/syr/syriac_0211/sld_syr0211_0028_f_013v.tif","28","sinai","f. 013v","Text","","ark:/21198/z1r79jnp","ark:/21198/z1r79jnp/cs915z95","Page","Images: Contact the Monastery of St. Catherine's of the Sinai. Metadata: Unless otherwise indicated all metadata associated with this manuscript is copyright the authors and released under Creative Commons Attribution 4.0 International License.","Sinai Syriac 211","ingested","https://iiif.sinaimanuscripts.library.ucla.edu/iiif/2/ark%3A%2F21198%2Fz1r79jnp%2Fcs915z95"
"Masters/sinaimasters/syr/syriac_0211/sld_syr0211_0029_f_014r.tif","29","sinai","f. 014r","Text","","ark:/21198/z1r79jnp","ark:/21198/z1r79jnp/p9373p5b","Page","Images: Contact the Monastery of St. Catherine's of the Sinai. Metadata: Unless otherwise indicated all metadata associated with this manuscript is copyright the authors and released under Creative Commons Attribution 4.0 International License.","Sinai Syriac 211","ingested","https://iiif.sinaimanuscripts.library.ucla.edu/iiif/2/ark%3A%2F21198%2Fz1r79jnp%2Fp9373p5b"
"Masters/sinaimasters/syr/syriac_0211/sld_syr0211_0030_f_014v.tif","30","sinai","f. 014v","Text","","ark:/21198/z1r79jnp","ark:/21198/z1r79jnp/h432253b","Page","Images: Contact the Monastery of St. Catherine's of the Sinai. Metadata: Unless otherwise indicated all metadata associated with this manuscript is copyright the authors and released under Creative Commons Attribution 4.0 International License.","Sinai Syriac 211","ingested","https://iiif.sinaimanuscripts.library.ucla.edu/iiif/2/ark%3A%2F21198%2Fz1r79jnp%2Fh432253b"
"Masters/sinaimasters/syr/syriac_0211/sld_syr0211_0031_f_015r.tif","31","sinai","f. 015r","Text","","ark:/21198/z1r79jnp","ark:/21198/z1r79jnp/9s691c9q","Page","Images: Contact the Monastery of St. Catherine's of the Sinai. Metadata: Unless otherwise indicated all metadata associated with this manuscript is copyright the authors and released under Creative Commons Attribution 4.0 International License.","Sinai Syriac 211","ingested","https://iiif.sinaimanuscripts.library.ucla.edu/iiif/2/ark%3A%2F21198%2Fz1r79jnp%2F9s691c9q"
"Masters/sinaimasters/syr/syriac_0211/sld_syr0211_0032_f_015v.tif","32","sinai","f. 015v","Text","","ark:/21198/z1r79jnp","ark:/21198/z1r79jnp/kq139g56","Page","Images: Contact the Monastery of St. Catherine's of the Sinai. Metadata: Unless otherwise indicated all metadata associated with this manuscript is copyright the authors and released under Creative Commons Attribution 4.0 International License.","Sinai Syriac 211","ingested","https://iiif.sinaimanuscripts.library.ucla.edu/iiif/2/ark%3A%2F21198%2Fz1r79jnp%2Fkq139g56"
"Masters/sinaimasters/syr/syriac_0211/sld_syr0211_0033_f_016r.tif","33","sinai","f. 016r","Text","","ark:/21198/z1r79jnp","ark:/21198/z1r79jnp/0d15hh3b","Page","Images: Contact the Monastery of St. Catherine's of the Sinai. Metadata: Unless otherwise indicated all metadata associated with this manuscript is copyright the authors and released under Creative Commons Attribution 4.0 International License.","Sinai Syriac 211","ingested","https://iiif.sinaimanuscripts.library.ucla.edu/iiif/2/ark%3A%2F21198%2Fz1r79jnp%2F0d15hh3b"
"Masters/sinaimasters/syr/syriac_0211/sld_syr0211_0034_f_016v.tif","34","sinai","f. 016v","Text","","ark:/21198/z1r79jnp","ark:/21198/z1r79jnp/vb77wm8w","Page","Images: Contact the Monastery of St. Catherine's of the Sinai. Metadata: Unless otherwise indicated all metadata associated with this manuscript is copyright the authors and released under Creative Commons Attribution 4.0 International License.","Sinai Syriac 211","ingested","https://iiif.sinaimanuscripts.library.ucla.edu/iiif/2/ark%3A%2F21198%2Fz1r79jnp%2Fvb77wm8w"
"Masters/sinaimasters/syr/syriac_0211/sld_syr0211_0035_f_017r.tif","35","sinai","f. 017r","Text","","ark:/21198/z1r79jnp","ark:/21198/z1r79jnp/6824cz23","Page","Images: Contact the Monastery of St. Catherine's of the Sinai. Metadata: Unless otherwise indicated all metadata associated with this manuscript is copyright the authors and released under Creative Commons Attribution 4.0 International License.","Sinai Syriac 211","ingested","https://iiif.sinaimanuscripts.library.ucla.edu/iiif/2/ark%3A%2F21198%2Fz1r79jnp%2F6824cz23"
"Masters/sinaimasters/syr/syriac_0211/sld_syr0211_0036_f_017v.tif","36","sinai","f. 017v","Text","","ark:/21198/z1r79jnp","ark:/21198/z1r79jnp/1s76mw81","Page","Images: Contact the Monastery of St. Catherine's of the Sinai. Metadata: Unless otherwise indicated all metadata associated with this manuscript is copyright the authors and released under Creative Commons Attribution 4.0 International License.","Sinai Syriac 211","ingested","https://iiif.sinaimanuscripts.library.ucla.edu/iiif/2/ark%3A%2F21198%2Fz1r79jnp%2F1s76mw81"
"Masters/sinaimasters/syr/syriac_0211/sld_syr0211_0037_f_018r.tif","37","sinai","f. 018r","Text","","ark:/21198/z1r79jnp","ark:/21198/z1r79jnp/m9890m1k","Page","Images: Contact the Monastery of St. Catherine's of the Sinai. Metadata: Unless otherwise indicated all metadata associated with this manuscript is copyright the authors and released under Creative Commons Attribution 4.0 International License.","Sinai Syriac 211","ingested","https://iiif.sinaimanuscripts.library.ucla.edu/iiif/2/ark%3A%2F21198%2Fz1r79jnp%2Fm9890m1k"
"Masters/sinaimasters/syr/syriac_0211/sld_syr0211_0038_f_018v.tif","38","sinai","f. 018v","Text","","ark:/21198/z1r79jnp","ark:/21198/z1r79jnp/3b63v43j","Page","Images: Contact the Monastery of St. Catherine's of the Sinai. Metadata: Unless otherwise indicated all metadata associated with this manuscript is copyright the authors and released under Creative Commons Attribution 4.0 International License.","Sinai Syriac 211","ingested","https://iiif.sinaimanuscripts.library.ucla.edu/iiif/2/ark%3A%2F21198%2Fz1r79jnp%2F3b63v43j"
"Masters/sinaimasters/syr/syriac_0211/sld_syr0211_0039_f_019r.tif","39","sinai","f. 019r","Text","","ark:/21198/z1r79jnp","ark:/21198/z1r79jnp/z691011q","Page","Images: Contact the Monastery of St. Catherine's of the Sinai. Metadata: Unless otherwise indicated all metadata associated with this manuscript is copyright the authors and released under Creative Commons Attribution 4.0 International License.","Sinai Syriac 211","ingested","https://iiif.sinaimanuscripts.library.ucla.edu/iiif/2/ark%3A%2F21198%2Fz1r79jnp%2Fz691011q"
"Masters/sinaimasters/syr/syriac_0211/sld_syr0211_0040_f_019v.tif","40","sinai","f. 019v","Text","","ark:/21198/z1r79jnp","ark:/21198/z1r79jnp/0c30mr8n","Page","Images: Contact the Monastery of St. Catherine's of the Sinai. Metadata: Unless otherwise indicated all metadata associated with this manuscript is copyright the authors and released under Creative Commons Attribution 4.0 International License.","Sinai Syriac 211","ingested","https://iiif.sinaimanuscripts.library.ucla.edu/iiif/2/ark%3A%2F21198%2Fz1r79jnp%2F0c30mr8n"
"Masters/sinaimasters/syr/syriac_0211/sld_syr0211_0041_f_020r.tif","41","sinai","f. 020r","Text","","ark:/21198/z1r79jnp","ark:/21198/z1r79jnp/hg717t8f","Page","Images: Contact the Monastery of St. Catherine's of the Sinai. Metadata: Unless otherwise indicated all metadata associated with this manuscript is copyright the authors and released under Creative Commons Attribution 4.0 International License.","Sinai Syriac 211","ingested","https://iiif.sinaimanuscripts.library.ucla.edu/iiif/2/ark%3A%2F21198%2Fz1r79jnp%2Fhg717t8f"
"Masters/sinaimasters/syr/syriac_0211/sld_syr0211_0042_f_020v.tif","42","sinai","f. 020v","Text","","ark:/21198/z1r79jnp","ark:/21198/z1r79jnp/pq690r7k","Page","Images: Contact the Monastery of St. Catherine's of the Sinai. Metadata: Unless otherwise indicated all metadata associated with this manuscript is copyright the authors and released under Creative Commons Attribution 4.0 International License.","Sinai Syriac 211","ingested","https://iiif.sinaimanuscripts.library.ucla.edu/iiif/2/ark%3A%2F21198%2Fz1r79jnp%2Fpq690r7k"
"Masters/sinaimasters/syr/syriac_0211/sld_syr0211_0043_f_021r.tif","43","sinai","f. 021r","Text","","ark:/21198/z1r79jnp","ark:/21198/z1r79jnp/71324164","Page","Images: Contact the Monastery of St. Catherine's of the Sinai. Metadata: Unless otherwise indicated all metadata associated with this manuscript is copyright the authors and released under Creative Commons Attribution 4.0 International License.","Sinai Syriac 211","ingested","https://iiif.sinaimanuscripts.library.ucla.edu/iiif/2/ark%3A%2F21198%2Fz1r79jnp%2F71324164"
"Masters/sinaimasters/syr/syriac_0211/sld_syr0211_0044_f_021v.tif","44","sinai","f. 021v","Text","","ark:/21198/z1r79jnp","ark:/21198/z1r79jnp/b311pg75","Page","Images: Contact the Monastery of St. Catherine's of the Sinai. Metadata: Unless otherwise indicated all metadata associated with this manuscript is copyright the authors and released under Creative Commons Attribution 4.0 International License.","Sinai Syriac 211","ingested","https://iiif.sinaimanuscripts.library.ucla.edu/iiif/2/ark%3A%2F21198%2Fz1r79jnp%2Fb311pg75"
"Masters/sinaimasters/syr/syriac_0211/sld_syr0211_0045_f_022r.tif","45","sinai","f. 022r","Text","","ark:/21198/z1r79jnp","ark:/21198/z1r79jnp/st35f026","Page","Images: Contact the Monastery of St. Catherine's of the Sinai. Metadata: Unless otherwise indicated all metadata associated with this manuscript is copyright the authors and released under Creative Commons Attribution 4.0 International License.","Sinai Syriac 211","ingested","https://iiif.sinaimanuscripts.library.ucla.edu/iiif/2/ark%3A%2F21198%2Fz1r79jnp%2Fst35f026"
"Masters/sinaimasters/syr/syriac_0211/sld_syr0211_0046_f_022v.tif","46","sinai","f. 022v","Text","","ark:/21198/z1r79jnp","ark:/21198/z1r79jnp/hp468516","Page","Images: Contact the Monastery of St. Catherine's of the Sinai. Metadata: Unless otherwise indicated all metadata associated with this manuscript is copyright the authors and released under Creative Commons Attribution 4.0 International License.","Sinai Syriac 211","ingested","https://iiif.sinaimanuscripts.library.ucla.edu/iiif/2/ark%3A%2F21198%2Fz1r79jnp%2Fhp468516"
"Masters/sinaimasters/syr/syriac_0211/sld_syr0211_0047_f_023r.tif","47","sinai","f. 023r","Text","","ark:/21198/z1r79jnp","ark:/21198/z1r79jnp/nd880f7w","Page","Images: Contact the Monastery of St. Catherine's of the Sinai. Metadata: Unless otherwise indicated all metadata associated with this manuscript is copyright the authors and released under Creative Commons Attribution 4.0 International License.","Sinai Syriac 211","ingested","https://iiif.sinaimanuscripts.library.ucla.edu/iiif/2/ark%3A%2F21198%2Fz1r79jnp%2Fnd880f7w"
"Masters/sinaimasters/syr/syriac_0211/sld_syr0211_0048_f_023v.tif","48","sinai","f. 023v","Text","","ark:/21198/z1r79jnp","ark:/21198/z1r79jnp/4007q72f","Page","Images: Contact the Monastery of St. Catherine's of the Sinai. Metadata: Unless otherwise indicated all metadata associated with this manuscript is copyright the authors and released under Creative Commons Attribution 4.0 International License.","Sinai Syriac 211","ingested","https://iiif.sinaimanuscripts.library.ucla.edu/iiif/2/ark%3A%2F21198%2Fz1r79jnp%2F4007q72f"
"Masters/sinaimasters/syr/syriac_0211/sld_syr0211_0049_f_024r.tif","49","sinai","f. 024r","Text","","ark:/21198/z1r79jnp","ark:/21198/z1r79jnp/fr07s45k","Page","Images: Contact the Monastery of St. Catherine's of the Sinai. Metadata: Unless otherwise indicated all metadata associated with this manuscript is copyright the authors and released under Creative Commons Attribution 4.0 International License.","Sinai Syriac 211","ingested","https://iiif.sinaimanuscripts.library.ucla.edu/iiif/2/ark%3A%2F21198%2Fz1r79jnp%2Ffr07s45k"
"Masters/sinaimasters/syr/syriac_0211/sld_syr0211_0050_f_024v.tif","50","sinai","f. 024v","Text","","ark:/21198/z1r79jnp","ark:/21198/z1r79jnp/hx44wk2z","Page","Images: Contact the Monastery of St. Catherine's of the Sinai. Metadata: Unless otherwise indicated all metadata associated with this manuscript is copyright the authors and released under Creative Commons Attribution 4.0 International License.","Sinai Syriac 211","ingested","https://iiif.sinaimanuscripts.library.ucla.edu/iiif/2/ark%3A%2F21198%2Fz1r79jnp%2Fhx44wk2z"
"Masters/sinaimasters/syr/syriac_0211/sld_syr0211_0051_f_025r.tif","51","sinai","f. 025r","Text","","ark:/21198/z1r79jnp","ark:/21198/z1r79jnp/v233h88s","Page","Images: Contact the Monastery of St. Catherine's of the Sinai. Metadata: Unless otherwise indicated all metadata associated with this manuscript is copyright the authors and released under Creative Commons Attribution 4.0 International License.","Sinai Syriac 211","ingested","https://iiif.sinaimanuscripts.library.ucla.edu/iiif/2/ark%3A%2F21198%2Fz1r79jnp%2Fv233h88s"
"Masters/sinaimasters/syr/syriac_0211/sld_syr0211_0052_f_025v.tif","52","sinai","f. 025v","Text","","ark:/21198/z1r79jnp","ark:/21198/z1r79jnp/nb088f7b","Page","Images: Contact the Monastery of St. Catherine's of the Sinai. Metadata: Unless otherwise indicated all metadata associated with this manuscript is copyright the authors and released under Creative Commons Attribution 4.0 International License.","Sinai Syriac 211","ingested","https://iiif.sinaimanuscripts.library.ucla.edu/iiif/2/ark%3A%2F21198%2Fz1r79jnp%2Fnb088f7b"
"Masters/sinaimasters/syr/syriac_0211/sld_syr0211_0053_f_026r.tif","53","sinai","f. 026r","Text","","ark:/21198/z1r79jnp","ark:/21198/z1r79jnp/z233mn3k","Page","Images: Contact the Monastery of St. Catherine's of the Sinai. Metadata: Unless otherwise indicated all metadata associated with this manuscript is copyright the authors and released under Creative Commons Attribution 4.0 International License.","Sinai Syriac 211","ingested","https://iiif.sinaimanuscripts.library.ucla.edu/iiif/2/ark%3A%2F21198%2Fz1r79jnp%2Fz233mn3k"
"Masters/sinaimasters/syr/syriac_0211/sld_syr0211_0054_f_026v.tif","54","sinai","f. 026v","Text","","ark:/21198/z1r79jnp","ark:/21198/z1r79jnp/wh58sx3d","Page","Images: Contact the Monastery of St. Catherine's of the Sinai. Metadata: Unless otherwise indicated all metadata associated with this manuscript is copyright the authors and released under Creative Commons Attribution 4.0 International License.","Sinai Syriac 211","ingested","https://iiif.sinaimanuscripts.library.ucla.edu/iiif/2/ark%3A%2F21198%2Fz1r79jnp%2Fwh58sx3d"
"Masters/sinaimasters/syr/syriac_0211/sld_syr0211_0055_f_027r.tif","55","sinai","f. 027r","Text","","ark:/21198/z1r79jnp","ark:/21198/z1r79jnp/xt32bz8d","Page","Images: Contact the Monastery of St. Catherine's of the Sinai. Metadata: Unless otherwise indicated all metadata associated with this manuscript is copyright the authors and released under Creative Commons Attribution 4.0 International License.","Sinai Syriac 211","ingested","https://iiif.sinaimanuscripts.library.ucla.edu/iiif/2/ark%3A%2F21198%2Fz1r79jnp%2Fxt32bz8d"
"Masters/sinaimasters/syr/syriac_0211/sld_syr0211_0056_f_027v.tif","56","sinai","f. 027v","Text","","ark:/21198/z1r79jnp","ark:/21198/z1r79jnp/pk86qj3w","Page","Images: Contact the Monastery of St. Catherine's of the Sinai. Metadata: Unless otherwise indicated all metadata associated with this manuscript is copyright the authors and released under Creative Commons Attribution 4.0 International License.","Sinai Syriac 211","ingested","https://iiif.sinaimanuscripts.library.ucla.edu/iiif/2/ark%3A%2F21198%2Fz1r79jnp%2Fpk86qj3w"
"Masters/sinaimasters/syr/syriac_0211/sld_syr0211_0057_f_028r.tif","57","sinai","f. 028r","Text","","ark:/21198/z1r79jnp","ark:/21198/z1r79jnp/dj49kc8v","Page","Images: Contact the Monastery of St. Catherine's of the Sinai. Metadata: Unless otherwise indicated all metadata associated with this manuscript is copyright the authors and released under Creative Commons Attribution 4.0 International License.","Sinai Syriac 211","ingested","https://iiif.sinaimanuscripts.library.ucla.edu/iiif/2/ark%3A%2F21198%2Fz1r79jnp%2Fdj49kc8v"
"Masters/sinaimasters/syr/syriac_0211/sld_syr0211_0058_f_028v.tif","58","sinai","f. 028v","Text","","ark:/21198/z1r79jnp","ark:/21198/z1r79jnp/5614wm1v","Page","Images: Contact the Monastery of St. Catherine's of the Sinai. Metadata: Unless otherwise indicated all metadata associated with this manuscript is copyright the authors and released under Creative Commons Attribution 4.0 International License.","Sinai Syriac 211","ingested","https://iiif.sinaimanuscripts.library.ucla.edu/iiif/2/ark%3A%2F21198%2Fz1r79jnp%2F5614wm1v"
"Masters/sinaimasters/syr/syriac_0211/sld_syr0211_0059_f_029r.tif","59","sinai","f. 029r","Text","","ark:/21198/z1r79jnp","ark:/21198/z1r79jnp/36689n5n","Page","Images: Contact the Monastery of St. Catherine's of the Sinai. Metadata: Unless otherwise indicated all metadata associated with this manuscript is copyright the authors and released under Creative Commons Attribution 4.0 International License.","Sinai Syriac 211","ingested","https://iiif.sinaimanuscripts.library.ucla.edu/iiif/2/ark%3A%2F21198%2Fz1r79jnp%2F36689n5n"
"Masters/sinaimasters/syr/syriac_0211/sld_syr0211_0060_f_029v.tif","60","sinai","f. 029v","Text","","ark:/21198/z1r79jnp","ark:/21198/z1r79jnp/bn67zg8x","Page","Images: Contact the Monastery of St. Catherine's of the Sinai. Metadata: Unless otherwise indicated all metadata associated with this manuscript is copyright the authors and released under Creative Commons Attribution 4.0 International License.","Sinai Syriac 211","ingested","https://iiif.sinaimanuscripts.library.ucla.edu/iiif/2/ark%3A%2F21198%2Fz1r79jnp%2Fbn67zg8x"
"Masters/sinaimasters/syr/syriac_0211/sld_syr0211_0061_f_030r.tif","61","sinai","f. 030r","Text","","ark:/21198/z1r79jnp","ark:/21198/z1r79jnp/4m83br27","Page","Images: Contact the Monastery of St. Catherine's of the Sinai. Metadata: Unless otherwise indicated all metadata associated with this manuscript is copyright the authors and released under Creative Commons Attribution 4.0 International License.","Sinai Syriac 211","ingested","https://iiif.sinaimanuscripts.library.ucla.edu/iiif/2/ark%3A%2F21198%2Fz1r79jnp%2F4m83br27"
"Masters/sinaimasters/syr/syriac_0211/sld_syr0211_0062_f_030v.tif","62","sinai","f. 030v","Text","","ark:/21198/z1r79jnp","ark:/21198/z1r79jnp/mf80mb59","Page","Images: Contact the Monastery of St. Catherine's of the Sinai. Metadata: Unless otherwise indicated all metadata associated with this manuscript is copyright the authors and released under Creative Commons Attribution 4.0 International License.","Sinai Syriac 211","ingested","https://iiif.sinaimanuscripts.library.ucla.edu/iiif/2/ark%3A%2F21198%2Fz1r79jnp%2Fmf80mb59"
"Masters/sinaimasters/syr/syriac_0211/sld_syr0211_0063_f_031r.tif","63","sinai","f. 031r","Text","","ark:/21198/z1r79jnp","ark:/21198/z1r79jnp/cv851z3k","Page","Images: Contact the Monastery of St. Catherine's of the Sinai. Metadata: Unless otherwise indicated all metadata associated with this manuscript is copyright the authors and released under Creative Commons Attribution 4.0 International License.","Sinai Syriac 211","ingested","https://iiif.sinaimanuscripts.library.ucla.edu/iiif/2/ark%3A%2F21198%2Fz1r79jnp%2Fcv851z3k"
"Masters/sinaimasters/syr/syriac_0211/sld_syr0211_0064_f_031v.tif","64","sinai","f. 031v","Text","","ark:/21198/z1r79jnp","ark:/21198/z1r79jnp/z651b425","Page","Images: Contact the Monastery of St. Catherine's of the Sinai. Metadata: Unless otherwise indicated all metadata associated with this manuscript is copyright the authors and released under Creative Commons Attribution 4.0 International License.","Sinai Syriac 211","ingested","https://iiif.sinaimanuscripts.library.ucla.edu/iiif/2/ark%3A%2F21198%2Fz1r79jnp%2Fz651b425"
"Masters/sinaimasters/syr/syriac_0211/sld_syr0211_0065_f_032r.tif","65","sinai","f. 032r","Text","","ark:/21198/z1r79jnp","ark:/21198/z1r79jnp/ht31kh4n","Page","Images: Contact the Monastery of St. Catherine's of the Sinai. Metadata: Unless otherwise indicated all metadata associated with this manuscript is copyright the authors and released under Creative Commons Attribution 4.0 International License.","Sinai Syriac 211","ingested","https://iiif.sinaimanuscripts.library.ucla.edu/iiif/2/ark%3A%2F21198%2Fz1r79jnp%2Fht31kh4n"
"Masters/sinaimasters/syr/syriac_0211/sld_syr0211_0066_f_032v.tif","66","sinai","f. 032v","Text","","ark:/21198/z1r79jnp","ark:/21198/z1r79jnp/ts56pc05","Page","Images: Contact the Monastery of St. Catherine's of the Sinai. Metadata: Unless otherwise indicated all metadata associated with this manuscript is copyright the authors and released under Creative Commons Attribution 4.0 International License.","Sinai Syriac 211","ingested","https://iiif.sinaimanuscripts.library.ucla.edu/iiif/2/ark%3A%2F21198%2Fz1r79jnp%2Fts56pc05"
"Masters/sinaimasters/syr/syriac_0211/sld_syr0211_0067_f_033r.tif","67","sinai","f. 033r","Text","","ark:/21198/z1r79jnp","ark:/21198/z1r79jnp/qn09vr82","Page","Images: Contact the Monastery of St. Catherine's of the Sinai. Metadata: Unless otherwise indicated all metadata associated with this manuscript is copyright the authors and released under Creative Commons Attribution 4.0 International License.","Sinai Syriac 211","ingested","https://iiif.sinaimanuscripts.library.ucla.edu/iiif/2/ark%3A%2F21198%2Fz1r79jnp%2Fqn09vr82"
"Masters/sinaimasters/syr/syriac_0211/sld_syr0211_0068_f_033v.tif","68","sinai","f. 033v","Text","","ark:/21198/z1r79jnp","ark:/21198/z1r79jnp/pt98p76c","Page","Images: Contact the Monastery of St. Catherine's of the Sinai. Metadata: Unless otherwise indicated all metadata associated with this manuscript is copyright the authors and released under Creative Commons Attribution 4.0 International License.","Sinai Syriac 211","ingested","https://iiif.sinaimanuscripts.library.ucla.edu/iiif/2/ark%3A%2F21198%2Fz1r79jnp%2Fpt98p76c"
"Masters/sinaimasters/syr/syriac_0211/sld_syr0211_0069_f_034r.tif","69","sinai","f. 034r","Text","","ark:/21198/z1r79jnp","ark:/21198/z1r79jnp/7n87gs5g","Page","Images: Contact the Monastery of St. Catherine's of the Sinai. Metadata: Unless otherwise indicated all metadata associated with this manuscript is copyright the authors and released under Creative Commons Attribution 4.0 International License.","Sinai Syriac 211","ingested","https://iiif.sinaimanuscripts.library.ucla.edu/iiif/2/ark%3A%2F21198%2Fz1r79jnp%2F7n87gs5g"
"Masters/sinaimasters/syr/syriac_0211/sld_syr0211_0070_f_034v.tif","70","sinai","f. 034v","Text","","ark:/21198/z1r79jnp","ark:/21198/z1r79jnp/nn776g9t","Page","Images: Contact the Monastery of St. Catherine's of the Sinai. Metadata: Unless otherwise indicated all metadata associated with this manuscript is copyright the authors and released under Creative Commons Attribution 4.0 International License.","Sinai Syriac 211","ingested","https://iiif.sinaimanuscripts.library.ucla.edu/iiif/2/ark%3A%2F21198%2Fz1r79jnp%2Fnn776g9t"
"Masters/sinaimasters/syr/syriac_0211/sld_syr0211_0071_f_035r.tif","71","sinai","f. 035r","Text","","ark:/21198/z1r79jnp","ark:/21198/z1r79jnp/zw558m5q","Page","Images: Contact the Monastery of St. Catherine's of the Sinai. Metadata: Unless otherwise indicated all metadata associated with this manuscript is copyright the authors and released under Creative Commons Attribution 4.0 International License.","Sinai Syriac 211","ingested","https://iiif.sinaimanuscripts.library.ucla.edu/iiif/2/ark%3A%2F21198%2Fz1r79jnp%2Fzw558m5q"
"Masters/sinaimasters/syr/syriac_0211/sld_syr0211_0072_f_035v.tif","72","sinai","f. 035v","Text","","ark:/21198/z1r79jnp","ark:/21198/z1r79jnp/wg950z2g","Page","Images: Contact the Monastery of St. Catherine's of the Sinai. Metadata: Unless otherwise indicated all metadata associated with this manuscript is copyright the authors and released under Creative Commons Attribution 4.0 International License.","Sinai Syriac 211","ingested","https://iiif.sinaimanuscripts.library.ucla.edu/iiif/2/ark%3A%2F21198%2Fz1r79jnp%2Fwg950z2g"
"Masters/sinaimasters/syr/syriac_0211/sld_syr0211_0073_f_036r.tif","73","sinai","f. 036r","Text","","ark:/21198/z1r79jnp","ark:/21198/z1r79jnp/gb903g4s","Page","Images: Contact the Monastery of St. Catherine's of the Sinai. Metadata: Unless otherwise indicated all metadata associated with this manuscript is copyright the authors and released under Creative Commons Attribution 4.0 International License.","Sinai Syriac 211","ingested","https://iiif.sinaimanuscripts.library.ucla.edu/iiif/2/ark%3A%2F21198%2Fz1r79jnp%2Fgb903g4s"
"Masters/sinaimasters/syr/syriac_0211/sld_syr0211_0074_f_036v.tif","74","sinai","f. 036v","Text","","ark:/21198/z1r79jnp","ark:/21198/z1r79jnp/m870v97w","Page","Images: Contact the Monastery of St. Catherine's of the Sinai. Metadata: Unless otherwise indicated all metadata associated with this manuscript is copyright the authors and released under Creative Commons Attribution 4.0 International License.","Sinai Syriac 211","ingested","https://iiif.sinaimanuscripts.library.ucla.edu/iiif/2/ark%3A%2F21198%2Fz1r79jnp%2Fm870v97w"
"Masters/sinaimasters/syr/syriac_0211/sld_syr0211_0075_f_037r.tif","75","sinai","f. 037r","Text","","ark:/21198/z1r79jnp","ark:/21198/z1r79jnp/k859086q","Page","Images: Contact the Monastery of St. Catherine's of the Sinai. Metadata: Unless otherwise indicated all metadata associated with this manuscript is copyright the authors and released under Creative Commons Attribution 4.0 International License.","Sinai Syriac 211","ingested","https://iiif.sinaimanuscripts.library.ucla.edu/iiif/2/ark%3A%2F21198%2Fz1r79jnp%2Fk859086q"
"Masters/sinaimasters/syr/syriac_0211/sld_syr0211_0076_f_037v.tif","76","sinai","f. 037v","Text","","ark:/21198/z1r79jnp","ark:/21198/z1r79jnp/ds94cr3j","Page","Images: Contact the Monastery of St. Catherine's of the Sinai. Metadata: Unless otherwise indicated all metadata associated with this manuscript is copyright the authors and released under Creative Commons Attribution 4.0 International License.","Sinai Syriac 211","ingested","https://iiif.sinaimanuscripts.library.ucla.edu/iiif/2/ark%3A%2F21198%2Fz1r79jnp%2Fds94cr3j"
"Masters/sinaimasters/syr/syriac_0211/sld_syr0211_0077_f_038r.tif","77","sinai","f. 038r","Text","","ark:/21198/z1r79jnp","ark:/21198/z1r79jnp/mg53r19w","Page","Images: Contact the Monastery of St. Catherine's of the Sinai. Metadata: Unless otherwise indicated all metadata associated with this manuscript is copyright the authors and released under Creative Commons Attribution 4.0 International License.","Sinai Syriac 211","ingested","https://iiif.sinaimanuscripts.library.ucla.edu/iiif/2/ark%3A%2F21198%2Fz1r79jnp%2Fmg53r19w"
"Masters/sinaimasters/syr/syriac_0211/sld_syr0211_0078_f_038v.tif","78","sinai","f. 038v","Text","","ark:/21198/z1r79jnp","ark:/21198/z1r79jnp/2k420h4v","Page","Images: Contact the Monastery of St. Catherine's of the Sinai. Metadata: Unless otherwise indicated all metadata associated with this manuscript is copyright the authors and released under Creative Commons Attribution 4.0 International License.","Sinai Syriac 211","ingested","https://iiif.sinaimanuscripts.library.ucla.edu/iiif/2/ark%3A%2F21198%2Fz1r79jnp%2F2k420h4v"
"Masters/sinaimasters/syr/syriac_0211/sld_syr0211_0079_f_039r.tif","79","sinai","f. 039r","Text","","ark:/21198/z1r79jnp","ark:/21198/z1r79jnp/wx489776","Page","Images: Contact the Monastery of St. Catherine's of the Sinai. Metadata: Unless otherwise indicated all metadata associated with this manuscript is copyright the authors and released under Creative Commons Attribution 4.0 International License.","Sinai Syriac 211","ingested","https://iiif.sinaimanuscripts.library.ucla.edu/iiif/2/ark%3A%2F21198%2Fz1r79jnp%2Fwx489776"
"Masters/sinaimasters/syr/syriac_0211/sld_syr0211_0080_f_039v.tif","80","sinai","f. 039v","Text","","ark:/21198/z1r79jnp","ark:/21198/z1r79jnp/7147h813","Page","Images: Contact the Monastery of St. Catherine's of the Sinai. Metadata: Unless otherwise indicated all metadata associated with this manuscript is copyright the authors and released under Creative Commons Attribution 4.0 International License.","Sinai Syriac 211","ingested","https://iiif.sinaimanuscripts.library.ucla.edu/iiif/2/ark%3A%2F21198%2Fz1r79jnp%2F7147h813"
"Masters/sinaimasters/syr/syriac_0211/sld_syr0211_0081_f_040r.tif","81","sinai","f. 040r","Text","","ark:/21198/z1r79jnp","ark:/21198/z1r79jnp/w635gx7b","Page","Images: Contact the Monastery of St. Catherine's of the Sinai. Metadata: Unless otherwise indicated all metadata associated with this manuscript is copyright the authors and released under Creative Commons Attribution 4.0 International License.","Sinai Syriac 211","ingested","https://iiif.sinaimanuscripts.library.ucla.edu/iiif/2/ark%3A%2F21198%2Fz1r79jnp%2Fw635gx7b"
"Masters/sinaimasters/syr/syriac_0211/sld_syr0211_0082_f_040v.tif","82","sinai","f. 040v","Text","","ark:/21198/z1r79jnp","ark:/21198/z1r79jnp/4180zx0f","Page","Images: Contact the Monastery of St. Catherine's of the Sinai. Metadata: Unless otherwise indicated all metadata associated with this manuscript is copyright the authors and released under Creative Commons Attribution 4.0 International License.","Sinai Syriac 211","ingested","https://iiif.sinaimanuscripts.library.ucla.edu/iiif/2/ark%3A%2F21198%2Fz1r79jnp%2F4180zx0f"
"Masters/sinaimasters/syr/syriac_0211/sld_syr0211_0083_f_041r.tif","83","sinai","f. 041r","Text","","ark:/21198/z1r79jnp","ark:/21198/z1r79jnp/1h217t04","Page","Images: Contact the Monastery of St. Catherine's of the Sinai. Metadata: Unless otherwise indicated all metadata associated with this manuscript is copyright the authors and released under Creative Commons Attribution 4.0 International License.","Sinai Syriac 211","ingested","https://iiif.sinaimanuscripts.library.ucla.edu/iiif/2/ark%3A%2F21198%2Fz1r79jnp%2F1h217t04"
"Masters/sinaimasters/syr/syriac_0211/sld_syr0211_0084_f_041v.tif","84","sinai","f. 041v","Text","","ark:/21198/z1r79jnp","ark:/21198/z1r79jnp/zf94fs79","Page","Images: Contact the Monastery of St. Catherine's of the Sinai. Metadata: Unless otherwise indicated all metadata associated with this manuscript is copyright the authors and released under Creative Commons Attribution 4.0 International License.","Sinai Syriac 211","ingested","https://iiif.sinaimanuscripts.library.ucla.edu/iiif/2/ark%3A%2F21198%2Fz1r79jnp%2Fzf94fs79"
"Masters/sinaimasters/syr/syriac_0211/sld_syr0211_0085_f_042r.tif","85","sinai","f. 042r","Text","","ark:/21198/z1r79jnp","ark:/21198/z1r79jnp/gq29xj1t","Page","Images: Contact the Monastery of St. Catherine's of the Sinai. Metadata: Unless otherwise indicated all metadata associated with this manuscript is copyright the authors and released under Creative Commons Attribution 4.0 International License.","Sinai Syriac 211","ingested","https://iiif.sinaimanuscripts.library.ucla.edu/iiif/2/ark%3A%2F21198%2Fz1r79jnp%2Fgq29xj1t"
"Masters/sinaimasters/syr/syriac_0211/sld_syr0211_0086_f_042v.tif","86","sinai","f. 042v","Text","","ark:/21198/z1r79jnp","ark:/21198/z1r79jnp/s3805b9c","Page","Images: Contact the Monastery of St. Catherine's of the Sinai. Metadata: Unless otherwise indicated all metadata associated with this manuscript is copyright the authors and released under Creative Commons Attribution 4.0 International License.","Sinai Syriac 211","ingested","https://iiif.sinaimanuscripts.library.ucla.edu/iiif/2/ark%3A%2F21198%2Fz1r79jnp%2Fs3805b9c"
"Masters/sinaimasters/syr/syriac_0211/sld_syr0211_0087_f_043r.tif","87","sinai","f. 043r","Text","","ark:/21198/z1r79jnp","ark:/21198/z1r79jnp/7773zg13","Page","Images: Contact the Monastery of St. Catherine's of the Sinai. Metadata: Unless otherwise indicated all metadata associated with this manuscript is copyright the authors and released under Creative Commons Attribution 4.0 International License.","Sinai Syriac 211","ingested","https://iiif.sinaimanuscripts.library.ucla.edu/iiif/2/ark%3A%2F21198%2Fz1r79jnp%2F7773zg13"
"Masters/sinaimasters/syr/syriac_0211/sld_syr0211_0088_f_043v.tif","88","sinai","f. 043v","Text","","ark:/21198/z1r79jnp","ark:/21198/z1r79jnp/br10j46c","Page","Images: Contact the Monastery of St. Catherine's of the Sinai. Metadata: Unless otherwise indicated all metadata associated with this manuscript is copyright the authors and released under Creative Commons Attribution 4.0 International License.","Sinai Syriac 211","ingested","https://iiif.sinaimanuscripts.library.ucla.edu/iiif/2/ark%3A%2F21198%2Fz1r79jnp%2Fbr10j46c"
"Masters/sinaimasters/syr/syriac_0211/sld_syr0211_0089_f_044r.tif","89","sinai","f. 044r","Text","","ark:/21198/z1r79jnp","ark:/21198/z1r79jnp/vg76m38s","Page","Images: Contact the Monastery of St. Catherine's of the Sinai. Metadata: Unless otherwise indicated all metadata associated with this manuscript is copyright the authors and released under Creative Commons Attribution 4.0 International License.","Sinai Syriac 211","ingested","https://iiif.sinaimanuscripts.library.ucla.edu/iiif/2/ark%3A%2F21198%2Fz1r79jnp%2Fvg76m38s"
"Masters/sinaimasters/syr/syriac_0211/sld_syr0211_0090_f_044v.tif","90","sinai","f. 044v","Text","","ark:/21198/z1r79jnp","ark:/21198/z1r79jnp/r577nj5z","Page","Images: Contact the Monastery of St. Catherine's of the Sinai. Metadata: Unless otherwise indicated all metadata associated with this manuscript is copyright the authors and released under Creative Commons Attribution 4.0 International License.","Sinai Syriac 211","ingested","https://iiif.sinaimanuscripts.library.ucla.edu/iiif/2/ark%3A%2F21198%2Fz1r79jnp%2Fr577nj5z"
"Masters/sinaimasters/syr/syriac_0211/sld_syr0211_0091_f_045r.tif","91","sinai","f. 045r","Text","","ark:/21198/z1r79jnp","ark:/21198/z1r79jnp/m264084m","Page","Images: Contact the Monastery of St. Catherine's of the Sinai. Metadata: Unless otherwise indicated all metadata associated with this manuscript is copyright the authors and released under Creative Commons Attribution 4.0 International License.","Sinai Syriac 211","ingested","https://iiif.sinaimanuscripts.library.ucla.edu/iiif/2/ark%3A%2F21198%2Fz1r79jnp%2Fm264084m"
"Masters/sinaimasters/syr/syriac_0211/sld_syr0211_0092_f_045v.tif","92","sinai","f. 045v","Text","","ark:/21198/z1r79jnp","ark:/21198/z1r79jnp/8d85cf6d","Page","Images: Contact the Monastery of St. Catherine's of the Sinai. Metadata: Unless otherwise indicated all metadata associated with this manuscript is copyright the authors and released under Creative Commons Attribution 4.0 International License.","Sinai Syriac 211","ingested","https://iiif.sinaimanuscripts.library.ucla.edu/iiif/2/ark%3A%2F21198%2Fz1r79jnp%2F8d85cf6d"
"Masters/sinaimasters/syr/syriac_0211/sld_syr0211_0093_f_046r.tif","93","sinai","f. 046r","Text","","ark:/21198/z1r79jnp","ark:/21198/z1r79jnp/zw03rk7q","Page","Images: Contact the Monastery of St. Catherine's of the Sinai. Metadata: Unless otherwise indicated all metadata associated with this manuscript is copyright the authors and released under Creative Commons Attribution 4.0 International License.","Sinai Syriac 211","ingested","https://iiif.sinaimanuscripts.library.ucla.edu/iiif/2/ark%3A%2F21198%2Fz1r79jnp%2Fzw03rk7q"
"Masters/sinaimasters/syr/syriac_0211/sld_syr0211_0094_f_046v.tif","94","sinai","f. 046v","Text","","ark:/21198/z1r79jnp","ark:/21198/z1r79jnp/qb208b7h","Page","Images: Contact the Monastery of St. Catherine's of the Sinai. Metadata: Unless otherwise indicated all metadata associated with this manuscript is copyright the authors and released under Creative Commons Attribution 4.0 International License.","Sinai Syriac 211","ingested","https://iiif.sinaimanuscripts.library.ucla.edu/iiif/2/ark%3A%2F21198%2Fz1r79jnp%2Fqb208b7h"
"Masters/sinaimasters/syr/syriac_0211/sld_syr0211_0095_f_047r.tif","95","sinai","f. 047r","Text","","ark:/21198/z1r79jnp","ark:/21198/z1r79jnp/dr66d015","Page","Images: Contact the Monastery of St. Catherine's of the Sinai. Metadata: Unless otherwise indicated all metadata associated with this manuscript is copyright the authors and released under Creative Commons Attribution 4.0 International License.","Sinai Syriac 211","ingested","https://iiif.sinaimanuscripts.library.ucla.edu/iiif/2/ark%3A%2F21198%2Fz1r79jnp%2Fdr66d015"
"Masters/sinaimasters/syr/syriac_0211/sld_syr0211_0096_f_047v.tif","96","sinai","f. 047v","Text","","ark:/21198/z1r79jnp","ark:/21198/z1r79jnp/gj65ts86","Page","Images: Contact the Monastery of St. Catherine's of the Sinai. Metadata: Unless otherwise indicated all metadata associated with this manuscript is copyright the authors and released under Creative Commons Attribution 4.0 International License.","Sinai Syriac 211","ingested","https://iiif.sinaimanuscripts.library.ucla.edu/iiif/2/ark%3A%2F21198%2Fz1r79jnp%2Fgj65ts86"
"Masters/sinaimasters/syr/syriac_0211/sld_syr0211_0097_f_048r.tif","97","sinai","f. 048r","Text","","ark:/21198/z1r79jnp","ark:/21198/z1r79jnp/4296499h","Page","Images: Contact the Monastery of St. Catherine's of the Sinai. Metadata: Unless otherwise indicated all metadata associated with this manuscript is copyright the authors and released under Creative Commons Attribution 4.0 International License.","Sinai Syriac 211","ingested","https://iiif.sinaimanuscripts.library.ucla.edu/iiif/2/ark%3A%2F21198%2Fz1r79jnp%2F4296499h"
"Masters/sinaimasters/syr/syriac_0211/sld_syr0211_0098_f_048v.tif","98","sinai","f. 048v","Text","","ark:/21198/z1r79jnp","ark:/21198/z1r79jnp/mr66863q","Page","Images: Contact the Monastery of St. Catherine's of the Sinai. Metadata: Unless otherwise indicated all metadata associated with this manuscript is copyright the authors and released under Creative Commons Attribution 4.0 International License.","Sinai Syriac 211","ingested","https://iiif.sinaimanuscripts.library.ucla.edu/iiif/2/ark%3A%2F21198%2Fz1r79jnp%2Fmr66863q"
"Masters/sinaimasters/syr/syriac_0211/sld_syr0211_0099_f_049r.tif","99","sinai","f. 049r","Text","","ark:/21198/z1r79jnp","ark:/21198/z1r79jnp/w263dt6p","Page","Images: Contact the Monastery of St. Catherine's of the Sinai. Metadata: Unless otherwise indicated all metadata associated with this manuscript is copyright the authors and released under Creative Commons Attribution 4.0 International License.","Sinai Syriac 211","ingested","https://iiif.sinaimanuscripts.library.ucla.edu/iiif/2/ark%3A%2F21198%2Fz1r79jnp%2Fw263dt6p"
"Masters/sinaimasters/syr/syriac_0211/sld_syr0211_0100_f_049v.tif","100","sinai","f. 049v","Text","","ark:/21198/z1r79jnp","ark:/21198/z1r79jnp/9t44b85k","Page","Images: Contact the Monastery of St. Catherine's of the Sinai. Metadata: Unless otherwise indicated all metadata associated with this manuscript is copyright the authors and released under Creative Commons Attribution 4.0 International License.","Sinai Syriac 211","ingested","https://iiif.sinaimanuscripts.library.ucla.edu/iiif/2/ark%3A%2F21198%2Fz1r79jnp%2F9t44b85k"
"Masters/sinaimasters/syr/syriac_0211/sld_syr0211_0101_f_050r.tif","101","sinai","f. 050r","Text","","ark:/21198/z1r79jnp","ark:/21198/z1r79jnp/n453g21r","Page","Images: Contact the Monastery of St. Catherine's of the Sinai. Metadata: Unless otherwise indicated all metadata associated with this manuscript is copyright the authors and released under Creative Commons Attribution 4.0 International License.","Sinai Syriac 211","ingested","https://iiif.sinaimanuscripts.library.ucla.edu/iiif/2/ark%3A%2F21198%2Fz1r79jnp%2Fn453g21r"
"Masters/sinaimasters/syr/syriac_0211/sld_syr0211_0102_f_050v.tif","102","sinai","f. 050v","Text","","ark:/21198/z1r79jnp","ark:/21198/z1r79jnp/1r10km15","Page","Images: Contact the Monastery of St. Catherine's of the Sinai. Metadata: Unless otherwise indicated all metadata associated with this manuscript is copyright the authors and released under Creative Commons Attribution 4.0 International License.","Sinai Syriac 211","ingested","https://iiif.sinaimanuscripts.library.ucla.edu/iiif/2/ark%3A%2F21198%2Fz1r79jnp%2F1r10km15"
"Masters/sinaimasters/syr/syriac_0211/sld_syr0211_0103_f_051r.tif","103","sinai","f. 051r","Text","","ark:/21198/z1r79jnp","ark:/21198/z1r79jnp/jb49n82c","Page","Images: Contact the Monastery of St. Catherine's of the Sinai. Metadata: Unless otherwise indicated all metadata associated with this manuscript is copyright the authors and released under Creative Commons Attribution 4.0 International License.","Sinai Syriac 211","ingested","https://iiif.sinaimanuscripts.library.ucla.edu/iiif/2/ark%3A%2F21198%2Fz1r79jnp%2Fjb49n82c"
"Masters/sinaimasters/syr/syriac_0211/sld_syr0211_0104_f_051v.tif","104","sinai","f. 051v","Text","","ark:/21198/z1r79jnp","ark:/21198/z1r79jnp/qd232z0s","Page","Images: Contact the Monastery of St. Catherine's of the Sinai. Metadata: Unless otherwise indicated all metadata associated with this manuscript is copyright the authors and released under Creative Commons Attribution 4.0 International License.","Sinai Syriac 211","ingested","https://iiif.sinaimanuscripts.library.ucla.edu/iiif/2/ark%3A%2F21198%2Fz1r79jnp%2Fqd232z0s"
"Masters/sinaimasters/syr/syriac_0211/sld_syr0211_0105_f_052r.tif","105","sinai","f. 052r","Text","","ark:/21198/z1r79jnp","ark:/21198/z1r79jnp/mg21kc7w","Page","Images: Contact the Monastery of St. Catherine's of the Sinai. Metadata: Unless otherwise indicated all metadata associated with this manuscript is copyright the authors and released under Creative Commons Attribution 4.0 International License.","Sinai Syriac 211","ingested","https://iiif.sinaimanuscripts.library.ucla.edu/iiif/2/ark%3A%2F21198%2Fz1r79jnp%2Fmg21kc7w"
"Masters/sinaimasters/syr/syriac_0211/sld_syr0211_0106_f_052v.tif","106","sinai","f. 052v","Text","","ark:/21198/z1r79jnp","ark:/21198/z1r79jnp/7521bk8p","Page","Images: Contact the Monastery of St. Catherine's of the Sinai. Metadata: Unless otherwise indicated all metadata associated with this manuscript is copyright the authors and released under Creative Commons Attribution 4.0 International License.","Sinai Syriac 211","ingested","https://iiif.sinaimanuscripts.library.ucla.edu/iiif/2/ark%3A%2F21198%2Fz1r79jnp%2F7521bk8p"
"Masters/sinaimasters/syr/syriac_0211/sld_syr0211_0107_f_053r.tif","107","sinai","f. 053r","Text","","ark:/21198/z1r79jnp","ark:/21198/z1r79jnp/k962jq29","Page","Images: Contact the Monastery of St. Catherine's of the Sinai. Metadata: Unless otherwise indicated all metadata associated with this manuscript is copyright the authors and released under Creative Commons Attribution 4.0 International License.","Sinai Syriac 211","ingested","https://iiif.sinaimanuscripts.library.ucla.edu/iiif/2/ark%3A%2F21198%2Fz1r79jnp%2Fk962jq29"
"Masters/sinaimasters/syr/syriac_0211/sld_syr0211_0108_f_053v.tif","108","sinai","f. 053v","Text","","ark:/21198/z1r79jnp","ark:/21198/z1r79jnp/fg14446f","Page","Images: Contact the Monastery of St. Catherine's of the Sinai. Metadata: Unless otherwise indicated all metadata associated with this manuscript is copyright the authors and released under Creative Commons Attribution 4.0 International License.","Sinai Syriac 211","ingested","https://iiif.sinaimanuscripts.library.ucla.edu/iiif/2/ark%3A%2F21198%2Fz1r79jnp%2Ffg14446f"
"Masters/sinaimasters/syr/syriac_0211/sld_syr0211_0109_f_054r.tif","109","sinai","f. 054r","Text","","ark:/21198/z1r79jnp","ark:/21198/z1r79jnp/7n56fs7r","Page","Images: Contact the Monastery of St. Catherine's of the Sinai. Metadata: Unless otherwise indicated all metadata associated with this manuscript is copyright the authors and released under Creative Commons Attribution 4.0 International License.","Sinai Syriac 211","ingested","https://iiif.sinaimanuscripts.library.ucla.edu/iiif/2/ark%3A%2F21198%2Fz1r79jnp%2F7n56fs7r"
"Masters/sinaimasters/syr/syriac_0211/sld_syr0211_0110_f_054v.tif","110","sinai","f. 054v","Text","","ark:/21198/z1r79jnp","ark:/21198/z1r79jnp/r378605z","Page","Images: Contact the Monastery of St. Catherine's of the Sinai. Metadata: Unless otherwise indicated all metadata associated with this manuscript is copyright the authors and released under Creative Commons Attribution 4.0 International License.","Sinai Syriac 211","ingested","https://iiif.sinaimanuscripts.library.ucla.edu/iiif/2/ark%3A%2F21198%2Fz1r79jnp%2Fr378605z"
"Masters/sinaimasters/syr/syriac_0211/sld_syr0211_0111_f_055r.tif","111","sinai","f. 055r","Text","","ark:/21198/z1r79jnp","ark:/21198/z1r79jnp/r3593b52","Page","Images: Contact the Monastery of St. Catherine's of the Sinai. Metadata: Unless otherwise indicated all metadata associated with this manuscript is copyright the authors and released under Creative Commons Attribution 4.0 International License.","Sinai Syriac 211","ingested","https://iiif.sinaimanuscripts.library.ucla.edu/iiif/2/ark%3A%2F21198%2Fz1r79jnp%2Fr3593b52"
"Masters/sinaimasters/syr/syriac_0211/sld_syr0211_0112_f_055v.tif","112","sinai","f. 055v","Text","","ark:/21198/z1r79jnp","ark:/21198/z1r79jnp/9x52zp07","Page","Images: Contact the Monastery of St. Catherine's of the Sinai. Metadata: Unless otherwise indicated all metadata associated with this manuscript is copyright the authors and released under Creative Commons Attribution 4.0 International License.","Sinai Syriac 211","ingested","https://iiif.sinaimanuscripts.library.ucla.edu/iiif/2/ark%3A%2F21198%2Fz1r79jnp%2F9x52zp07"
"Masters/sinaimasters/syr/syriac_0211/sld_syr0211_0113_f_056r.tif","113","sinai","f. 056r","Text","","ark:/21198/z1r79jnp","ark:/21198/z1r79jnp/sr378129","Page","Images: Contact the Monastery of St. Catherine's of the Sinai. Metadata: Unless otherwise indicated all metadata associated with this manuscript is copyright the authors and released under Creative Commons Attribution 4.0 International License.","Sinai Syriac 211","ingested","https://iiif.sinaimanuscripts.library.ucla.edu/iiif/2/ark%3A%2F21198%2Fz1r79jnp%2Fsr378129"
"Masters/sinaimasters/syr/syriac_0211/sld_syr0211_0114_f_056v.tif","114","sinai","f. 056v","Text","","ark:/21198/z1r79jnp","ark:/21198/z1r79jnp/pj42vw8j","Page","Images: Contact the Monastery of St. Catherine's of the Sinai. Metadata: Unless otherwise indicated all metadata associated with this manuscript is copyright the authors and released under Creative Commons Attribution 4.0 International License.","Sinai Syriac 211","ingested","https://iiif.sinaimanuscripts.library.ucla.edu/iiif/2/ark%3A%2F21198%2Fz1r79jnp%2Fpj42vw8j"
"Masters/sinaimasters/syr/syriac_0211/sld_syr0211_0115_f_057r.tif","115","sinai","f. 057r","Text","","ark:/21198/z1r79jnp","ark:/21198/z1r79jnp/r199rn6x","Page","Images: Contact the Monastery of St. Catherine's of the Sinai. Metadata: Unless otherwise indicated all metadata associated with this manuscript is copyright the authors and released under Creative Commons Attribution 4.0 International License.","Sinai Syriac 211","ingested","https://iiif.sinaimanuscripts.library.ucla.edu/iiif/2/ark%3A%2F21198%2Fz1r79jnp%2Fr199rn6x"
"Masters/sinaimasters/syr/syriac_0211/sld_syr0211_0116_f_057v.tif","116","sinai","f. 057v","Text","","ark:/21198/z1r79jnp","ark:/21198/z1r79jnp/kc92603s","Page","Images: Contact the Monastery of St. Catherine's of the Sinai. Metadata: Unless otherwise indicated all metadata associated with this manuscript is copyright the authors and released under Creative Commons Attribution 4.0 International License.","Sinai Syriac 211","ingested","https://iiif.sinaimanuscripts.library.ucla.edu/iiif/2/ark%3A%2F21198%2Fz1r79jnp%2Fkc92603s"
"Masters/sinaimasters/syr/syriac_0211/sld_syr0211_0117_f_058r.tif","117","sinai","f. 058r","Text","","ark:/21198/z1r79jnp","ark:/21198/z1r79jnp/fv22wq72","Page","Images: Contact the Monastery of St. Catherine's of the Sinai. Metadata: Unless otherwise indicated all metadata associated with this manuscript is copyright the authors and released under Creative Commons Attribution 4.0 International License.","Sinai Syriac 211","ingested","https://iiif.sinaimanuscripts.library.ucla.edu/iiif/2/ark%3A%2F21198%2Fz1r79jnp%2Ffv22wq72"
"Masters/sinaimasters/syr/syriac_0211/sld_syr0211_0118_f_058v.tif","118","sinai","f. 058v","Text","","ark:/21198/z1r79jnp","ark:/21198/z1r79jnp/hr77818w","Page","Images: Contact the Monastery of St. Catherine's of the Sinai. Metadata: Unless otherwise indicated all metadata associated with this manuscript is copyright the authors and released under Creative Commons Attribution 4.0 International License.","Sinai Syriac 211","ingested","https://iiif.sinaimanuscripts.library.ucla.edu/iiif/2/ark%3A%2F21198%2Fz1r79jnp%2Fhr77818w"
"Masters/sinaimasters/syr/syriac_0211/sld_syr0211_0119_f_059r.tif","119","sinai","f. 059r","Text","","ark:/21198/z1r79jnp","ark:/21198/z1r79jnp/9s31hj1b","Page","Images: Contact the Monastery of St. Catherine's of the Sinai. Metadata: Unless otherwise indicated all metadata associated with this manuscript is copyright the authors and released under Creative Commons Attribution 4.0 International License.","Sinai Syriac 211","ingested","https://iiif.sinaimanuscripts.library.ucla.edu/iiif/2/ark%3A%2F21198%2Fz1r79jnp%2F9s31hj1b"
"Masters/sinaimasters/syr/syriac_0211/sld_syr0211_0120_f_059v.tif","120","sinai","f. 059v","Text","","ark:/21198/z1r79jnp","ark:/21198/z1r79jnp/42221d06","Page","Images: Contact the Monastery of St. Catherine's of the Sinai. Metadata: Unless otherwise indicated all metadata associated with this manuscript is copyright the authors and released under Creative Commons Attribution 4.0 International License.","Sinai Syriac 211","ingested","https://iiif.sinaimanuscripts.library.ucla.edu/iiif/2/ark%3A%2F21198%2Fz1r79jnp%2F42221d06"
"Masters/sinaimasters/syr/syriac_0211/sld_syr0211_0121_f_060r.tif","121","sinai","f. 060r","Text","","ark:/21198/z1r79jnp","ark:/21198/z1r79jnp/x9758t28","Page","Images: Contact the Monastery of St. Catherine's of the Sinai. Metadata: Unless otherwise indicated all metadata associated with this manuscript is copyright the authors and released under Creative Commons Attribution 4.0 International License.","Sinai Syriac 211","ingested","https://iiif.sinaimanuscripts.library.ucla.edu/iiif/2/ark%3A%2F21198%2Fz1r79jnp%2Fx9758t28"
"Masters/sinaimasters/syr/syriac_0211/sld_syr0211_0122_f_060v.tif","122","sinai","f. 060v","Text","","ark:/21198/z1r79jnp","ark:/21198/z1r79jnp/v196xq2c","Page","Images: Contact the Monastery of St. Catherine's of the Sinai. Metadata: Unless otherwise indicated all metadata associated with this manuscript is copyright the authors and released under Creative Commons Attribution 4.0 International License.","Sinai Syriac 211","ingested","https://iiif.sinaimanuscripts.library.ucla.edu/iiif/2/ark%3A%2F21198%2Fz1r79jnp%2Fv196xq2c"
"Masters/sinaimasters/syr/syriac_0211/sld_syr0211_0123_f_061r.tif","123","sinai","f. 061r","Text","","ark:/21198/z1r79jnp","ark:/21198/z1r79jnp/25901p24","Page","Images: Contact the Monastery of St. Catherine's of the Sinai. Metadata: Unless otherwise indicated all metadata associated with this manuscript is copyright the authors and released under Creative Commons Attribution 4.0 International License.","Sinai Syriac 211","ingested","https://iiif.sinaimanuscripts.library.ucla.edu/iiif/2/ark%3A%2F21198%2Fz1r79jnp%2F25901p24"
"Masters/sinaimasters/syr/syriac_0211/sld_syr0211_0124_f_061v.tif","124","sinai","f. 061v","Text","","ark:/21198/z1r79jnp","ark:/21198/z1r79jnp/fd68jv9p","Page","Images: Contact the Monastery of St. Catherine's of the Sinai. Metadata: Unless otherwise indicated all metadata associated with this manuscript is copyright the authors and released under Creative Commons Attribution 4.0 International License.","Sinai Syriac 211","ingested","https://iiif.sinaimanuscripts.library.ucla.edu/iiif/2/ark%3A%2F21198%2Fz1r79jnp%2Ffd68jv9p"
"Masters/sinaimasters/syr/syriac_0211/sld_syr0211_0125_f_062r.tif","125","sinai","f. 062r","Text","","ark:/21198/z1r79jnp","ark:/21198/z1r79jnp/pk229g9t","Page","Images: Contact the Monastery of St. Catherine's of the Sinai. Metadata: Unless otherwise indicated all metadata associated with this manuscript is copyright the authors and released under Creative Commons Attribution 4.0 International License.","Sinai Syriac 211","ingested","https://iiif.sinaimanuscripts.library.ucla.edu/iiif/2/ark%3A%2F21198%2Fz1r79jnp%2Fpk229g9t"
"Masters/sinaimasters/syr/syriac_0211/sld_syr0211_0126_f_062v.tif","126","sinai","f. 062v","Text","","ark:/21198/z1r79jnp","ark:/21198/z1r79jnp/9567qf2x","Page","Images: Contact the Monastery of St. Catherine's of the Sinai. Metadata: Unless otherwise indicated all metadata associated with this manuscript is copyright the authors and released under Creative Commons Attribution 4.0 International License.","Sinai Syriac 211","ingested","https://iiif.sinaimanuscripts.library.ucla.edu/iiif/2/ark%3A%2F21198%2Fz1r79jnp%2F9567qf2x"
"Masters/sinaimasters/syr/syriac_0211/sld_syr0211_0127_f_063r.tif","127","sinai","f. 063r","Text","","ark:/21198/z1r79jnp","ark:/21198/z1r79jnp/gs24z028","Page","Images: Contact the Monastery of St. Catherine's of the Sinai. Metadata: Unless otherwise indicated all metadata associated with this manuscript is copyright the authors and released under Creative Commons Attribution 4.0 International License.","Sinai Syriac 211","ingested","https://iiif.sinaimanuscripts.library.ucla.edu/iiif/2/ark%3A%2F21198%2Fz1r79jnp%2Fgs24z028"
"Masters/sinaimasters/syr/syriac_0211/sld_syr0211_0128_f_063v.tif","128","sinai","f. 063v","Text","","ark:/21198/z1r79jnp","ark:/21198/z1r79jnp/mh607m31","Page","Images: Contact the Monastery of St. Catherine's of the Sinai. Metadata: Unless otherwise indicated all metadata associated with this manuscript is copyright the authors and released under Creative Commons Attribution 4.0 International License.","Sinai Syriac 211","ingested","https://iiif.sinaimanuscripts.library.ucla.edu/iiif/2/ark%3A%2F21198%2Fz1r79jnp%2Fmh607m31"
"Masters/sinaimasters/syr/syriac_0211/sld_syr0211_0129_f_064r.tif","129","sinai","f. 064r","Text","","ark:/21198/z1r79jnp","ark:/21198/z1r79jnp/mx80zv8p","Page","Images: Contact the Monastery of St. Catherine's of the Sinai. Metadata: Unless otherwise indicated all metadata associated with this manuscript is copyright the authors and released under Creative Commons Attribution 4.0 International License.","Sinai Syriac 211","ingested","https://iiif.sinaimanuscripts.library.ucla.edu/iiif/2/ark%3A%2F21198%2Fz1r79jnp%2Fmx80zv8p"
"Masters/sinaimasters/syr/syriac_0211/sld_syr0211_0130_f_064v.tif","130","sinai","f. 064v","Text","","ark:/21198/z1r79jnp","ark:/21198/z1r79jnp/dg19c19k","Page","Images: Contact the Monastery of St. Catherine's of the Sinai. Metadata: Unless otherwise indicated all metadata associated with this manuscript is copyright the authors and released under Creative Commons Attribution 4.0 International License.","Sinai Syriac 211","ingested","https://iiif.sinaimanuscripts.library.ucla.edu/iiif/2/ark%3A%2F21198%2Fz1r79jnp%2Fdg19c19k"
"Masters/sinaimasters/syr/syriac_0211/sld_syr0211_0131_f_065r.tif","131","sinai","f. 065r","Text","","ark:/21198/z1r79jnp","ark:/21198/z1r79jnp/9k893v14","Page","Images: Contact the Monastery of St. Catherine's of the Sinai. Metadata: Unless otherwise indicated all metadata associated with this manuscript is copyright the authors and released under Creative Commons Attribution 4.0 International License.","Sinai Syriac 211","ingested","https://iiif.sinaimanuscripts.library.ucla.edu/iiif/2/ark%3A%2F21198%2Fz1r79jnp%2F9k893v14"
"Masters/sinaimasters/syr/syriac_0211/sld_syr0211_0132_f_065v.tif","132","sinai","f. 065v","Text","","ark:/21198/z1r79jnp","ark:/21198/z1r79jnp/5m449780","Page","Images: Contact the Monastery of St. Catherine's of the Sinai. Metadata: Unless otherwise indicated all metadata associated with this manuscript is copyright the authors and released under Creative Commons Attribution 4.0 International License.","Sinai Syriac 211","ingested","https://iiif.sinaimanuscripts.library.ucla.edu/iiif/2/ark%3A%2F21198%2Fz1r79jnp%2F5m449780"
"Masters/sinaimasters/syr/syriac_0211/sld_syr0211_0133_f_066r.tif","133","sinai","f. 066r","Text","","ark:/21198/z1r79jnp","ark:/21198/z1r79jnp/8d09186h","Page","Images: Contact the Monastery of St. Catherine's of the Sinai. Metadata: Unless otherwise indicated all metadata associated with this manuscript is copyright the authors and released under Creative Commons Attribution 4.0 International License.","Sinai Syriac 211","ingested","https://iiif.sinaimanuscripts.library.ucla.edu/iiif/2/ark%3A%2F21198%2Fz1r79jnp%2F8d09186h"
"Masters/sinaimasters/syr/syriac_0211/sld_syr0211_0134_f_066v.tif","134","sinai","f. 066v","Text","","ark:/21198/z1r79jnp","ark:/21198/z1r79jnp/gf236f2f","Page","Images: Contact the Monastery of St. Catherine's of the Sinai. Metadata: Unless otherwise indicated all metadata associated with this manuscript is copyright the authors and released under Creative Commons Attribution 4.0 International License.","Sinai Syriac 211","ingested","https://iiif.sinaimanuscripts.library.ucla.edu/iiif/2/ark%3A%2F21198%2Fz1r79jnp%2Fgf236f2f"
"Masters/sinaimasters/syr/syriac_0211/sld_syr0211_0135_f_067r.tif","135","sinai","f. 067r","Text","","ark:/21198/z1r79jnp","ark:/21198/z1r79jnp/zn47qt5j","Page","Images: Contact the Monastery of St. Catherine's of the Sinai. Metadata: Unless otherwise indicated all metadata associated with this manuscript is copyright the authors and released under Creative Commons Attribution 4.0 International License.","Sinai Syriac 211","ingested","https://iiif.sinaimanuscripts.library.ucla.edu/iiif/2/ark%3A%2F21198%2Fz1r79jnp%2Fzn47qt5j"
"Masters/sinaimasters/syr/syriac_0211/sld_syr0211_0136_f_067v.tif","136","sinai","f. 067v","Text","","ark:/21198/z1r79jnp","ark:/21198/z1r79jnp/3r880w61","Page","Images: Contact the Monastery of St. Catherine's of the Sinai. Metadata: Unless otherwise indicated all metadata associated with this manuscript is copyright the authors and released under Creative Commons Attribution 4.0 International License.","Sinai Syriac 211","ingested","https://iiif.sinaimanuscripts.library.ucla.edu/iiif/2/ark%3A%2F21198%2Fz1r79jnp%2F3r880w61"
"Masters/sinaimasters/syr/syriac_0211/sld_syr0211_0137_f_068r.tif","137","sinai","f. 068r","Text","","ark:/21198/z1r79jnp","ark:/21198/z1r79jnp/s327m149","Page","Images: Contact the Monastery of St. Catherine's of the Sinai. Metadata: Unless otherwise indicated all metadata associated with this manuscript is copyright the authors and released under Creative Commons Attribution 4.0 International License.","Sinai Syriac 211","ingested","https://iiif.sinaimanuscripts.library.ucla.edu/iiif/2/ark%3A%2F21198%2Fz1r79jnp%2Fs327m149"
"Masters/sinaimasters/syr/syriac_0211/sld_syr0211_0138_f_068v.tif","138","sinai","f. 068v","Text","","ark:/21198/z1r79jnp","ark:/21198/z1r79jnp/86922b4b","Page","Images: Contact the Monastery of St. Catherine's of the Sinai. Metadata: Unless otherwise indicated all metadata associated with this manuscript is copyright the authors and released under Creative Commons Attribution 4.0 International License.","Sinai Syriac 211","ingested","https://iiif.sinaimanuscripts.library.ucla.edu/iiif/2/ark%3A%2F21198%2Fz1r79jnp%2F86922b4b"
"Masters/sinaimasters/syr/syriac_0211/sld_syr0211_0139_f_069r.tif","139","sinai","f. 069r","Text","","ark:/21198/z1r79jnp","ark:/21198/z1r79jnp/fg39wb83","Page","Images: Contact the Monastery of St. Catherine's of the Sinai. Metadata: Unless otherwise indicated all metadata associated with this manuscript is copyright the authors and released under Creative Commons Attribution 4.0 International License.","Sinai Syriac 211","ingested","https://iiif.sinaimanuscripts.library.ucla.edu/iiif/2/ark%3A%2F21198%2Fz1r79jnp%2Ffg39wb83"
"Masters/sinaimasters/syr/syriac_0211/sld_syr0211_0140_f_069v.tif","140","sinai","f. 069v","Text","","ark:/21198/z1r79jnp","ark:/21198/z1r79jnp/fh039w50","Page","Images: Contact the Monastery of St. Catherine's of the Sinai. Metadata: Unless otherwise indicated all metadata associated with this manuscript is copyright the authors and released under Creative Commons Attribution 4.0 International License.","Sinai Syriac 211","ingested","https://iiif.sinaimanuscripts.library.ucla.edu/iiif/2/ark%3A%2F21198%2Fz1r79jnp%2Ffh039w50"
"Masters/sinaimasters/syr/syriac_0211/sld_syr0211_0141_f_070r.tif","141","sinai","f. 070r","Text","","ark:/21198/z1r79jnp","ark:/21198/z1r79jnp/xw67zs8x","Page","Images: Contact the Monastery of St. Catherine's of the Sinai. Metadata: Unless otherwise indicated all metadata associated with this manuscript is copyright the authors and released under Creative Commons Attribution 4.0 International License.","Sinai Syriac 211","ingested","https://iiif.sinaimanuscripts.library.ucla.edu/iiif/2/ark%3A%2F21198%2Fz1r79jnp%2Fxw67zs8x"
"Masters/sinaimasters/syr/syriac_0211/sld_syr0211_0142_f_070v.tif","142","sinai","f. 070v","Text","","ark:/21198/z1r79jnp","ark:/21198/z1r79jnp/dh66cr1h","Page","Images: Contact the Monastery of St. Catherine's of the Sinai. Metadata: Unless otherwise indicated all metadata associated with this manuscript is copyright the authors and released under Creative Commons Attribution 4.0 International License.","Sinai Syriac 211","ingested","https://iiif.sinaimanuscripts.library.ucla.edu/iiif/2/ark%3A%2F21198%2Fz1r79jnp%2Fdh66cr1h"
"Masters/sinaimasters/syr/syriac_0211/sld_syr0211_0143_f_071r.tif","143","sinai","f. 071r","Text","","ark:/21198/z1r79jnp","ark:/21198/z1r79jnp/6t08x16j","Page","Images: Contact the Monastery of St. Catherine's of the Sinai. Metadata: Unless otherwise indicated all metadata associated with this manuscript is copyright the authors and released under Creative Commons Attribution 4.0 International License.","Sinai Syriac 211","ingested","https://iiif.sinaimanuscripts.library.ucla.edu/iiif/2/ark%3A%2F21198%2Fz1r79jnp%2F6t08x16j"
"Masters/sinaimasters/syr/syriac_0211/sld_syr0211_0144_f_071v.tif","144","sinai","f. 071v","Text","","ark:/21198/z1r79jnp","ark:/21198/z1r79jnp/0t230j8c","Page","Images: Contact the Monastery of St. Catherine's of the Sinai. Metadata: Unless otherwise indicated all metadata associated with this manuscript is copyright the authors and released under Creative Commons Attribution 4.0 International License.","Sinai Syriac 211","ingested","https://iiif.sinaimanuscripts.library.ucla.edu/iiif/2/ark%3A%2F21198%2Fz1r79jnp%2F0t230j8c"
"Masters/sinaimasters/syr/syriac_0211/sld_syr0211_0145_f_072r.tif","145","sinai","f. 072r","Text","","ark:/21198/z1r79jnp","ark:/21198/z1r79jnp/b174bb43","Page","Images: Contact the Monastery of St. Catherine's of the Sinai. Metadata: Unless otherwise indicated all metadata associated with this manuscript is copyright the authors and released under Creative Commons Attribution 4.0 International License.","Sinai Syriac 211","ingested","https://iiif.sinaimanuscripts.library.ucla.edu/iiif/2/ark%3A%2F21198%2Fz1r79jnp%2Fb174bb43"
"Masters/sinaimasters/syr/syriac_0211/sld_syr0211_0146_f_072v.tif","146","sinai","f. 072v","Text","","ark:/21198/z1r79jnp","ark:/21198/z1r79jnp/sj347t0n","Page","Images: Contact the Monastery of St. Catherine's of the Sinai. Metadata: Unless otherwise indicated all metadata associated with this manuscript is copyright the authors and released under Creative Commons Attribution 4.0 International License.","Sinai Syriac 211","ingested","https://iiif.sinaimanuscripts.library.ucla.edu/iiif/2/ark%3A%2F21198%2Fz1r79jnp%2Fsj347t0n"
"Masters/sinaimasters/syr/syriac_0211/sld_syr0211_0147_f_073r.tif","147","sinai","f. 073r","Text","","ark:/21198/z1r79jnp","ark:/21198/z1r79jnp/mg28hn6t","Page","Images: Contact the Monastery of St. Catherine's of the Sinai. Metadata: Unless otherwise indicated all metadata associated with this manuscript is copyright the authors and released under Creative Commons Attribution 4.0 International License.","Sinai Syriac 211","ingested","https://iiif.sinaimanuscripts.library.ucla.edu/iiif/2/ark%3A%2F21198%2Fz1r79jnp%2Fmg28hn6t"
"Masters/sinaimasters/syr/syriac_0211/sld_syr0211_0148_f_073v.tif","148","sinai","f. 073v","Text","","ark:/21198/z1r79jnp","ark:/21198/z1r79jnp/pd61mq28","Page","Images: Contact the Monastery of St. Catherine's of the Sinai. Metadata: Unless otherwise indicated all metadata associated with this manuscript is copyright the authors and released under Creative Commons Attribution 4.0 International License.","Sinai Syriac 211","ingested","https://iiif.sinaimanuscripts.library.ucla.edu/iiif/2/ark%3A%2F21198%2Fz1r79jnp%2Fpd61mq28"
"Masters/sinaimasters/syr/syriac_0211/sld_syr0211_0149_f_074r.tif","149","sinai","f. 074r","Text","","ark:/21198/z1r79jnp","ark:/21198/z1r79jnp/x070gv49","Page","Images: Contact the Monastery of St. Catherine's of the Sinai. Metadata: Unless otherwise indicated all metadata associated with this manuscript is copyright the authors and released under Creative Commons Attribution 4.0 International License.","Sinai Syriac 211","ingested","https://iiif.sinaimanuscripts.library.ucla.edu/iiif/2/ark%3A%2F21198%2Fz1r79jnp%2Fx070gv49"
"Masters/sinaimasters/syr/syriac_0211/sld_syr0211_0150_f_074v.tif","150","sinai","f. 074v","Text","","ark:/21198/z1r79jnp","ark:/21198/z1r79jnp/cr08hn95","Page","Images: Contact the Monastery of St. Catherine's of the Sinai. Metadata: Unless otherwise indicated all metadata associated with this manuscript is copyright the authors and released under Creative Commons Attribution 4.0 International License.","Sinai Syriac 211","ingested","https://iiif.sinaimanuscripts.library.ucla.edu/iiif/2/ark%3A%2F21198%2Fz1r79jnp%2Fcr08hn95"
"Masters/sinaimasters/syr/syriac_0211/sld_syr0211_0151_f_075r.tif","151","sinai","f. 075r","Text","","ark:/21198/z1r79jnp","ark:/21198/z1r79jnp/dh87wt1v","Page","Images: Contact the Monastery of St. Catherine's of the Sinai. Metadata: Unless otherwise indicated all metadata associated with this manuscript is copyright the authors and released under Creative Commons Attribution 4.0 International License.","Sinai Syriac 211","ingested","https://iiif.sinaimanuscripts.library.ucla.edu/iiif/2/ark%3A%2F21198%2Fz1r79jnp%2Fdh87wt1v"
"Masters/sinaimasters/syr/syriac_0211/sld_syr0211_0152_f_075v.tif","152","sinai","f. 075v","Text","","ark:/21198/z1r79jnp","ark:/21198/z1r79jnp/tp91387r","Page","Images: Contact the Monastery of St. Catherine's of the Sinai. Metadata: Unless otherwise indicated all metadata associated with this manuscript is copyright the authors and released under Creative Commons Attribution 4.0 International License.","Sinai Syriac 211","ingested","https://iiif.sinaimanuscripts.library.ucla.edu/iiif/2/ark%3A%2F21198%2Fz1r79jnp%2Ftp91387r"
"Masters/sinaimasters/syr/syriac_0211/sld_syr0211_0153_f_076r.tif","153","sinai","f. 076r","Text","","ark:/21198/z1r79jnp","ark:/21198/z1r79jnp/7m91zn4r","Page","Images: Contact the Monastery of St. Catherine's of the Sinai. Metadata: Unless otherwise indicated all metadata associated with this manuscript is copyright the authors and released under Creative Commons Attribution 4.0 International License.","Sinai Syriac 211","ingested","https://iiif.sinaimanuscripts.library.ucla.edu/iiif/2/ark%3A%2F21198%2Fz1r79jnp%2F7m91zn4r"
"Masters/sinaimasters/syr/syriac_0211/sld_syr0211_0154_f_076v.tif","154","sinai","f. 076v","Text","","ark:/21198/z1r79jnp","ark:/21198/z1r79jnp/nx84xn6c","Page","Images: Contact the Monastery of St. Catherine's of the Sinai. Metadata: Unless otherwise indicated all metadata associated with this manuscript is copyright the authors and released under Creative Commons Attribution 4.0 International License.","Sinai Syriac 211","ingested","https://iiif.sinaimanuscripts.library.ucla.edu/iiif/2/ark%3A%2F21198%2Fz1r79jnp%2Fnx84xn6c"
"Masters/sinaimasters/syr/syriac_0211/sld_syr0211_0155_f_077r.tif","155","sinai","f. 077r","Text","","ark:/21198/z1r79jnp","ark:/21198/z1r79jnp/xf747463","Page","Images: Contact the Monastery of St. Catherine's of the Sinai. Metadata: Unless otherwise indicated all metadata associated with this manuscript is copyright the authors and released under Creative Commons Attribution 4.0 International License.","Sinai Syriac 211","ingested","https://iiif.sinaimanuscripts.library.ucla.edu/iiif/2/ark%3A%2F21198%2Fz1r79jnp%2Fxf747463"
"Masters/sinaimasters/syr/syriac_0211/sld_syr0211_0156_f_077v.tif","156","sinai","f. 077v","Text","","ark:/21198/z1r79jnp","ark:/21198/z1r79jnp/fh93r406","Page","Images: Contact the Monastery of St. Catherine's of the Sinai. Metadata: Unless otherwise indicated all metadata associated with this manuscript is copyright the authors and released under Creative Commons Attribution 4.0 International License.","Sinai Syriac 211","ingested","https://iiif.sinaimanuscripts.library.ucla.edu/iiif/2/ark%3A%2F21198%2Fz1r79jnp%2Ffh93r406"
"Masters/sinaimasters/syr/syriac_0211/sld_syr0211_0157_f_078r.tif","157","sinai","f. 078r","Text","","ark:/21198/z1r79jnp","ark:/21198/z1r79jnp/3h47nj54","Page","Images: Contact the Monastery of St. Catherine's of the Sinai. Metadata: Unless otherwise indicated all metadata associated with this manuscript is copyright the authors and released under Creative Commons Attribution 4.0 International License.","Sinai Syriac 211","ingested","https://iiif.sinaimanuscripts.library.ucla.edu/iiif/2/ark%3A%2F21198%2Fz1r79jnp%2F3h47nj54"
"Masters/sinaimasters/syr/syriac_0211/sld_syr0211_0158_f_078v.tif","158","sinai","f. 078v","Text","","ark:/21198/z1r79jnp","ark:/21198/z1r79jnp/n225sb56","Page","Images: Contact the Monastery of St. Catherine's of the Sinai. Metadata: Unless otherwise indicated all metadata associated with this manuscript is copyright the authors and released under Creative Commons Attribution 4.0 International License.","Sinai Syriac 211","ingested","https://iiif.sinaimanuscripts.library.ucla.edu/iiif/2/ark%3A%2F21198%2Fz1r79jnp%2Fn225sb56"
"Masters/sinaimasters/syr/syriac_0211/sld_syr0211_0159_f_079r.tif","159","sinai","f. 079r","Text","","ark:/21198/z1r79jnp","ark:/21198/z1r79jnp/fv82qf10","Page","Images: Contact the Monastery of St. Catherine's of the Sinai. Metadata: Unless otherwise indicated all metadata associated with this manuscript is copyright the authors and released under Creative Commons Attribution 4.0 International License.","Sinai Syriac 211","ingested","https://iiif.sinaimanuscripts.library.ucla.edu/iiif/2/ark%3A%2F21198%2Fz1r79jnp%2Ffv82qf10"
"Masters/sinaimasters/syr/syriac_0211/sld_syr0211_0160_f_079v.tif","160","sinai","f. 079v","Text","","ark:/21198/z1r79jnp","ark:/21198/z1r79jnp/dn367f8n","Page","Images: Contact the Monastery of St. Catherine's of the Sinai. Metadata: Unless otherwise indicated all metadata associated with this manuscript is copyright the authors and released under Creative Commons Attribution 4.0 International License.","Sinai Syriac 211","ingested","https://iiif.sinaimanuscripts.library.ucla.edu/iiif/2/ark%3A%2F21198%2Fz1r79jnp%2Fdn367f8n"
"Masters/sinaimasters/syr/syriac_0211/sld_syr0211_0161_f_080r.tif","161","sinai","f. 080r","Text","","ark:/21198/z1r79jnp","ark:/21198/z1r79jnp/wz41jc0k","Page","Images: Contact the Monastery of St. Catherine's of the Sinai. Metadata: Unless otherwise indicated all metadata associated with this manuscript is copyright the authors and released under Creative Commons Attribution 4.0 International License.","Sinai Syriac 211","ingested","https://iiif.sinaimanuscripts.library.ucla.edu/iiif/2/ark%3A%2F21198%2Fz1r79jnp%2Fwz41jc0k"
"Masters/sinaimasters/syr/syriac_0211/sld_syr0211_0162_f_080v.tif","162","sinai","f. 080v","Text","","ark:/21198/z1r79jnp","ark:/21198/z1r79jnp/4b87qh7z","Page","Images: Contact the Monastery of St. Catherine's of the Sinai. Metadata: Unless otherwise indicated all metadata associated with this manuscript is copyright the authors and released under Creative Commons Attribution 4.0 International License.","Sinai Syriac 211","ingested","https://iiif.sinaimanuscripts.library.ucla.edu/iiif/2/ark%3A%2F21198%2Fz1r79jnp%2F4b87qh7z"
"Masters/sinaimasters/syr/syriac_0211/sld_syr0211_0163_f_081r.tif","163","sinai","f. 081r","Text","","ark:/21198/z1r79jnp","ark:/21198/z1r79jnp/hk491p19","Page","Images: Contact the Monastery of St. Catherine's of the Sinai. Metadata: Unless otherwise indicated all metadata associated with this manuscript is copyright the authors and released under Creative Commons Attribution 4.0 International License.","Sinai Syriac 211","ingested","https://iiif.sinaimanuscripts.library.ucla.edu/iiif/2/ark%3A%2F21198%2Fz1r79jnp%2Fhk491p19"
"Masters/sinaimasters/syr/syriac_0211/sld_syr0211_0164_f_081v.tif","164","sinai","f. 081v","Text","","ark:/21198/z1r79jnp","ark:/21198/z1r79jnp/5b71kt8x","Page","Images: Contact the Monastery of St. Catherine's of the Sinai. Metadata: Unless otherwise indicated all metadata associated with this manuscript is copyright the authors and released under Creative Commons Attribution 4.0 International License.","Sinai Syriac 211","ingested","https://iiif.sinaimanuscripts.library.ucla.edu/iiif/2/ark%3A%2F21198%2Fz1r79jnp%2F5b71kt8x"
"Masters/sinaimasters/syr/syriac_0211/sld_syr0211_0165_f_082r.tif","165","sinai","f. 082r","Text","","ark:/21198/z1r79jnp","ark:/21198/z1r79jnp/68255h42","Page","Images: Contact the Monastery of St. Catherine's of the Sinai. Metadata: Unless otherwise indicated all metadata associated with this manuscript is copyright the authors and released under Creative Commons Attribution 4.0 International License.","Sinai Syriac 211","ingested","https://iiif.sinaimanuscripts.library.ucla.edu/iiif/2/ark%3A%2F21198%2Fz1r79jnp%2F68255h42"
"Masters/sinaimasters/syr/syriac_0211/sld_syr0211_0166_f_082v.tif","166","sinai","f. 082v","Text","","ark:/21198/z1r79jnp","ark:/21198/z1r79jnp/xv82rn1x","Page","Images: Contact the Monastery of St. Catherine's of the Sinai. Metadata: Unless otherwise indicated all metadata associated with this manuscript is copyright the authors and released under Creative Commons Attribution 4.0 International License.","Sinai Syriac 211","ingested","https://iiif.sinaimanuscripts.library.ucla.edu/iiif/2/ark%3A%2F21198%2Fz1r79jnp%2Fxv82rn1x"
"Masters/sinaimasters/syr/syriac_0211/sld_syr0211_0167_f_083r.tif","167","sinai","f. 083r","Text","","ark:/21198/z1r79jnp","ark:/21198/z1r79jnp/6r746d3t","Page","Images: Contact the Monastery of St. Catherine's of the Sinai. Metadata: Unless otherwise indicated all metadata associated with this manuscript is copyright the authors and released under Creative Commons Attribution 4.0 International License.","Sinai Syriac 211","ingested","https://iiif.sinaimanuscripts.library.ucla.edu/iiif/2/ark%3A%2F21198%2Fz1r79jnp%2F6r746d3t"
"Masters/sinaimasters/syr/syriac_0211/sld_syr0211_0168_f_083v.tif","168","sinai","f. 083v","Text","","ark:/21198/z1r79jnp","ark:/21198/z1r79jnp/j981hv6h","Page","Images: Contact the Monastery of St. Catherine's of the Sinai. Metadata: Unless otherwise indicated all metadata associated with this manuscript is copyright the authors and released under Creative Commons Attribution 4.0 International License.","Sinai Syriac 211","ingested","https://iiif.sinaimanuscripts.library.ucla.edu/iiif/2/ark%3A%2F21198%2Fz1r79jnp%2Fj981hv6h"
"Masters/sinaimasters/syr/syriac_0211/sld_syr0211_0169_f_084r.tif","169","sinai","f. 084r","Text","","ark:/21198/z1r79jnp","ark:/21198/z1r79jnp/8m94xc53","Page","Images: Contact the Monastery of St. Catherine's of the Sinai. Metadata: Unless otherwise indicated all metadata associated with this manuscript is copyright the authors and released under Creative Commons Attribution 4.0 International License.","Sinai Syriac 211","ingested","https://iiif.sinaimanuscripts.library.ucla.edu/iiif/2/ark%3A%2F21198%2Fz1r79jnp%2F8m94xc53"
"Masters/sinaimasters/syr/syriac_0211/sld_syr0211_0170_f_084v.tif","170","sinai","f. 084v","Text","","ark:/21198/z1r79jnp","ark:/21198/z1r79jnp/zw982z26","Page","Images: Contact the Monastery of St. Catherine's of the Sinai. Metadata: Unless otherwise indicated all metadata associated with this manuscript is copyright the authors and released under Creative Commons Attribution 4.0 International License.","Sinai Syriac 211","ingested","https://iiif.sinaimanuscripts.library.ucla.edu/iiif/2/ark%3A%2F21198%2Fz1r79jnp%2Fzw982z26"
"Masters/sinaimasters/syr/syriac_0211/sld_syr0211_0171_f_085r.tif","171","sinai","f. 085r","Text","","ark:/21198/z1r79jnp","ark:/21198/z1r79jnp/hb70vg3h","Page","Images: Contact the Monastery of St. Catherine's of the Sinai. Metadata: Unless otherwise indicated all metadata associated with this manuscript is copyright the authors and released under Creative Commons Attribution 4.0 International License.","Sinai Syriac 211","ingested","https://iiif.sinaimanuscripts.library.ucla.edu/iiif/2/ark%3A%2F21198%2Fz1r79jnp%2Fhb70vg3h"
"Masters/sinaimasters/syr/syriac_0211/sld_syr0211_0172_f_085v.tif","172","sinai","f. 085v","Text","","ark:/21198/z1r79jnp","ark:/21198/z1r79jnp/71158d94","Page","Images: Contact the Monastery of St. Catherine's of the Sinai. Metadata: Unless otherwise indicated all metadata associated with this manuscript is copyright the authors and released under Creative Commons Attribution 4.0 International License.","Sinai Syriac 211","ingested","https://iiif.sinaimanuscripts.library.ucla.edu/iiif/2/ark%3A%2F21198%2Fz1r79jnp%2F71158d94"
"Masters/sinaimasters/syr/syriac_0211/sld_syr0211_0173_f_086r.tif","173","sinai","f. 086r","Text","","ark:/21198/z1r79jnp","ark:/21198/z1r79jnp/mz89wj6b","Page","Images: Contact the Monastery of St. Catherine's of the Sinai. Metadata: Unless otherwise indicated all metadata associated with this manuscript is copyright the authors and released under Creative Commons Attribution 4.0 International License.","Sinai Syriac 211","ingested","https://iiif.sinaimanuscripts.library.ucla.edu/iiif/2/ark%3A%2F21198%2Fz1r79jnp%2Fmz89wj6b"
"Masters/sinaimasters/syr/syriac_0211/sld_syr0211_0174_f_086v.tif","174","sinai","f. 086v","Text","","ark:/21198/z1r79jnp","ark:/21198/z1r79jnp/x099m62x","Page","Images: Contact the Monastery of St. Catherine's of the Sinai. Metadata: Unless otherwise indicated all metadata associated with this manuscript is copyright the authors and released under Creative Commons Attribution 4.0 International License.","Sinai Syriac 211","ingested","https://iiif.sinaimanuscripts.library.ucla.edu/iiif/2/ark%3A%2F21198%2Fz1r79jnp%2Fx099m62x"
"Masters/sinaimasters/syr/syriac_0211/sld_syr0211_0175_y_999.tif","175","sinai","Back Board Inside","Back matter","","ark:/21198/z1r79jnp","ark:/21198/z1r79jnp/np768f6p","Page","Images: Contact the Monastery of St. Catherine's of the Sinai. Metadata: Unless otherwise indicated all metadata associated with this manuscript is copyright the authors and released under Creative Commons Attribution 4.0 International License.","Sinai Syriac 211","ingested","https://iiif.sinaimanuscripts.library.ucla.edu/iiif/2/ark%3A%2F21198%2Fz1r79jnp%2Fnp768f6p"
"Masters/sinaimasters/syr/syriac_0211/sld_syr0211_0176_z_1.tif","176","sinai","Back Board Outside","Back matter","","ark:/21198/z1r79jnp","ark:/21198/z1r79jnp/st39mv8r","Page","Images: Contact the Monastery of St. Catherine's of the Sinai. Metadata: Unless otherwise indicated all metadata associated with this manuscript is copyright the authors and released under Creative Commons Attribution 4.0 International License.","Sinai Syriac 211","ingested","https://iiif.sinaimanuscripts.library.ucla.edu/iiif/2/ark%3A%2F21198%2Fz1r79jnp%2Fst39mv8r"
"Masters/sinaimasters/syr/syriac_0211/sld_syr0211_0177_z_2.tif","177","sinai","Spine"," ","non-paged","ark:/21198/z1r79jnp","ark:/21198/z1r79jnp/2h16kx7k","Page","Images: Contact the Monastery of St. Catherine's of the Sinai. Metadata: Unless otherwise indicated all metadata associated with this manuscript is copyright the authors and released under Creative Commons Attribution 4.0 International License.","Sinai Syriac 211","ingested","https://iiif.sinaimanuscripts.library.ucla.edu/iiif/2/ark%3A%2F21198%2Fz1r79jnp%2F2h16kx7k"
"Masters/sinaimasters/syr/syriac_0211/sld_syr0211_0178_z_3.tif","178","sinai","Fore edge"," ","non-paged","ark:/21198/z1r79jnp","ark:/21198/z1r79jnp/r7308n4h","Page","Images: Contact the Monastery of St. Catherine's of the Sinai. Metadata: Unless otherwise indicated all metadata associated with this manuscript is copyright the authors and released under Creative Commons Attribution 4.0 International License.","Sinai Syriac 211","ingested","https://iiif.sinaimanuscripts.library.ucla.edu/iiif/2/ark%3A%2F21198%2Fz1r79jnp%2Fr7308n4h"
"Masters/sinaimasters/syr/syriac_0211/sld_syr0211_0179_z_4.tif","179","sinai","Head"," ","non-paged","ark:/21198/z1r79jnp","ark:/21198/z1r79jnp/qn997v48","Page","Images: Contact the Monastery of St. Catherine's of the Sinai. Metadata: Unless otherwise indicated all metadata associated with this manuscript is copyright the authors and released under Creative Commons Attribution 4.0 International License.","Sinai Syriac 211","ingested","https://iiif.sinaimanuscripts.library.ucla.edu/iiif/2/ark%3A%2F21198%2Fz1r79jnp%2Fqn997v48"
"Masters/sinaimasters/syr/syriac_0211/sld_syr0211_0180_z_5.tif","180","sinai","Tail"," ","non-paged","ark:/21198/z1r79jnp","ark:/21198/z1r79jnp/gc39ds1h","Page","Images: Contact the Monastery of St. Catherine's of the Sinai. Metadata: Unless otherwise indicated all metadata associated with this manuscript is copyright the authors and released under Creative Commons Attribution 4.0 International License.","Sinai Syriac 211","ingested","https://iiif.sinaimanuscripts.library.ucla.edu/iiif/2/ark%3A%2F21198%2Fz1r79jnp%2Fgc39ds1h"
"Masters/sinaimasters/syr/syriac_0211/sld_syr0211_0181_z_999r.tif","181","sinai",""," ","","ark:/21198/z1r79jnp","ark:/21198/z1r79jnp/1h11cq7g","Page","Images: Contact the Monastery of St. Catherine's of the Sinai. Metadata: Unless otherwise indicated all metadata associated with this manuscript is copyright the authors and released under Creative Commons Attribution 4.0 International License.","Sinai Syriac 211","ingested","https://iiif.sinaimanuscripts.library.ucla.edu/iiif/2/ark%3A%2F21198%2Fz1r79jnp%2F1h11cq7g"
"Masters/sinaimasters/syr/syriac_0211/sld_syr0211_0182_z_999v.tif","182","sinai",""," ","","ark:/21198/z1r79jnp","ark:/21198/z1r79jnp/kx36jx1q","Page","Images: Contact the Monastery of St. Catherine's of the Sinai. Metadata: Unless otherwise indicated all metadata associated with this manuscript is copyright the authors and released under Creative Commons Attribution 4.0 International License.","Sinai Syriac 211","ingested","https://iiif.sinaimanuscripts.library.ucla.edu/iiif/2/ark%3A%2F21198%2Fz1r79jnp%2Fkx36jx1q"
"Masters/sinaimasters/syr/syriac_0211/calibration_left.tif","183","sinai","Calibration Left"," ","non-paged","ark:/21198/z1r79jnp","ark:/21198/z1r79jnp/0q63sf16","Page","Images: Contact the Monastery of St. Catherine's of the Sinai. Metadata: Unless otherwise indicated all metadata associated with this manuscript is copyright the authors and released under Creative Commons Attribution 4.0 International License.","Sinai Syriac 211","succeeded","https://iiif.sinaimanuscripts.library.ucla.edu/iiif/2/ark%3A%2F21198%2Fz1r79jnp%2F0q63sf16"
"Masters/sinaimasters/syr/syriac_0211/calibration_right.tif","184","sinai","Calibration Right"," ","non-paged","ark:/21198/z1r79jnp","ark:/21198/z1r79jnp/sq79t77h","Page","Images: Contact the Monastery of St. Catherine's of the Sinai. Metadata: Unless otherwise indicated all metadata associated with this manuscript is copyright the authors and released under Creative Commons Attribution 4.0 International License.","Sinai Syriac 211","succeeded","https://iiif.sinaimanuscripts.library.ucla.edu/iiif/2/ark%3A%2F21198%2Fz1r79jnp%2Fsq79t77h"
