File Name,Item Sequence,Visibility,Title,IIIF Range,viewingHint,Parent ARK,Item ARK,Object Type,Rights.copyrightStatus,Rights.statementLocal
Masters/sinaimasters/ara/arabic_0602/sld_arb0602_0001_b_001r.tif,1,discovery,Flyleaf 001r,Front matter,,ark:/21198/z1dn58f6,ark:/21198/z1dn58f6/1r39md7w,Page,copyrighted,Contact the Monastery of St. Catherine's of the Sinai. Metadata: Unless otherwise indicated all metadata associated with this manuscript is copyright the authors and released under Creative Commons Attribution 4.0 International License.  
Masters/sinaimasters/ara/arabic_0602/sld_arb0602_0002_b_001v.tif,2,discovery,Flyleaf 001v,Front matter,,ark:/21198/z1dn58f6,ark:/21198/z1dn58f6/1s67049g,Page,copyrighted,Contact the Monastery of St. Catherine's of the Sinai. Metadata: Unless otherwise indicated all metadata associated with this manuscript is copyright the authors and released under Creative Commons Attribution 4.0 International License.  
Masters/sinaimasters/ara/arabic_0602/sld_arb0602_0003_f_001r.tif,3,discovery,f. 001r,Text,,ark:/21198/z1dn58f6,ark:/21198/z1dn58f6/zh03hf9h,Page,copyrighted,Contact the Monastery of St. Catherine's of the Sinai. Metadata: Unless otherwise indicated all metadata associated with this manuscript is copyright the authors and released under Creative Commons Attribution 4.0 International License.  
Masters/sinaimasters/ara/arabic_0602/sld_arb0602_0004_f_001v.tif,4,discovery,f. 001v,Text,,ark:/21198/z1dn58f6,ark:/21198/z1dn58f6/xb477249,Page,copyrighted,Contact the Monastery of St. Catherine's of the Sinai. Metadata: Unless otherwise indicated all metadata associated with this manuscript is copyright the authors and released under Creative Commons Attribution 4.0 International License.  
Masters/sinaimasters/ara/arabic_0602/sld_arb0602_0005_f_002r.tif,5,discovery,f. 002r,Text,,ark:/21198/z1dn58f6,ark:/21198/z1dn58f6/rg44zf35,Page,copyrighted,Contact the Monastery of St. Catherine's of the Sinai. Metadata: Unless otherwise indicated all metadata associated with this manuscript is copyright the authors and released under Creative Commons Attribution 4.0 International License.  
Masters/sinaimasters/ara/arabic_0602/sld_arb0602_0006_f_002v.tif,6,discovery,f. 002v,Text,,ark:/21198/z1dn58f6,ark:/21198/z1dn58f6/ss821q5q,Page,copyrighted,Contact the Monastery of St. Catherine's of the Sinai. Metadata: Unless otherwise indicated all metadata associated with this manuscript is copyright the authors and released under Creative Commons Attribution 4.0 International License.  
Masters/sinaimasters/ara/arabic_0602/sld_arb0602_0007_f_003r.tif,7,discovery,f. 003r,Text,,ark:/21198/z1dn58f6,ark:/21198/z1dn58f6/p621z185,Page,copyrighted,Contact the Monastery of St. Catherine's of the Sinai. Metadata: Unless otherwise indicated all metadata associated with this manuscript is copyright the authors and released under Creative Commons Attribution 4.0 International License.  
Masters/sinaimasters/ara/arabic_0602/sld_arb0602_0008_f_003v.tif,8,discovery,f. 003v,Text,,ark:/21198/z1dn58f6,ark:/21198/z1dn58f6/fs67jk5k,Page,copyrighted,Contact the Monastery of St. Catherine's of the Sinai. Metadata: Unless otherwise indicated all metadata associated with this manuscript is copyright the authors and released under Creative Commons Attribution 4.0 International License.  
Masters/sinaimasters/ara/arabic_0602/sld_arb0602_0009_f_004r.tif,9,discovery,f. 004r,Text,,ark:/21198/z1dn58f6,ark:/21198/z1dn58f6/f880tw43,Page,copyrighted,Contact the Monastery of St. Catherine's of the Sinai. Metadata: Unless otherwise indicated all metadata associated with this manuscript is copyright the authors and released under Creative Commons Attribution 4.0 International License.  
Masters/sinaimasters/ara/arabic_0602/sld_arb0602_0010_f_004v.tif,10,discovery,f. 004v,Text,,ark:/21198/z1dn58f6,ark:/21198/z1dn58f6/tg08vd4v,Page,copyrighted,Contact the Monastery of St. Catherine's of the Sinai. Metadata: Unless otherwise indicated all metadata associated with this manuscript is copyright the authors and released under Creative Commons Attribution 4.0 International License.  
Masters/sinaimasters/ara/arabic_0602/sld_arb0602_0011_f_005r.tif,11,discovery,f. 005r,Text,,ark:/21198/z1dn58f6,ark:/21198/z1dn58f6/zd99ws66,Page,copyrighted,Contact the Monastery of St. Catherine's of the Sinai. Metadata: Unless otherwise indicated all metadata associated with this manuscript is copyright the authors and released under Creative Commons Attribution 4.0 International License.  
Masters/sinaimasters/ara/arabic_0602/sld_arb0602_0012_f_005v.tif,12,discovery,f. 005v,Text,,ark:/21198/z1dn58f6,ark:/21198/z1dn58f6/0639fg8v,Page,copyrighted,Contact the Monastery of St. Catherine's of the Sinai. Metadata: Unless otherwise indicated all metadata associated with this manuscript is copyright the authors and released under Creative Commons Attribution 4.0 International License.  
Masters/sinaimasters/ara/arabic_0602/sld_arb0602_0013_f_006r.tif,13,discovery,f. 006r,Text,,ark:/21198/z1dn58f6,ark:/21198/z1dn58f6/98570g10,Page,copyrighted,Contact the Monastery of St. Catherine's of the Sinai. Metadata: Unless otherwise indicated all metadata associated with this manuscript is copyright the authors and released under Creative Commons Attribution 4.0 International License.  
Masters/sinaimasters/ara/arabic_0602/sld_arb0602_0014_f_006v.tif,14,discovery,f. 006v,Text,,ark:/21198/z1dn58f6,ark:/21198/z1dn58f6/0n94738z,Page,copyrighted,Contact the Monastery of St. Catherine's of the Sinai. Metadata: Unless otherwise indicated all metadata associated with this manuscript is copyright the authors and released under Creative Commons Attribution 4.0 International License.  
Masters/sinaimasters/ara/arabic_0602/sld_arb0602_0015_f_007r.tif,15,discovery,f. 007r,Text,,ark:/21198/z1dn58f6,ark:/21198/z1dn58f6/nc433467,Page,copyrighted,Contact the Monastery of St. Catherine's of the Sinai. Metadata: Unless otherwise indicated all metadata associated with this manuscript is copyright the authors and released under Creative Commons Attribution 4.0 International License.  
Masters/sinaimasters/ara/arabic_0602/sld_arb0602_0016_f_007v.tif,16,discovery,f. 007v,Text,,ark:/21198/z1dn58f6,ark:/21198/z1dn58f6/hd21xn3d,Page,copyrighted,Contact the Monastery of St. Catherine's of the Sinai. Metadata: Unless otherwise indicated all metadata associated with this manuscript is copyright the authors and released under Creative Commons Attribution 4.0 International License.  
Masters/sinaimasters/ara/arabic_0602/sld_arb0602_0017_f_008r.tif,17,discovery,f. 008r,Text,,ark:/21198/z1dn58f6,ark:/21198/z1dn58f6/rw21g14d,Page,copyrighted,Contact the Monastery of St. Catherine's of the Sinai. Metadata: Unless otherwise indicated all metadata associated with this manuscript is copyright the authors and released under Creative Commons Attribution 4.0 International License.  
Masters/sinaimasters/ara/arabic_0602/sld_arb0602_0018_f_008v.tif,18,discovery,f. 008v,Text,,ark:/21198/z1dn58f6,ark:/21198/z1dn58f6/m186c028,Page,copyrighted,Contact the Monastery of St. Catherine's of the Sinai. Metadata: Unless otherwise indicated all metadata associated with this manuscript is copyright the authors and released under Creative Commons Attribution 4.0 International License.  
Masters/sinaimasters/ara/arabic_0602/sld_arb0602_0019_f_009r.tif,19,discovery,f. 009r,Text,,ark:/21198/z1dn58f6,ark:/21198/z1dn58f6/mq42qw5p,Page,copyrighted,Contact the Monastery of St. Catherine's of the Sinai. Metadata: Unless otherwise indicated all metadata associated with this manuscript is copyright the authors and released under Creative Commons Attribution 4.0 International License.  
Masters/sinaimasters/ara/arabic_0602/sld_arb0602_0020_f_009v.tif,20,discovery,f. 009v,Text,,ark:/21198/z1dn58f6,ark:/21198/z1dn58f6/d403273d,Page,copyrighted,Contact the Monastery of St. Catherine's of the Sinai. Metadata: Unless otherwise indicated all metadata associated with this manuscript is copyright the authors and released under Creative Commons Attribution 4.0 International License.  
Masters/sinaimasters/ara/arabic_0602/sld_arb0602_0021_f_010r.tif,21,discovery,f. 010r,Text,,ark:/21198/z1dn58f6,ark:/21198/z1dn58f6/wn11m257,Page,copyrighted,Contact the Monastery of St. Catherine's of the Sinai. Metadata: Unless otherwise indicated all metadata associated with this manuscript is copyright the authors and released under Creative Commons Attribution 4.0 International License.  
Masters/sinaimasters/ara/arabic_0602/sld_arb0602_0022_f_010v.tif,22,discovery,f. 010v,Text,,ark:/21198/z1dn58f6,ark:/21198/z1dn58f6/q9602q47,Page,copyrighted,Contact the Monastery of St. Catherine's of the Sinai. Metadata: Unless otherwise indicated all metadata associated with this manuscript is copyright the authors and released under Creative Commons Attribution 4.0 International License.  
Masters/sinaimasters/ara/arabic_0602/sld_arb0602_0023_f_011r.tif,23,discovery,f. 011r,Text,,ark:/21198/z1dn58f6,ark:/21198/z1dn58f6/8764dv86,Page,copyrighted,Contact the Monastery of St. Catherine's of the Sinai. Metadata: Unless otherwise indicated all metadata associated with this manuscript is copyright the authors and released under Creative Commons Attribution 4.0 International License.  
Masters/sinaimasters/ara/arabic_0602/sld_arb0602_0024_f_011v.tif,24,discovery,f. 011v,Text,,ark:/21198/z1dn58f6,ark:/21198/z1dn58f6/0620tr26,Page,copyrighted,Contact the Monastery of St. Catherine's of the Sinai. Metadata: Unless otherwise indicated all metadata associated with this manuscript is copyright the authors and released under Creative Commons Attribution 4.0 International License.  
Masters/sinaimasters/ara/arabic_0602/sld_arb0602_0025_f_012r.tif,25,discovery,f. 012r,Text,,ark:/21198/z1dn58f6,ark:/21198/z1dn58f6/sj937m0x,Page,copyrighted,Contact the Monastery of St. Catherine's of the Sinai. Metadata: Unless otherwise indicated all metadata associated with this manuscript is copyright the authors and released under Creative Commons Attribution 4.0 International License.  
Masters/sinaimasters/ara/arabic_0602/sld_arb0602_0026_f_012v.tif,26,discovery,f. 012v,Text,,ark:/21198/z1dn58f6,ark:/21198/z1dn58f6/8v84708x,Page,copyrighted,Contact the Monastery of St. Catherine's of the Sinai. Metadata: Unless otherwise indicated all metadata associated with this manuscript is copyright the authors and released under Creative Commons Attribution 4.0 International License.  
Masters/sinaimasters/ara/arabic_0602/sld_arb0602_0027_f_013r.tif,27,discovery,f. 013r,Text,,ark:/21198/z1dn58f6,ark:/21198/z1dn58f6/dm16fc8h,Page,copyrighted,Contact the Monastery of St. Catherine's of the Sinai. Metadata: Unless otherwise indicated all metadata associated with this manuscript is copyright the authors and released under Creative Commons Attribution 4.0 International License.  
Masters/sinaimasters/ara/arabic_0602/sld_arb0602_0028_f_013v.tif,28,discovery,f. 013v,Text,,ark:/21198/z1dn58f6,ark:/21198/z1dn58f6/x525zj58,Page,copyrighted,Contact the Monastery of St. Catherine's of the Sinai. Metadata: Unless otherwise indicated all metadata associated with this manuscript is copyright the authors and released under Creative Commons Attribution 4.0 International License.  
Masters/sinaimasters/ara/arabic_0602/sld_arb0602_0029_f_014r.tif,29,discovery,f. 014r,Text,,ark:/21198/z1dn58f6,ark:/21198/z1dn58f6/x732391g,Page,copyrighted,Contact the Monastery of St. Catherine's of the Sinai. Metadata: Unless otherwise indicated all metadata associated with this manuscript is copyright the authors and released under Creative Commons Attribution 4.0 International License.  
Masters/sinaimasters/ara/arabic_0602/sld_arb0602_0030_f_014v.tif,30,discovery,f. 014v,Text,,ark:/21198/z1dn58f6,ark:/21198/z1dn58f6/jg38gf3x,Page,copyrighted,Contact the Monastery of St. Catherine's of the Sinai. Metadata: Unless otherwise indicated all metadata associated with this manuscript is copyright the authors and released under Creative Commons Attribution 4.0 International License.  
Masters/sinaimasters/ara/arabic_0602/sld_arb0602_0031_f_015r.tif,31,discovery,f. 015r,Text,,ark:/21198/z1dn58f6,ark:/21198/z1dn58f6/g494j40s,Page,copyrighted,Contact the Monastery of St. Catherine's of the Sinai. Metadata: Unless otherwise indicated all metadata associated with this manuscript is copyright the authors and released under Creative Commons Attribution 4.0 International License.  
Masters/sinaimasters/ara/arabic_0602/sld_arb0602_0032_f_015v.tif,32,discovery,f. 015v,Text,,ark:/21198/z1dn58f6,ark:/21198/z1dn58f6/j754z19c,Page,copyrighted,Contact the Monastery of St. Catherine's of the Sinai. Metadata: Unless otherwise indicated all metadata associated with this manuscript is copyright the authors and released under Creative Commons Attribution 4.0 International License.  
Masters/sinaimasters/ara/arabic_0602/sld_arb0602_0033_f_016r.tif,33,discovery,f. 016r,Text,,ark:/21198/z1dn58f6,ark:/21198/z1dn58f6/8m59v16v,Page,copyrighted,Contact the Monastery of St. Catherine's of the Sinai. Metadata: Unless otherwise indicated all metadata associated with this manuscript is copyright the authors and released under Creative Commons Attribution 4.0 International License.  
Masters/sinaimasters/ara/arabic_0602/sld_arb0602_0034_f_016v.tif,34,discovery,f. 016v,Text,,ark:/21198/z1dn58f6,ark:/21198/z1dn58f6/pr426d36,Page,copyrighted,Contact the Monastery of St. Catherine's of the Sinai. Metadata: Unless otherwise indicated all metadata associated with this manuscript is copyright the authors and released under Creative Commons Attribution 4.0 International License.  
Masters/sinaimasters/ara/arabic_0602/sld_arb0602_0035_f_017r.tif,35,discovery,f. 017r,Text,,ark:/21198/z1dn58f6,ark:/21198/z1dn58f6/3806vx2d,Page,copyrighted,Contact the Monastery of St. Catherine's of the Sinai. Metadata: Unless otherwise indicated all metadata associated with this manuscript is copyright the authors and released under Creative Commons Attribution 4.0 International License.  
Masters/sinaimasters/ara/arabic_0602/sld_arb0602_0036_f_017v.tif,36,discovery,f. 017v,Text,,ark:/21198/z1dn58f6,ark:/21198/z1dn58f6/4c594p1c,Page,copyrighted,Contact the Monastery of St. Catherine's of the Sinai. Metadata: Unless otherwise indicated all metadata associated with this manuscript is copyright the authors and released under Creative Commons Attribution 4.0 International License.  
Masters/sinaimasters/ara/arabic_0602/sld_arb0602_0037_f_018r.tif,37,discovery,f. 018r,Text,,ark:/21198/z1dn58f6,ark:/21198/z1dn58f6/n859vr8n,Page,copyrighted,Contact the Monastery of St. Catherine's of the Sinai. Metadata: Unless otherwise indicated all metadata associated with this manuscript is copyright the authors and released under Creative Commons Attribution 4.0 International License.  
Masters/sinaimasters/ara/arabic_0602/sld_arb0602_0038_f_018v.tif,38,discovery,f. 018v,Text,,ark:/21198/z1dn58f6,ark:/21198/z1dn58f6/8d64w25x,Page,copyrighted,Contact the Monastery of St. Catherine's of the Sinai. Metadata: Unless otherwise indicated all metadata associated with this manuscript is copyright the authors and released under Creative Commons Attribution 4.0 International License.  
Masters/sinaimasters/ara/arabic_0602/sld_arb0602_0039_f_019r.tif,39,discovery,f. 019r,Text,,ark:/21198/z1dn58f6,ark:/21198/z1dn58f6/7f92kr43,Page,copyrighted,Contact the Monastery of St. Catherine's of the Sinai. Metadata: Unless otherwise indicated all metadata associated with this manuscript is copyright the authors and released under Creative Commons Attribution 4.0 International License.  
Masters/sinaimasters/ara/arabic_0602/sld_arb0602_0040_f_019v.tif,40,discovery,f. 019v,Text,,ark:/21198/z1dn58f6,ark:/21198/z1dn58f6/ph79qq16,Page,copyrighted,Contact the Monastery of St. Catherine's of the Sinai. Metadata: Unless otherwise indicated all metadata associated with this manuscript is copyright the authors and released under Creative Commons Attribution 4.0 International License.  
Masters/sinaimasters/ara/arabic_0602/sld_arb0602_0041_f_020r.tif,41,discovery,f. 020r,Text,,ark:/21198/z1dn58f6,ark:/21198/z1dn58f6/dk55531b,Page,copyrighted,Contact the Monastery of St. Catherine's of the Sinai. Metadata: Unless otherwise indicated all metadata associated with this manuscript is copyright the authors and released under Creative Commons Attribution 4.0 International License.  
Masters/sinaimasters/ara/arabic_0602/sld_arb0602_0042_f_020v.tif,42,discovery,f. 020v,Text,,ark:/21198/z1dn58f6,ark:/21198/z1dn58f6/db32qp03,Page,copyrighted,Contact the Monastery of St. Catherine's of the Sinai. Metadata: Unless otherwise indicated all metadata associated with this manuscript is copyright the authors and released under Creative Commons Attribution 4.0 International License.  
Masters/sinaimasters/ara/arabic_0602/sld_arb0602_0043_f_021r.tif,43,discovery,f. 021r,Text,,ark:/21198/z1dn58f6,ark:/21198/z1dn58f6/p385v70t,Page,copyrighted,Contact the Monastery of St. Catherine's of the Sinai. Metadata: Unless otherwise indicated all metadata associated with this manuscript is copyright the authors and released under Creative Commons Attribution 4.0 International License.  
Masters/sinaimasters/ara/arabic_0602/sld_arb0602_0044_f_021v.tif,44,discovery,f. 021v,Text,,ark:/21198/z1dn58f6,ark:/21198/z1dn58f6/3h56kx6f,Page,copyrighted,Contact the Monastery of St. Catherine's of the Sinai. Metadata: Unless otherwise indicated all metadata associated with this manuscript is copyright the authors and released under Creative Commons Attribution 4.0 International License.  
Masters/sinaimasters/ara/arabic_0602/sld_arb0602_0045_f_022r.tif,45,discovery,f. 022r,Text,,ark:/21198/z1dn58f6,ark:/21198/z1dn58f6/d0450p4z,Page,copyrighted,Contact the Monastery of St. Catherine's of the Sinai. Metadata: Unless otherwise indicated all metadata associated with this manuscript is copyright the authors and released under Creative Commons Attribution 4.0 International License.  
Masters/sinaimasters/ara/arabic_0602/sld_arb0602_0046_f_022v.tif,46,discovery,f. 022v,Text,,ark:/21198/z1dn58f6,ark:/21198/z1dn58f6/8s92xr67,Page,copyrighted,Contact the Monastery of St. Catherine's of the Sinai. Metadata: Unless otherwise indicated all metadata associated with this manuscript is copyright the authors and released under Creative Commons Attribution 4.0 International License.  
Masters/sinaimasters/ara/arabic_0602/sld_arb0602_0047_f_023r.tif,47,discovery,f. 023r,Text,,ark:/21198/z1dn58f6,ark:/21198/z1dn58f6/h538s50p,Page,copyrighted,Contact the Monastery of St. Catherine's of the Sinai. Metadata: Unless otherwise indicated all metadata associated with this manuscript is copyright the authors and released under Creative Commons Attribution 4.0 International License.  
Masters/sinaimasters/ara/arabic_0602/sld_arb0602_0048_f_023v.tif,48,discovery,f. 023v,Text,,ark:/21198/z1dn58f6,ark:/21198/z1dn58f6/cq45rx2k,Page,copyrighted,Contact the Monastery of St. Catherine's of the Sinai. Metadata: Unless otherwise indicated all metadata associated with this manuscript is copyright the authors and released under Creative Commons Attribution 4.0 International License.  
Masters/sinaimasters/ara/arabic_0602/sld_arb0602_0049_f_024r.tif,49,discovery,f. 024r,Text,,ark:/21198/z1dn58f6,ark:/21198/z1dn58f6/q4742n5q,Page,copyrighted,Contact the Monastery of St. Catherine's of the Sinai. Metadata: Unless otherwise indicated all metadata associated with this manuscript is copyright the authors and released under Creative Commons Attribution 4.0 International License.  
Masters/sinaimasters/ara/arabic_0602/sld_arb0602_0050_f_024v.tif,50,discovery,f. 024v,Text,,ark:/21198/z1dn58f6,ark:/21198/z1dn58f6/t599mx2d,Page,copyrighted,Contact the Monastery of St. Catherine's of the Sinai. Metadata: Unless otherwise indicated all metadata associated with this manuscript is copyright the authors and released under Creative Commons Attribution 4.0 International License.  
Masters/sinaimasters/ara/arabic_0602/sld_arb0602_0051_f_025r.tif,51,discovery,f. 025r,Text,,ark:/21198/z1dn58f6,ark:/21198/z1dn58f6/wt723b1z,Page,copyrighted,Contact the Monastery of St. Catherine's of the Sinai. Metadata: Unless otherwise indicated all metadata associated with this manuscript is copyright the authors and released under Creative Commons Attribution 4.0 International License.  
Masters/sinaimasters/ara/arabic_0602/sld_arb0602_0052_f_025v.tif,52,discovery,f. 025v,Text,,ark:/21198/z1dn58f6,ark:/21198/z1dn58f6/g3380r7h,Page,copyrighted,Contact the Monastery of St. Catherine's of the Sinai. Metadata: Unless otherwise indicated all metadata associated with this manuscript is copyright the authors and released under Creative Commons Attribution 4.0 International License.  
Masters/sinaimasters/ara/arabic_0602/sld_arb0602_0053_f_026r.tif,53,discovery,f. 026r,Text,,ark:/21198/z1dn58f6,ark:/21198/z1dn58f6/h056dq6f,Page,copyrighted,Contact the Monastery of St. Catherine's of the Sinai. Metadata: Unless otherwise indicated all metadata associated with this manuscript is copyright the authors and released under Creative Commons Attribution 4.0 International License.  
Masters/sinaimasters/ara/arabic_0602/sld_arb0602_0054_f_026v.tif,54,discovery,f. 026v,Text,,ark:/21198/z1dn58f6,ark:/21198/z1dn58f6/h497k15d,Page,copyrighted,Contact the Monastery of St. Catherine's of the Sinai. Metadata: Unless otherwise indicated all metadata associated with this manuscript is copyright the authors and released under Creative Commons Attribution 4.0 International License.  
Masters/sinaimasters/ara/arabic_0602/sld_arb0602_0055_f_027r.tif,55,discovery,f. 027r,Text,,ark:/21198/z1dn58f6,ark:/21198/z1dn58f6/vw713j1c,Page,copyrighted,Contact the Monastery of St. Catherine's of the Sinai. Metadata: Unless otherwise indicated all metadata associated with this manuscript is copyright the authors and released under Creative Commons Attribution 4.0 International License.  
Masters/sinaimasters/ara/arabic_0602/sld_arb0602_0056_f_027v.tif,56,discovery,f. 027v,Text,,ark:/21198/z1dn58f6,ark:/21198/z1dn58f6/s182jq2j,Page,copyrighted,Contact the Monastery of St. Catherine's of the Sinai. Metadata: Unless otherwise indicated all metadata associated with this manuscript is copyright the authors and released under Creative Commons Attribution 4.0 International License.  
Masters/sinaimasters/ara/arabic_0602/sld_arb0602_0057_f_028r.tif,57,discovery,f. 028r,Text,,ark:/21198/z1dn58f6,ark:/21198/z1dn58f6/tn372v96,Page,copyrighted,Contact the Monastery of St. Catherine's of the Sinai. Metadata: Unless otherwise indicated all metadata associated with this manuscript is copyright the authors and released under Creative Commons Attribution 4.0 International License.  
Masters/sinaimasters/ara/arabic_0602/sld_arb0602_0058_f_028v.tif,58,discovery,f. 028v,Text,,ark:/21198/z1dn58f6,ark:/21198/z1dn58f6/qr42rs2t,Page,copyrighted,Contact the Monastery of St. Catherine's of the Sinai. Metadata: Unless otherwise indicated all metadata associated with this manuscript is copyright the authors and released under Creative Commons Attribution 4.0 International License.  
Masters/sinaimasters/ara/arabic_0602/sld_arb0602_0059_f_029r.tif,59,discovery,f. 029r,Text,,ark:/21198/z1dn58f6,ark:/21198/z1dn58f6/fx84b95m,Page,copyrighted,Contact the Monastery of St. Catherine's of the Sinai. Metadata: Unless otherwise indicated all metadata associated with this manuscript is copyright the authors and released under Creative Commons Attribution 4.0 International License.  
Masters/sinaimasters/ara/arabic_0602/sld_arb0602_0060_f_029v.tif,60,discovery,f. 029v,Text,,ark:/21198/z1dn58f6,ark:/21198/z1dn58f6/9m55pn91,Page,copyrighted,Contact the Monastery of St. Catherine's of the Sinai. Metadata: Unless otherwise indicated all metadata associated with this manuscript is copyright the authors and released under Creative Commons Attribution 4.0 International License.  
Masters/sinaimasters/ara/arabic_0602/sld_arb0602_0061_f_030r.tif,61,discovery,f. 030r,Text,,ark:/21198/z1dn58f6,ark:/21198/z1dn58f6/5t01ph3v,Page,copyrighted,Contact the Monastery of St. Catherine's of the Sinai. Metadata: Unless otherwise indicated all metadata associated with this manuscript is copyright the authors and released under Creative Commons Attribution 4.0 International License.  
Masters/sinaimasters/ara/arabic_0602/sld_arb0602_0062_f_030v.tif,62,discovery,f. 030v,Text,,ark:/21198/z1dn58f6,ark:/21198/z1dn58f6/3j79769t,Page,copyrighted,Contact the Monastery of St. Catherine's of the Sinai. Metadata: Unless otherwise indicated all metadata associated with this manuscript is copyright the authors and released under Creative Commons Attribution 4.0 International License.  
Masters/sinaimasters/ara/arabic_0602/sld_arb0602_0063_f_031r.tif,63,discovery,f. 031r,Text,,ark:/21198/z1dn58f6,ark:/21198/z1dn58f6/k877m83k,Page,copyrighted,Contact the Monastery of St. Catherine's of the Sinai. Metadata: Unless otherwise indicated all metadata associated with this manuscript is copyright the authors and released under Creative Commons Attribution 4.0 International License.  
Masters/sinaimasters/ara/arabic_0602/sld_arb0602_0064_f_031v.tif,64,discovery,f. 031v,Text,,ark:/21198/z1dn58f6,ark:/21198/z1dn58f6/7c25627t,Page,copyrighted,Contact the Monastery of St. Catherine's of the Sinai. Metadata: Unless otherwise indicated all metadata associated with this manuscript is copyright the authors and released under Creative Commons Attribution 4.0 International License.  
Masters/sinaimasters/ara/arabic_0602/sld_arb0602_0065_f_032r.tif,65,discovery,f. 032r,Text,,ark:/21198/z1dn58f6,ark:/21198/z1dn58f6/p3018b7v,Page,copyrighted,Contact the Monastery of St. Catherine's of the Sinai. Metadata: Unless otherwise indicated all metadata associated with this manuscript is copyright the authors and released under Creative Commons Attribution 4.0 International License.  
Masters/sinaimasters/ara/arabic_0602/sld_arb0602_0066_f_032v.tif,66,discovery,f. 032v,Text,,ark:/21198/z1dn58f6,ark:/21198/z1dn58f6/7553wd2m,Page,copyrighted,Contact the Monastery of St. Catherine's of the Sinai. Metadata: Unless otherwise indicated all metadata associated with this manuscript is copyright the authors and released under Creative Commons Attribution 4.0 International License.  
Masters/sinaimasters/ara/arabic_0602/sld_arb0602_0067_f_033r.tif,67,discovery,f. 033r,Text,,ark:/21198/z1dn58f6,ark:/21198/z1dn58f6/m224t83v,Page,copyrighted,Contact the Monastery of St. Catherine's of the Sinai. Metadata: Unless otherwise indicated all metadata associated with this manuscript is copyright the authors and released under Creative Commons Attribution 4.0 International License.  
Masters/sinaimasters/ara/arabic_0602/sld_arb0602_0068_f_033v.tif,68,discovery,f. 033v,Text,,ark:/21198/z1dn58f6,ark:/21198/z1dn58f6/jt871g38,Page,copyrighted,Contact the Monastery of St. Catherine's of the Sinai. Metadata: Unless otherwise indicated all metadata associated with this manuscript is copyright the authors and released under Creative Commons Attribution 4.0 International License.  
Masters/sinaimasters/ara/arabic_0602/sld_arb0602_0069_f_034r.tif,69,discovery,f. 034r,Text,,ark:/21198/z1dn58f6,ark:/21198/z1dn58f6/jh67nj75,Page,copyrighted,Contact the Monastery of St. Catherine's of the Sinai. Metadata: Unless otherwise indicated all metadata associated with this manuscript is copyright the authors and released under Creative Commons Attribution 4.0 International License.  
Masters/sinaimasters/ara/arabic_0602/sld_arb0602_0070_f_034v.tif,70,discovery,f. 034v,Text,,ark:/21198/z1dn58f6,ark:/21198/z1dn58f6/5w281p1v,Page,copyrighted,Contact the Monastery of St. Catherine's of the Sinai. Metadata: Unless otherwise indicated all metadata associated with this manuscript is copyright the authors and released under Creative Commons Attribution 4.0 International License.  
Masters/sinaimasters/ara/arabic_0602/sld_arb0602_0071_f_035r.tif,71,discovery,f. 035r,Text,,ark:/21198/z1dn58f6,ark:/21198/z1dn58f6/rd24v30f,Page,copyrighted,Contact the Monastery of St. Catherine's of the Sinai. Metadata: Unless otherwise indicated all metadata associated with this manuscript is copyright the authors and released under Creative Commons Attribution 4.0 International License.  
Masters/sinaimasters/ara/arabic_0602/sld_arb0602_0072_f_035v.tif,72,discovery,f. 035v,Text,,ark:/21198/z1dn58f6,ark:/21198/z1dn58f6/rd21c453,Page,copyrighted,Contact the Monastery of St. Catherine's of the Sinai. Metadata: Unless otherwise indicated all metadata associated with this manuscript is copyright the authors and released under Creative Commons Attribution 4.0 International License.  
Masters/sinaimasters/ara/arabic_0602/sld_arb0602_0073_f_036r.tif,73,discovery,f. 036r,Text,,ark:/21198/z1dn58f6,ark:/21198/z1dn58f6/q691x30s,Page,copyrighted,Contact the Monastery of St. Catherine's of the Sinai. Metadata: Unless otherwise indicated all metadata associated with this manuscript is copyright the authors and released under Creative Commons Attribution 4.0 International License.  
Masters/sinaimasters/ara/arabic_0602/sld_arb0602_0074_f_036v.tif,74,discovery,f. 036v,Text,,ark:/21198/z1dn58f6,ark:/21198/z1dn58f6/rj76j53p,Page,copyrighted,Contact the Monastery of St. Catherine's of the Sinai. Metadata: Unless otherwise indicated all metadata associated with this manuscript is copyright the authors and released under Creative Commons Attribution 4.0 International License.  
Masters/sinaimasters/ara/arabic_0602/sld_arb0602_0075_f_037r.tif,75,discovery,f. 037r,Text,,ark:/21198/z1dn58f6,ark:/21198/z1dn58f6/6z96x50q,Page,copyrighted,Contact the Monastery of St. Catherine's of the Sinai. Metadata: Unless otherwise indicated all metadata associated with this manuscript is copyright the authors and released under Creative Commons Attribution 4.0 International License.  
Masters/sinaimasters/ara/arabic_0602/sld_arb0602_0076_f_037v.tif,76,discovery,f. 037v,Text,,ark:/21198/z1dn58f6,ark:/21198/z1dn58f6/pd229q28,Page,copyrighted,Contact the Monastery of St. Catherine's of the Sinai. Metadata: Unless otherwise indicated all metadata associated with this manuscript is copyright the authors and released under Creative Commons Attribution 4.0 International License.  
Masters/sinaimasters/ara/arabic_0602/sld_arb0602_0077_f_038r.tif,77,discovery,f. 038r,Text,,ark:/21198/z1dn58f6,ark:/21198/z1dn58f6/7t699g3n,Page,copyrighted,Contact the Monastery of St. Catherine's of the Sinai. Metadata: Unless otherwise indicated all metadata associated with this manuscript is copyright the authors and released under Creative Commons Attribution 4.0 International License.  
Masters/sinaimasters/ara/arabic_0602/sld_arb0602_0078_f_038v.tif,78,discovery,f. 038v,Text,,ark:/21198/z1dn58f6,ark:/21198/z1dn58f6/6n73qz04,Page,copyrighted,Contact the Monastery of St. Catherine's of the Sinai. Metadata: Unless otherwise indicated all metadata associated with this manuscript is copyright the authors and released under Creative Commons Attribution 4.0 International License.  
Masters/sinaimasters/ara/arabic_0602/sld_arb0602_0079_f_039r.tif,79,discovery,f. 039r,Text,,ark:/21198/z1dn58f6,ark:/21198/z1dn58f6/8w95zk5w,Page,copyrighted,Contact the Monastery of St. Catherine's of the Sinai. Metadata: Unless otherwise indicated all metadata associated with this manuscript is copyright the authors and released under Creative Commons Attribution 4.0 International License.  
Masters/sinaimasters/ara/arabic_0602/sld_arb0602_0080_f_039v.tif,80,discovery,f. 039v,Text,,ark:/21198/z1dn58f6,ark:/21198/z1dn58f6/z7086d32,Page,copyrighted,Contact the Monastery of St. Catherine's of the Sinai. Metadata: Unless otherwise indicated all metadata associated with this manuscript is copyright the authors and released under Creative Commons Attribution 4.0 International License.  
Masters/sinaimasters/ara/arabic_0602/sld_arb0602_0081_f_040r.tif,81,discovery,f. 040r,Text,,ark:/21198/z1dn58f6,ark:/21198/z1dn58f6/wp06wd5r,Page,copyrighted,Contact the Monastery of St. Catherine's of the Sinai. Metadata: Unless otherwise indicated all metadata associated with this manuscript is copyright the authors and released under Creative Commons Attribution 4.0 International License.  
Masters/sinaimasters/ara/arabic_0602/sld_arb0602_0082_f_040v.tif,82,discovery,f. 040v,Text,,ark:/21198/z1dn58f6,ark:/21198/z1dn58f6/3c33fv26,Page,copyrighted,Contact the Monastery of St. Catherine's of the Sinai. Metadata: Unless otherwise indicated all metadata associated with this manuscript is copyright the authors and released under Creative Commons Attribution 4.0 International License.  
Masters/sinaimasters/ara/arabic_0602/sld_arb0602_0083_f_041r.tif,83,discovery,f. 041r,Text,,ark:/21198/z1dn58f6,ark:/21198/z1dn58f6/3515p585,Page,copyrighted,Contact the Monastery of St. Catherine's of the Sinai. Metadata: Unless otherwise indicated all metadata associated with this manuscript is copyright the authors and released under Creative Commons Attribution 4.0 International License.  
Masters/sinaimasters/ara/arabic_0602/sld_arb0602_0084_f_041v.tif,84,discovery,f. 041v,Text,,ark:/21198/z1dn58f6,ark:/21198/z1dn58f6/85215479,Page,copyrighted,Contact the Monastery of St. Catherine's of the Sinai. Metadata: Unless otherwise indicated all metadata associated with this manuscript is copyright the authors and released under Creative Commons Attribution 4.0 International License.  
Masters/sinaimasters/ara/arabic_0602/sld_arb0602_0085_f_042r.tif,85,discovery,f. 042r,Text,,ark:/21198/z1dn58f6,ark:/21198/z1dn58f6/hd910126,Page,copyrighted,Contact the Monastery of St. Catherine's of the Sinai. Metadata: Unless otherwise indicated all metadata associated with this manuscript is copyright the authors and released under Creative Commons Attribution 4.0 International License.  
Masters/sinaimasters/ara/arabic_0602/sld_arb0602_0086_f_042v.tif,86,discovery,f. 042v,Text,,ark:/21198/z1dn58f6,ark:/21198/z1dn58f6/r701203h,Page,copyrighted,Contact the Monastery of St. Catherine's of the Sinai. Metadata: Unless otherwise indicated all metadata associated with this manuscript is copyright the authors and released under Creative Commons Attribution 4.0 International License.  
Masters/sinaimasters/ara/arabic_0602/sld_arb0602_0087_f_043r.tif,87,discovery,f. 043r,Text,,ark:/21198/z1dn58f6,ark:/21198/z1dn58f6/v751933p,Page,copyrighted,Contact the Monastery of St. Catherine's of the Sinai. Metadata: Unless otherwise indicated all metadata associated with this manuscript is copyright the authors and released under Creative Commons Attribution 4.0 International License.  
Masters/sinaimasters/ara/arabic_0602/sld_arb0602_0088_f_043v.tif,88,discovery,f. 043v,Text,,ark:/21198/z1dn58f6,ark:/21198/z1dn58f6/3r66gw8g,Page,copyrighted,Contact the Monastery of St. Catherine's of the Sinai. Metadata: Unless otherwise indicated all metadata associated with this manuscript is copyright the authors and released under Creative Commons Attribution 4.0 International License.  
Masters/sinaimasters/ara/arabic_0602/sld_arb0602_0089_f_044r.tif,89,discovery,f. 044r,Text,,ark:/21198/z1dn58f6,ark:/21198/z1dn58f6/zb89vj42,Page,copyrighted,Contact the Monastery of St. Catherine's of the Sinai. Metadata: Unless otherwise indicated all metadata associated with this manuscript is copyright the authors and released under Creative Commons Attribution 4.0 International License.  
Masters/sinaimasters/ara/arabic_0602/sld_arb0602_0090_f_044v.tif,90,discovery,f. 044v,Text,,ark:/21198/z1dn58f6,ark:/21198/z1dn58f6/px479s2v,Page,copyrighted,Contact the Monastery of St. Catherine's of the Sinai. Metadata: Unless otherwise indicated all metadata associated with this manuscript is copyright the authors and released under Creative Commons Attribution 4.0 International License.  
Masters/sinaimasters/ara/arabic_0602/sld_arb0602_0091_f_045r.tif,91,discovery,f. 045r,Text,,ark:/21198/z1dn58f6,ark:/21198/z1dn58f6/n369hr0c,Page,copyrighted,Contact the Monastery of St. Catherine's of the Sinai. Metadata: Unless otherwise indicated all metadata associated with this manuscript is copyright the authors and released under Creative Commons Attribution 4.0 International License.  
Masters/sinaimasters/ara/arabic_0602/sld_arb0602_0092_f_045v.tif,92,discovery,f. 045v,Text,,ark:/21198/z1dn58f6,ark:/21198/z1dn58f6/5c45mk3m,Page,copyrighted,Contact the Monastery of St. Catherine's of the Sinai. Metadata: Unless otherwise indicated all metadata associated with this manuscript is copyright the authors and released under Creative Commons Attribution 4.0 International License.  
Masters/sinaimasters/ara/arabic_0602/sld_arb0602_0093_f_046r.tif,93,discovery,f. 046r,Text,,ark:/21198/z1dn58f6,ark:/21198/z1dn58f6/tb810675,Page,copyrighted,Contact the Monastery of St. Catherine's of the Sinai. Metadata: Unless otherwise indicated all metadata associated with this manuscript is copyright the authors and released under Creative Commons Attribution 4.0 International License.  
Masters/sinaimasters/ara/arabic_0602/sld_arb0602_0094_f_046v.tif,94,discovery,f. 046v,Text,,ark:/21198/z1dn58f6,ark:/21198/z1dn58f6/rq38t264,Page,copyrighted,Contact the Monastery of St. Catherine's of the Sinai. Metadata: Unless otherwise indicated all metadata associated with this manuscript is copyright the authors and released under Creative Commons Attribution 4.0 International License.  
Masters/sinaimasters/ara/arabic_0602/sld_arb0602_0095_f_047r.tif,95,discovery,f. 047r,Text,,ark:/21198/z1dn58f6,ark:/21198/z1dn58f6/js89rv1d,Page,copyrighted,Contact the Monastery of St. Catherine's of the Sinai. Metadata: Unless otherwise indicated all metadata associated with this manuscript is copyright the authors and released under Creative Commons Attribution 4.0 International License.  
Masters/sinaimasters/ara/arabic_0602/sld_arb0602_0096_f_047v.tif,96,discovery,f. 047v,Text,,ark:/21198/z1dn58f6,ark:/21198/z1dn58f6/bz01q60r,Page,copyrighted,Contact the Monastery of St. Catherine's of the Sinai. Metadata: Unless otherwise indicated all metadata associated with this manuscript is copyright the authors and released under Creative Commons Attribution 4.0 International License.  
Masters/sinaimasters/ara/arabic_0602/sld_arb0602_0097_f_048r.tif,97,discovery,f. 048r,Text,,ark:/21198/z1dn58f6,ark:/21198/z1dn58f6/7r24p984,Page,copyrighted,Contact the Monastery of St. Catherine's of the Sinai. Metadata: Unless otherwise indicated all metadata associated with this manuscript is copyright the authors and released under Creative Commons Attribution 4.0 International License.  
Masters/sinaimasters/ara/arabic_0602/sld_arb0602_0098_f_048v.tif,98,discovery,f. 048v,Text,,ark:/21198/z1dn58f6,ark:/21198/z1dn58f6/ww35h74r,Page,copyrighted,Contact the Monastery of St. Catherine's of the Sinai. Metadata: Unless otherwise indicated all metadata associated with this manuscript is copyright the authors and released under Creative Commons Attribution 4.0 International License.  
Masters/sinaimasters/ara/arabic_0602/sld_arb0602_0099_f_049r.tif,99,discovery,f. 049r,Text,,ark:/21198/z1dn58f6,ark:/21198/z1dn58f6/5p971230,Page,copyrighted,Contact the Monastery of St. Catherine's of the Sinai. Metadata: Unless otherwise indicated all metadata associated with this manuscript is copyright the authors and released under Creative Commons Attribution 4.0 International License.  
Masters/sinaimasters/ara/arabic_0602/sld_arb0602_0100_f_049v.tif,100,discovery,f. 049v,Text,,ark:/21198/z1dn58f6,ark:/21198/z1dn58f6/hz13xd9h,Page,copyrighted,Contact the Monastery of St. Catherine's of the Sinai. Metadata: Unless otherwise indicated all metadata associated with this manuscript is copyright the authors and released under Creative Commons Attribution 4.0 International License.  
Masters/sinaimasters/ara/arabic_0602/sld_arb0602_0101_f_050r.tif,101,discovery,f. 050r,Text,,ark:/21198/z1dn58f6,ark:/21198/z1dn58f6/q183js9r,Page,copyrighted,Contact the Monastery of St. Catherine's of the Sinai. Metadata: Unless otherwise indicated all metadata associated with this manuscript is copyright the authors and released under Creative Commons Attribution 4.0 International License.  
Masters/sinaimasters/ara/arabic_0602/sld_arb0602_0102_f_050v.tif,102,discovery,f. 050v,Text,,ark:/21198/z1dn58f6,ark:/21198/z1dn58f6/8m74248g,Page,copyrighted,Contact the Monastery of St. Catherine's of the Sinai. Metadata: Unless otherwise indicated all metadata associated with this manuscript is copyright the authors and released under Creative Commons Attribution 4.0 International License.  
Masters/sinaimasters/ara/arabic_0602/sld_arb0602_0103_f_051r.tif,103,discovery,f. 051r,Text,,ark:/21198/z1dn58f6,ark:/21198/z1dn58f6/k1335z0x,Page,copyrighted,Contact the Monastery of St. Catherine's of the Sinai. Metadata: Unless otherwise indicated all metadata associated with this manuscript is copyright the authors and released under Creative Commons Attribution 4.0 International License.  
Masters/sinaimasters/ara/arabic_0602/sld_arb0602_0104_f_051v.tif,104,discovery,f. 051v,Text,,ark:/21198/z1dn58f6,ark:/21198/z1dn58f6/54315z11,Page,copyrighted,Contact the Monastery of St. Catherine's of the Sinai. Metadata: Unless otherwise indicated all metadata associated with this manuscript is copyright the authors and released under Creative Commons Attribution 4.0 International License.  
Masters/sinaimasters/ara/arabic_0602/sld_arb0602_0105_f_052r.tif,105,discovery,f. 052r,Text,,ark:/21198/z1dn58f6,ark:/21198/z1dn58f6/tw478w0j,Page,copyrighted,Contact the Monastery of St. Catherine's of the Sinai. Metadata: Unless otherwise indicated all metadata associated with this manuscript is copyright the authors and released under Creative Commons Attribution 4.0 International License.  
Masters/sinaimasters/ara/arabic_0602/sld_arb0602_0106_f_052v.tif,106,discovery,f. 052v,Text,,ark:/21198/z1dn58f6,ark:/21198/z1dn58f6/r252dg9f,Page,copyrighted,Contact the Monastery of St. Catherine's of the Sinai. Metadata: Unless otherwise indicated all metadata associated with this manuscript is copyright the authors and released under Creative Commons Attribution 4.0 International License.  
Masters/sinaimasters/ara/arabic_0602/sld_arb0602_0107_f_053r.tif,107,discovery,f. 053r,Text,,ark:/21198/z1dn58f6,ark:/21198/z1dn58f6/c934d74b,Page,copyrighted,Contact the Monastery of St. Catherine's of the Sinai. Metadata: Unless otherwise indicated all metadata associated with this manuscript is copyright the authors and released under Creative Commons Attribution 4.0 International License.  
Masters/sinaimasters/ara/arabic_0602/sld_arb0602_0108_f_053v.tif,108,discovery,f. 053v,Text,,ark:/21198/z1dn58f6,ark:/21198/z1dn58f6/jb49xd15,Page,copyrighted,Contact the Monastery of St. Catherine's of the Sinai. Metadata: Unless otherwise indicated all metadata associated with this manuscript is copyright the authors and released under Creative Commons Attribution 4.0 International License.  
Masters/sinaimasters/ara/arabic_0602/sld_arb0602_0109_f_054r.tif,109,discovery,f. 054r,Text,,ark:/21198/z1dn58f6,ark:/21198/z1dn58f6/8h91gn3k,Page,copyrighted,Contact the Monastery of St. Catherine's of the Sinai. Metadata: Unless otherwise indicated all metadata associated with this manuscript is copyright the authors and released under Creative Commons Attribution 4.0 International License.  
Masters/sinaimasters/ara/arabic_0602/sld_arb0602_0110_f_054v.tif,110,discovery,f. 054v,Text,,ark:/21198/z1dn58f6,ark:/21198/z1dn58f6/pz71hv9r,Page,copyrighted,Contact the Monastery of St. Catherine's of the Sinai. Metadata: Unless otherwise indicated all metadata associated with this manuscript is copyright the authors and released under Creative Commons Attribution 4.0 International License.  
Masters/sinaimasters/ara/arabic_0602/sld_arb0602_0111_f_055r.tif,111,discovery,f. 055r,Text,,ark:/21198/z1dn58f6,ark:/21198/z1dn58f6/ns25m957,Page,copyrighted,Contact the Monastery of St. Catherine's of the Sinai. Metadata: Unless otherwise indicated all metadata associated with this manuscript is copyright the authors and released under Creative Commons Attribution 4.0 International License.  
Masters/sinaimasters/ara/arabic_0602/sld_arb0602_0112_f_055v.tif,112,discovery,f. 055v,Text,,ark:/21198/z1dn58f6,ark:/21198/z1dn58f6/ts60mg1b,Page,copyrighted,Contact the Monastery of St. Catherine's of the Sinai. Metadata: Unless otherwise indicated all metadata associated with this manuscript is copyright the authors and released under Creative Commons Attribution 4.0 International License.  
Masters/sinaimasters/ara/arabic_0602/sld_arb0602_0113_f_056r.tif,113,discovery,f. 056r,Text,,ark:/21198/z1dn58f6,ark:/21198/z1dn58f6/85110m13,Page,copyrighted,Contact the Monastery of St. Catherine's of the Sinai. Metadata: Unless otherwise indicated all metadata associated with this manuscript is copyright the authors and released under Creative Commons Attribution 4.0 International License.  
Masters/sinaimasters/ara/arabic_0602/sld_arb0602_0114_f_056v.tif,114,discovery,f. 056v,Text,,ark:/21198/z1dn58f6,ark:/21198/z1dn58f6/dz79504x,Page,copyrighted,Contact the Monastery of St. Catherine's of the Sinai. Metadata: Unless otherwise indicated all metadata associated with this manuscript is copyright the authors and released under Creative Commons Attribution 4.0 International License.  
Masters/sinaimasters/ara/arabic_0602/sld_arb0602_0115_f_057r.tif,115,discovery,f. 057r,Text,,ark:/21198/z1dn58f6,ark:/21198/z1dn58f6/2q06dm3s,Page,copyrighted,Contact the Monastery of St. Catherine's of the Sinai. Metadata: Unless otherwise indicated all metadata associated with this manuscript is copyright the authors and released under Creative Commons Attribution 4.0 International License.  
Masters/sinaimasters/ara/arabic_0602/sld_arb0602_0116_f_057v.tif,116,discovery,f. 057v,Text,,ark:/21198/z1dn58f6,ark:/21198/z1dn58f6/mf34b33g,Page,copyrighted,Contact the Monastery of St. Catherine's of the Sinai. Metadata: Unless otherwise indicated all metadata associated with this manuscript is copyright the authors and released under Creative Commons Attribution 4.0 International License.  
Masters/sinaimasters/ara/arabic_0602/sld_arb0602_0117_f_058r.tif,117,discovery,f. 058r,Text,,ark:/21198/z1dn58f6,ark:/21198/z1dn58f6/0832sb7m,Page,copyrighted,Contact the Monastery of St. Catherine's of the Sinai. Metadata: Unless otherwise indicated all metadata associated with this manuscript is copyright the authors and released under Creative Commons Attribution 4.0 International License.  
Masters/sinaimasters/ara/arabic_0602/sld_arb0602_0118_f_058v.tif,118,discovery,f. 058v,Text,,ark:/21198/z1dn58f6,ark:/21198/z1dn58f6/2p11s068,Page,copyrighted,Contact the Monastery of St. Catherine's of the Sinai. Metadata: Unless otherwise indicated all metadata associated with this manuscript is copyright the authors and released under Creative Commons Attribution 4.0 International License.  
Masters/sinaimasters/ara/arabic_0602/sld_arb0602_0119_f_059r.tif,119,discovery,f. 059r,Text,,ark:/21198/z1dn58f6,ark:/21198/z1dn58f6/v412p562,Page,copyrighted,Contact the Monastery of St. Catherine's of the Sinai. Metadata: Unless otherwise indicated all metadata associated with this manuscript is copyright the authors and released under Creative Commons Attribution 4.0 International License.  
Masters/sinaimasters/ara/arabic_0602/sld_arb0602_0120_f_059v.tif,120,discovery,f. 059v,Text,,ark:/21198/z1dn58f6,ark:/21198/z1dn58f6/d269ms1b,Page,copyrighted,Contact the Monastery of St. Catherine's of the Sinai. Metadata: Unless otherwise indicated all metadata associated with this manuscript is copyright the authors and released under Creative Commons Attribution 4.0 International License.  
Masters/sinaimasters/ara/arabic_0602/sld_arb0602_0121_f_060r.tif,121,discovery,f. 060r,Text,,ark:/21198/z1dn58f6,ark:/21198/z1dn58f6/vn321q0f,Page,copyrighted,Contact the Monastery of St. Catherine's of the Sinai. Metadata: Unless otherwise indicated all metadata associated with this manuscript is copyright the authors and released under Creative Commons Attribution 4.0 International License.  
Masters/sinaimasters/ara/arabic_0602/sld_arb0602_0122_f_060v.tif,122,discovery,f. 060v,Text,,ark:/21198/z1dn58f6,ark:/21198/z1dn58f6/mw16sc5g,Page,copyrighted,Contact the Monastery of St. Catherine's of the Sinai. Metadata: Unless otherwise indicated all metadata associated with this manuscript is copyright the authors and released under Creative Commons Attribution 4.0 International License.  
Masters/sinaimasters/ara/arabic_0602/sld_arb0602_0123_f_061r.tif,123,discovery,f. 061r,Text,,ark:/21198/z1dn58f6,ark:/21198/z1dn58f6/j382f34h,Page,copyrighted,Contact the Monastery of St. Catherine's of the Sinai. Metadata: Unless otherwise indicated all metadata associated with this manuscript is copyright the authors and released under Creative Commons Attribution 4.0 International License.  
Masters/sinaimasters/ara/arabic_0602/sld_arb0602_0124_f_061v.tif,124,discovery,f. 061v,Text,,ark:/21198/z1dn58f6,ark:/21198/z1dn58f6/jv90731h,Page,copyrighted,Contact the Monastery of St. Catherine's of the Sinai. Metadata: Unless otherwise indicated all metadata associated with this manuscript is copyright the authors and released under Creative Commons Attribution 4.0 International License.  
Masters/sinaimasters/ara/arabic_0602/sld_arb0602_0125_f_062r.tif,125,discovery,f. 062r,Text,,ark:/21198/z1dn58f6,ark:/21198/z1dn58f6/mg61d04k,Page,copyrighted,Contact the Monastery of St. Catherine's of the Sinai. Metadata: Unless otherwise indicated all metadata associated with this manuscript is copyright the authors and released under Creative Commons Attribution 4.0 International License.  
Masters/sinaimasters/ara/arabic_0602/sld_arb0602_0126_f_062v.tif,126,discovery,f. 062v,Text,,ark:/21198/z1dn58f6,ark:/21198/z1dn58f6/8708537d,Page,copyrighted,Contact the Monastery of St. Catherine's of the Sinai. Metadata: Unless otherwise indicated all metadata associated with this manuscript is copyright the authors and released under Creative Commons Attribution 4.0 International License.  
Masters/sinaimasters/ara/arabic_0602/sld_arb0602_0127_f_063r.tif,127,discovery,f. 063r,Text,,ark:/21198/z1dn58f6,ark:/21198/z1dn58f6/0b39n40n,Page,copyrighted,Contact the Monastery of St. Catherine's of the Sinai. Metadata: Unless otherwise indicated all metadata associated with this manuscript is copyright the authors and released under Creative Commons Attribution 4.0 International License.  
Masters/sinaimasters/ara/arabic_0602/sld_arb0602_0128_f_063v.tif,128,discovery,f. 063v,Text,,ark:/21198/z1dn58f6,ark:/21198/z1dn58f6/rx56s175,Page,copyrighted,Contact the Monastery of St. Catherine's of the Sinai. Metadata: Unless otherwise indicated all metadata associated with this manuscript is copyright the authors and released under Creative Commons Attribution 4.0 International License.  
Masters/sinaimasters/ara/arabic_0602/sld_arb0602_0129_f_064r.tif,129,discovery,f. 064r,Text,,ark:/21198/z1dn58f6,ark:/21198/z1dn58f6/6774g930,Page,copyrighted,Contact the Monastery of St. Catherine's of the Sinai. Metadata: Unless otherwise indicated all metadata associated with this manuscript is copyright the authors and released under Creative Commons Attribution 4.0 International License.  
Masters/sinaimasters/ara/arabic_0602/sld_arb0602_0130_f_064v.tif,130,discovery,f. 064v,Text,,ark:/21198/z1dn58f6,ark:/21198/z1dn58f6/6s60qv6z,Page,copyrighted,Contact the Monastery of St. Catherine's of the Sinai. Metadata: Unless otherwise indicated all metadata associated with this manuscript is copyright the authors and released under Creative Commons Attribution 4.0 International License.  
Masters/sinaimasters/ara/arabic_0602/sld_arb0602_0131_f_065r.tif,131,discovery,f. 065r,Text,,ark:/21198/z1dn58f6,ark:/21198/z1dn58f6/2898vp6k,Page,copyrighted,Contact the Monastery of St. Catherine's of the Sinai. Metadata: Unless otherwise indicated all metadata associated with this manuscript is copyright the authors and released under Creative Commons Attribution 4.0 International License.  
Masters/sinaimasters/ara/arabic_0602/sld_arb0602_0132_f_065v.tif,132,discovery,f. 065v,Text,,ark:/21198/z1dn58f6,ark:/21198/z1dn58f6/6t50gb87,Page,copyrighted,Contact the Monastery of St. Catherine's of the Sinai. Metadata: Unless otherwise indicated all metadata associated with this manuscript is copyright the authors and released under Creative Commons Attribution 4.0 International License.  
Masters/sinaimasters/ara/arabic_0602/sld_arb0602_0133_f_066r.tif,133,discovery,f. 066r,Text,,ark:/21198/z1dn58f6,ark:/21198/z1dn58f6/xt72qw9z,Page,copyrighted,Contact the Monastery of St. Catherine's of the Sinai. Metadata: Unless otherwise indicated all metadata associated with this manuscript is copyright the authors and released under Creative Commons Attribution 4.0 International License.  
Masters/sinaimasters/ara/arabic_0602/sld_arb0602_0134_f_066v.tif,134,discovery,f. 066v,Text,,ark:/21198/z1dn58f6,ark:/21198/z1dn58f6/nx235w50,Page,copyrighted,Contact the Monastery of St. Catherine's of the Sinai. Metadata: Unless otherwise indicated all metadata associated with this manuscript is copyright the authors and released under Creative Commons Attribution 4.0 International License.  
Masters/sinaimasters/ara/arabic_0602/sld_arb0602_0135_f_067r.tif,135,discovery,f. 067r,Text,,ark:/21198/z1dn58f6,ark:/21198/z1dn58f6/0v98p52d,Page,copyrighted,Contact the Monastery of St. Catherine's of the Sinai. Metadata: Unless otherwise indicated all metadata associated with this manuscript is copyright the authors and released under Creative Commons Attribution 4.0 International License.  
Masters/sinaimasters/ara/arabic_0602/sld_arb0602_0136_f_067v.tif,136,discovery,f. 067v,Text,,ark:/21198/z1dn58f6,ark:/21198/z1dn58f6/vb49gt0r,Page,copyrighted,Contact the Monastery of St. Catherine's of the Sinai. Metadata: Unless otherwise indicated all metadata associated with this manuscript is copyright the authors and released under Creative Commons Attribution 4.0 International License.  
Masters/sinaimasters/ara/arabic_0602/sld_arb0602_0137_f_068r.tif,137,discovery,f. 068r,Text,,ark:/21198/z1dn58f6,ark:/21198/z1dn58f6/nc50jz3t,Page,copyrighted,Contact the Monastery of St. Catherine's of the Sinai. Metadata: Unless otherwise indicated all metadata associated with this manuscript is copyright the authors and released under Creative Commons Attribution 4.0 International License.  
Masters/sinaimasters/ara/arabic_0602/sld_arb0602_0138_f_068v.tif,138,discovery,f. 068v,Text,,ark:/21198/z1dn58f6,ark:/21198/z1dn58f6/4x990d5n,Page,copyrighted,Contact the Monastery of St. Catherine's of the Sinai. Metadata: Unless otherwise indicated all metadata associated with this manuscript is copyright the authors and released under Creative Commons Attribution 4.0 International License.  
Masters/sinaimasters/ara/arabic_0602/sld_arb0602_0139_f_069r.tif,139,discovery,f. 069r,Text,,ark:/21198/z1dn58f6,ark:/21198/z1dn58f6/f491406n,Page,copyrighted,Contact the Monastery of St. Catherine's of the Sinai. Metadata: Unless otherwise indicated all metadata associated with this manuscript is copyright the authors and released under Creative Commons Attribution 4.0 International License.  
Masters/sinaimasters/ara/arabic_0602/sld_arb0602_0140_f_069v.tif,140,discovery,f. 069v,Text,,ark:/21198/z1dn58f6,ark:/21198/z1dn58f6/pj74j77j,Page,copyrighted,Contact the Monastery of St. Catherine's of the Sinai. Metadata: Unless otherwise indicated all metadata associated with this manuscript is copyright the authors and released under Creative Commons Attribution 4.0 International License.  
Masters/sinaimasters/ara/arabic_0602/sld_arb0602_0141_f_070r.tif,141,discovery,f. 070r,Text,,ark:/21198/z1dn58f6,ark:/21198/z1dn58f6/2c043p0z,Page,copyrighted,Contact the Monastery of St. Catherine's of the Sinai. Metadata: Unless otherwise indicated all metadata associated with this manuscript is copyright the authors and released under Creative Commons Attribution 4.0 International License.  
Masters/sinaimasters/ara/arabic_0602/sld_arb0602_0142_f_070v.tif,142,discovery,f. 070v,Text,,ark:/21198/z1dn58f6,ark:/21198/z1dn58f6/w662vd4t,Page,copyrighted,Contact the Monastery of St. Catherine's of the Sinai. Metadata: Unless otherwise indicated all metadata associated with this manuscript is copyright the authors and released under Creative Commons Attribution 4.0 International License.  
Masters/sinaimasters/ara/arabic_0602/sld_arb0602_0143_f_071r.tif,143,discovery,f. 071r,Text,,ark:/21198/z1dn58f6,ark:/21198/z1dn58f6/6m68j66p,Page,copyrighted,Contact the Monastery of St. Catherine's of the Sinai. Metadata: Unless otherwise indicated all metadata associated with this manuscript is copyright the authors and released under Creative Commons Attribution 4.0 International License.  
Masters/sinaimasters/ara/arabic_0602/sld_arb0602_0144_f_071v.tif,144,discovery,f. 071v,Text,,ark:/21198/z1dn58f6,ark:/21198/z1dn58f6/bg78q61h,Page,copyrighted,Contact the Monastery of St. Catherine's of the Sinai. Metadata: Unless otherwise indicated all metadata associated with this manuscript is copyright the authors and released under Creative Commons Attribution 4.0 International License.  
Masters/sinaimasters/ara/arabic_0602/sld_arb0602_0145_f_072r.tif,145,discovery,f. 072r,Text,,ark:/21198/z1dn58f6,ark:/21198/z1dn58f6/jb73s882,Page,copyrighted,Contact the Monastery of St. Catherine's of the Sinai. Metadata: Unless otherwise indicated all metadata associated with this manuscript is copyright the authors and released under Creative Commons Attribution 4.0 International License.  
Masters/sinaimasters/ara/arabic_0602/sld_arb0602_0146_f_072v.tif,146,discovery,f. 072v,Text,,ark:/21198/z1dn58f6,ark:/21198/z1dn58f6/6021n50c,Page,copyrighted,Contact the Monastery of St. Catherine's of the Sinai. Metadata: Unless otherwise indicated all metadata associated with this manuscript is copyright the authors and released under Creative Commons Attribution 4.0 International License.  
Masters/sinaimasters/ara/arabic_0602/sld_arb0602_0147_f_073r.tif,147,discovery,f. 073r,Text,,ark:/21198/z1dn58f6,ark:/21198/z1dn58f6/6r45r14h,Page,copyrighted,Contact the Monastery of St. Catherine's of the Sinai. Metadata: Unless otherwise indicated all metadata associated with this manuscript is copyright the authors and released under Creative Commons Attribution 4.0 International License.  
Masters/sinaimasters/ara/arabic_0602/sld_arb0602_0148_f_073v.tif,148,discovery,f. 073v,Text,,ark:/21198/z1dn58f6,ark:/21198/z1dn58f6/5882zc28,Page,copyrighted,Contact the Monastery of St. Catherine's of the Sinai. Metadata: Unless otherwise indicated all metadata associated with this manuscript is copyright the authors and released under Creative Commons Attribution 4.0 International License.  
Masters/sinaimasters/ara/arabic_0602/sld_arb0602_0149_f_074r.tif,149,discovery,f. 074r,Text,,ark:/21198/z1dn58f6,ark:/21198/z1dn58f6/pd16mn90,Page,copyrighted,Contact the Monastery of St. Catherine's of the Sinai. Metadata: Unless otherwise indicated all metadata associated with this manuscript is copyright the authors and released under Creative Commons Attribution 4.0 International License.  
Masters/sinaimasters/ara/arabic_0602/sld_arb0602_0150_f_074v.tif,150,discovery,f. 074v,Text,,ark:/21198/z1dn58f6,ark:/21198/z1dn58f6/3x716s45,Page,copyrighted,Contact the Monastery of St. Catherine's of the Sinai. Metadata: Unless otherwise indicated all metadata associated with this manuscript is copyright the authors and released under Creative Commons Attribution 4.0 International License.  
Masters/sinaimasters/ara/arabic_0602/sld_arb0602_0151_f_075r.tif,151,discovery,f. 075r,Text,,ark:/21198/z1dn58f6,ark:/21198/z1dn58f6/k462f80n,Page,copyrighted,Contact the Monastery of St. Catherine's of the Sinai. Metadata: Unless otherwise indicated all metadata associated with this manuscript is copyright the authors and released under Creative Commons Attribution 4.0 International License.  
Masters/sinaimasters/ara/arabic_0602/sld_arb0602_0152_f_075v.tif,152,discovery,f. 075v,Text,,ark:/21198/z1dn58f6,ark:/21198/z1dn58f6/9j32tg9t,Page,copyrighted,Contact the Monastery of St. Catherine's of the Sinai. Metadata: Unless otherwise indicated all metadata associated with this manuscript is copyright the authors and released under Creative Commons Attribution 4.0 International License.  
Masters/sinaimasters/ara/arabic_0602/sld_arb0602_0153_f_076r.tif,153,discovery,f. 076r,Text,,ark:/21198/z1dn58f6,ark:/21198/z1dn58f6/gz10r398,Page,copyrighted,Contact the Monastery of St. Catherine's of the Sinai. Metadata: Unless otherwise indicated all metadata associated with this manuscript is copyright the authors and released under Creative Commons Attribution 4.0 International License.  
Masters/sinaimasters/ara/arabic_0602/sld_arb0602_0154_f_076v.tif,154,discovery,f. 076v,Text,,ark:/21198/z1dn58f6,ark:/21198/z1dn58f6/cc77m982,Page,copyrighted,Contact the Monastery of St. Catherine's of the Sinai. Metadata: Unless otherwise indicated all metadata associated with this manuscript is copyright the authors and released under Creative Commons Attribution 4.0 International License.  
Masters/sinaimasters/ara/arabic_0602/sld_arb0602_0155_f_077r.tif,155,discovery,f. 077r,Text,,ark:/21198/z1dn58f6,ark:/21198/z1dn58f6/3j78m73g,Page,copyrighted,Contact the Monastery of St. Catherine's of the Sinai. Metadata: Unless otherwise indicated all metadata associated with this manuscript is copyright the authors and released under Creative Commons Attribution 4.0 International License.  
Masters/sinaimasters/ara/arabic_0602/sld_arb0602_0156_f_077v.tif,156,discovery,f. 077v,Text,,ark:/21198/z1dn58f6,ark:/21198/z1dn58f6/sg78qj7m,Page,copyrighted,Contact the Monastery of St. Catherine's of the Sinai. Metadata: Unless otherwise indicated all metadata associated with this manuscript is copyright the authors and released under Creative Commons Attribution 4.0 International License.  
Masters/sinaimasters/ara/arabic_0602/sld_arb0602_0157_f_078r.tif,157,discovery,f. 078r,Text,,ark:/21198/z1dn58f6,ark:/21198/z1dn58f6/6t25zm77,Page,copyrighted,Contact the Monastery of St. Catherine's of the Sinai. Metadata: Unless otherwise indicated all metadata associated with this manuscript is copyright the authors and released under Creative Commons Attribution 4.0 International License.  
Masters/sinaimasters/ara/arabic_0602/sld_arb0602_0158_f_078v.tif,158,discovery,f. 078v,Text,,ark:/21198/z1dn58f6,ark:/21198/z1dn58f6/nx05f28m,Page,copyrighted,Contact the Monastery of St. Catherine's of the Sinai. Metadata: Unless otherwise indicated all metadata associated with this manuscript is copyright the authors and released under Creative Commons Attribution 4.0 International License.  
Masters/sinaimasters/ara/arabic_0602/sld_arb0602_0159_f_079r.tif,159,discovery,f. 079r,Text,,ark:/21198/z1dn58f6,ark:/21198/z1dn58f6/9k96ss0w,Page,copyrighted,Contact the Monastery of St. Catherine's of the Sinai. Metadata: Unless otherwise indicated all metadata associated with this manuscript is copyright the authors and released under Creative Commons Attribution 4.0 International License.  
Masters/sinaimasters/ara/arabic_0602/sld_arb0602_0160_f_079v.tif,160,discovery,f. 079v,Text,,ark:/21198/z1dn58f6,ark:/21198/z1dn58f6/7908889h,Page,copyrighted,Contact the Monastery of St. Catherine's of the Sinai. Metadata: Unless otherwise indicated all metadata associated with this manuscript is copyright the authors and released under Creative Commons Attribution 4.0 International License.  
Masters/sinaimasters/ara/arabic_0602/sld_arb0602_0161_f_081r.tif,161,discovery,f. 081r,Text,,ark:/21198/z1dn58f6,ark:/21198/z1dn58f6/z777wr0v,Page,copyrighted,Contact the Monastery of St. Catherine's of the Sinai. Metadata: Unless otherwise indicated all metadata associated with this manuscript is copyright the authors and released under Creative Commons Attribution 4.0 International License.  
Masters/sinaimasters/ara/arabic_0602/sld_arb0602_0162_f_081v.tif,162,discovery,f. 081v,Text,,ark:/21198/z1dn58f6,ark:/21198/z1dn58f6/d259jb6f,Page,copyrighted,Contact the Monastery of St. Catherine's of the Sinai. Metadata: Unless otherwise indicated all metadata associated with this manuscript is copyright the authors and released under Creative Commons Attribution 4.0 International License.  
Masters/sinaimasters/ara/arabic_0602/sld_arb0602_0163_f_082r.tif,163,discovery,f. 082r,Text,,ark:/21198/z1dn58f6,ark:/21198/z1dn58f6/qw84xb9b,Page,copyrighted,Contact the Monastery of St. Catherine's of the Sinai. Metadata: Unless otherwise indicated all metadata associated with this manuscript is copyright the authors and released under Creative Commons Attribution 4.0 International License.  
Masters/sinaimasters/ara/arabic_0602/sld_arb0602_0164_f_082v.tif,164,discovery,f. 082v,Text,,ark:/21198/z1dn58f6,ark:/21198/z1dn58f6/gd04bq59,Page,copyrighted,Contact the Monastery of St. Catherine's of the Sinai. Metadata: Unless otherwise indicated all metadata associated with this manuscript is copyright the authors and released under Creative Commons Attribution 4.0 International License.  
Masters/sinaimasters/ara/arabic_0602/sld_arb0602_0165_f_083r.tif,165,discovery,f. 083r,Text,,ark:/21198/z1dn58f6,ark:/21198/z1dn58f6/x250xv8h,Page,copyrighted,Contact the Monastery of St. Catherine's of the Sinai. Metadata: Unless otherwise indicated all metadata associated with this manuscript is copyright the authors and released under Creative Commons Attribution 4.0 International License.  
Masters/sinaimasters/ara/arabic_0602/sld_arb0602_0166_f_083v.tif,166,discovery,f. 083v,Text,,ark:/21198/z1dn58f6,ark:/21198/z1dn58f6/tx224z45,Page,copyrighted,Contact the Monastery of St. Catherine's of the Sinai. Metadata: Unless otherwise indicated all metadata associated with this manuscript is copyright the authors and released under Creative Commons Attribution 4.0 International License.  
Masters/sinaimasters/ara/arabic_0602/sld_arb0602_0167_f_084r.tif,167,discovery,f. 084r,Text,,ark:/21198/z1dn58f6,ark:/21198/z1dn58f6/pg71wg9d,Page,copyrighted,Contact the Monastery of St. Catherine's of the Sinai. Metadata: Unless otherwise indicated all metadata associated with this manuscript is copyright the authors and released under Creative Commons Attribution 4.0 International License.  
Masters/sinaimasters/ara/arabic_0602/sld_arb0602_0168_f_084v.tif,168,discovery,f. 084v,Text,,ark:/21198/z1dn58f6,ark:/21198/z1dn58f6/c6297g6q,Page,copyrighted,Contact the Monastery of St. Catherine's of the Sinai. Metadata: Unless otherwise indicated all metadata associated with this manuscript is copyright the authors and released under Creative Commons Attribution 4.0 International License.  
Masters/sinaimasters/ara/arabic_0602/sld_arb0602_0169_f_085r.tif,169,discovery,f. 085r,Text,,ark:/21198/z1dn58f6,ark:/21198/z1dn58f6/k295dr65,Page,copyrighted,Contact the Monastery of St. Catherine's of the Sinai. Metadata: Unless otherwise indicated all metadata associated with this manuscript is copyright the authors and released under Creative Commons Attribution 4.0 International License.  
Masters/sinaimasters/ara/arabic_0602/sld_arb0602_0170_f_085v.tif,170,discovery,f. 085v,Text,,ark:/21198/z1dn58f6,ark:/21198/z1dn58f6/db989j0n,Page,copyrighted,Contact the Monastery of St. Catherine's of the Sinai. Metadata: Unless otherwise indicated all metadata associated with this manuscript is copyright the authors and released under Creative Commons Attribution 4.0 International License.  
Masters/sinaimasters/ara/arabic_0602/sld_arb0602_0171_f_086r.tif,171,discovery,f. 086r,Text,,ark:/21198/z1dn58f6,ark:/21198/z1dn58f6/8876cj5v,Page,copyrighted,Contact the Monastery of St. Catherine's of the Sinai. Metadata: Unless otherwise indicated all metadata associated with this manuscript is copyright the authors and released under Creative Commons Attribution 4.0 International License.  
Masters/sinaimasters/ara/arabic_0602/sld_arb0602_0172_f_086v.tif,172,discovery,f. 086v,Text,,ark:/21198/z1dn58f6,ark:/21198/z1dn58f6/5q50gb11,Page,copyrighted,Contact the Monastery of St. Catherine's of the Sinai. Metadata: Unless otherwise indicated all metadata associated with this manuscript is copyright the authors and released under Creative Commons Attribution 4.0 International License.  
Masters/sinaimasters/ara/arabic_0602/sld_arb0602_0173_f_087r.tif,173,discovery,f. 087r,Text,,ark:/21198/z1dn58f6,ark:/21198/z1dn58f6/h554zv94,Page,copyrighted,Contact the Monastery of St. Catherine's of the Sinai. Metadata: Unless otherwise indicated all metadata associated with this manuscript is copyright the authors and released under Creative Commons Attribution 4.0 International License.  
Masters/sinaimasters/ara/arabic_0602/sld_arb0602_0174_f_087v.tif,174,discovery,f. 087v,Text,,ark:/21198/z1dn58f6,ark:/21198/z1dn58f6/4h01qs8j,Page,copyrighted,Contact the Monastery of St. Catherine's of the Sinai. Metadata: Unless otherwise indicated all metadata associated with this manuscript is copyright the authors and released under Creative Commons Attribution 4.0 International License.  
Masters/sinaimasters/ara/arabic_0602/sld_arb0602_0175_f_088r.tif,175,discovery,f. 088r,Text,,ark:/21198/z1dn58f6,ark:/21198/z1dn58f6/9r88m306,Page,copyrighted,Contact the Monastery of St. Catherine's of the Sinai. Metadata: Unless otherwise indicated all metadata associated with this manuscript is copyright the authors and released under Creative Commons Attribution 4.0 International License.  
Masters/sinaimasters/ara/arabic_0602/sld_arb0602_0176_f_088v.tif,176,discovery,f. 088v,Text,,ark:/21198/z1dn58f6,ark:/21198/z1dn58f6/c869g06h,Page,copyrighted,Contact the Monastery of St. Catherine's of the Sinai. Metadata: Unless otherwise indicated all metadata associated with this manuscript is copyright the authors and released under Creative Commons Attribution 4.0 International License.  
Masters/sinaimasters/ara/arabic_0602/sld_arb0602_0177_f_089r.tif,177,discovery,f. 089r,Text,,ark:/21198/z1dn58f6,ark:/21198/z1dn58f6/c7089g7q,Page,copyrighted,Contact the Monastery of St. Catherine's of the Sinai. Metadata: Unless otherwise indicated all metadata associated with this manuscript is copyright the authors and released under Creative Commons Attribution 4.0 International License.  
Masters/sinaimasters/ara/arabic_0602/sld_arb0602_0178_f_089v.tif,178,discovery,f. 089v,Text,,ark:/21198/z1dn58f6,ark:/21198/z1dn58f6/d175ww1d,Page,copyrighted,Contact the Monastery of St. Catherine's of the Sinai. Metadata: Unless otherwise indicated all metadata associated with this manuscript is copyright the authors and released under Creative Commons Attribution 4.0 International License.  
Masters/sinaimasters/ara/arabic_0602/sld_arb0602_0179_f_090r.tif,179,discovery,f. 090r,Text,,ark:/21198/z1dn58f6,ark:/21198/z1dn58f6/8h26fj9t,Page,copyrighted,Contact the Monastery of St. Catherine's of the Sinai. Metadata: Unless otherwise indicated all metadata associated with this manuscript is copyright the authors and released under Creative Commons Attribution 4.0 International License.  
Masters/sinaimasters/ara/arabic_0602/sld_arb0602_0180_f_090v.tif,180,discovery,f. 090v,Text,,ark:/21198/z1dn58f6,ark:/21198/z1dn58f6/p839283v,Page,copyrighted,Contact the Monastery of St. Catherine's of the Sinai. Metadata: Unless otherwise indicated all metadata associated with this manuscript is copyright the authors and released under Creative Commons Attribution 4.0 International License.  
Masters/sinaimasters/ara/arabic_0602/sld_arb0602_0181_f_091r.tif,181,discovery,f. 091r,Text,,ark:/21198/z1dn58f6,ark:/21198/z1dn58f6/cd22vs5m,Page,copyrighted,Contact the Monastery of St. Catherine's of the Sinai. Metadata: Unless otherwise indicated all metadata associated with this manuscript is copyright the authors and released under Creative Commons Attribution 4.0 International License.  
Masters/sinaimasters/ara/arabic_0602/sld_arb0602_0182_f_091v.tif,182,discovery,f. 091v,Text,,ark:/21198/z1dn58f6,ark:/21198/z1dn58f6/kf03sb28,Page,copyrighted,Contact the Monastery of St. Catherine's of the Sinai. Metadata: Unless otherwise indicated all metadata associated with this manuscript is copyright the authors and released under Creative Commons Attribution 4.0 International License.  
Masters/sinaimasters/ara/arabic_0602/sld_arb0602_0183_f_092r.tif,183,discovery,f. 092r,Text,,ark:/21198/z1dn58f6,ark:/21198/z1dn58f6/rh96s80x,Page,copyrighted,Contact the Monastery of St. Catherine's of the Sinai. Metadata: Unless otherwise indicated all metadata associated with this manuscript is copyright the authors and released under Creative Commons Attribution 4.0 International License.  
Masters/sinaimasters/ara/arabic_0602/sld_arb0602_0184_f_092v.tif,184,discovery,f. 092v,Text,,ark:/21198/z1dn58f6,ark:/21198/z1dn58f6/2j295c7s,Page,copyrighted,Contact the Monastery of St. Catherine's of the Sinai. Metadata: Unless otherwise indicated all metadata associated with this manuscript is copyright the authors and released under Creative Commons Attribution 4.0 International License.  
Masters/sinaimasters/ara/arabic_0602/sld_arb0602_0185_f_093r.tif,185,discovery,f. 093r,Text,,ark:/21198/z1dn58f6,ark:/21198/z1dn58f6/5t68376z,Page,copyrighted,Contact the Monastery of St. Catherine's of the Sinai. Metadata: Unless otherwise indicated all metadata associated with this manuscript is copyright the authors and released under Creative Commons Attribution 4.0 International License.  
Masters/sinaimasters/ara/arabic_0602/sld_arb0602_0186_f_093v.tif,186,discovery,f. 093v,Text,,ark:/21198/z1dn58f6,ark:/21198/z1dn58f6/d9810r63,Page,copyrighted,Contact the Monastery of St. Catherine's of the Sinai. Metadata: Unless otherwise indicated all metadata associated with this manuscript is copyright the authors and released under Creative Commons Attribution 4.0 International License.  
Masters/sinaimasters/ara/arabic_0602/sld_arb0602_0187_f_094r.tif,187,discovery,f. 094r,Text,,ark:/21198/z1dn58f6,ark:/21198/z1dn58f6/0d21x95z,Page,copyrighted,Contact the Monastery of St. Catherine's of the Sinai. Metadata: Unless otherwise indicated all metadata associated with this manuscript is copyright the authors and released under Creative Commons Attribution 4.0 International License.  
Masters/sinaimasters/ara/arabic_0602/sld_arb0602_0188_f_094v.tif,188,discovery,f. 094v,Text,,ark:/21198/z1dn58f6,ark:/21198/z1dn58f6/h899k30b,Page,copyrighted,Contact the Monastery of St. Catherine's of the Sinai. Metadata: Unless otherwise indicated all metadata associated with this manuscript is copyright the authors and released under Creative Commons Attribution 4.0 International License.  
Masters/sinaimasters/ara/arabic_0602/sld_arb0602_0189_f_095r.tif,189,discovery,f. 095r,Text,,ark:/21198/z1dn58f6,ark:/21198/z1dn58f6/g4054r2j,Page,copyrighted,Contact the Monastery of St. Catherine's of the Sinai. Metadata: Unless otherwise indicated all metadata associated with this manuscript is copyright the authors and released under Creative Commons Attribution 4.0 International License.  
Masters/sinaimasters/ara/arabic_0602/sld_arb0602_0190_f_095v.tif,190,discovery,f. 095v,Text,,ark:/21198/z1dn58f6,ark:/21198/z1dn58f6/7p24992n,Page,copyrighted,Contact the Monastery of St. Catherine's of the Sinai. Metadata: Unless otherwise indicated all metadata associated with this manuscript is copyright the authors and released under Creative Commons Attribution 4.0 International License.  
Masters/sinaimasters/ara/arabic_0602/sld_arb0602_0191_f_096r.tif,191,discovery,f. 096r,Text,,ark:/21198/z1dn58f6,ark:/21198/z1dn58f6/2t575j0x,Page,copyrighted,Contact the Monastery of St. Catherine's of the Sinai. Metadata: Unless otherwise indicated all metadata associated with this manuscript is copyright the authors and released under Creative Commons Attribution 4.0 International License.  
Masters/sinaimasters/ara/arabic_0602/sld_arb0602_0192_f_096v.tif,192,discovery,f. 096v,Text,,ark:/21198/z1dn58f6,ark:/21198/z1dn58f6/5048hx36,Page,copyrighted,Contact the Monastery of St. Catherine's of the Sinai. Metadata: Unless otherwise indicated all metadata associated with this manuscript is copyright the authors and released under Creative Commons Attribution 4.0 International License.  
Masters/sinaimasters/ara/arabic_0602/sld_arb0602_0193_f_097r.tif,193,discovery,f. 097r,Text,,ark:/21198/z1dn58f6,ark:/21198/z1dn58f6/qj08033p,Page,copyrighted,Contact the Monastery of St. Catherine's of the Sinai. Metadata: Unless otherwise indicated all metadata associated with this manuscript is copyright the authors and released under Creative Commons Attribution 4.0 International License.  
Masters/sinaimasters/ara/arabic_0602/sld_arb0602_0194_f_097v.tif,194,discovery,f. 097v,Text,,ark:/21198/z1dn58f6,ark:/21198/z1dn58f6/7w83df64,Page,copyrighted,Contact the Monastery of St. Catherine's of the Sinai. Metadata: Unless otherwise indicated all metadata associated with this manuscript is copyright the authors and released under Creative Commons Attribution 4.0 International License.  
Masters/sinaimasters/ara/arabic_0602/sld_arb0602_0195_f_098r.tif,195,discovery,f. 098r,Text,,ark:/21198/z1dn58f6,ark:/21198/z1dn58f6/gk041q3z,Page,copyrighted,Contact the Monastery of St. Catherine's of the Sinai. Metadata: Unless otherwise indicated all metadata associated with this manuscript is copyright the authors and released under Creative Commons Attribution 4.0 International License.  
Masters/sinaimasters/ara/arabic_0602/sld_arb0602_0196_f_098v.tif,196,discovery,f. 098v,Text,,ark:/21198/z1dn58f6,ark:/21198/z1dn58f6/m300kv69,Page,copyrighted,Contact the Monastery of St. Catherine's of the Sinai. Metadata: Unless otherwise indicated all metadata associated with this manuscript is copyright the authors and released under Creative Commons Attribution 4.0 International License.  
Masters/sinaimasters/ara/arabic_0602/sld_arb0602_0197_f_099r.tif,197,discovery,f. 099r,Text,,ark:/21198/z1dn58f6,ark:/21198/z1dn58f6/gf15m59x,Page,copyrighted,Contact the Monastery of St. Catherine's of the Sinai. Metadata: Unless otherwise indicated all metadata associated with this manuscript is copyright the authors and released under Creative Commons Attribution 4.0 International License.  
Masters/sinaimasters/ara/arabic_0602/sld_arb0602_0198_f_099v.tif,198,discovery,f. 099v,Text,,ark:/21198/z1dn58f6,ark:/21198/z1dn58f6/tr68js7b,Page,copyrighted,Contact the Monastery of St. Catherine's of the Sinai. Metadata: Unless otherwise indicated all metadata associated with this manuscript is copyright the authors and released under Creative Commons Attribution 4.0 International License.  
Masters/sinaimasters/ara/arabic_0602/sld_arb0602_0199_f_100r.tif,199,discovery,f. 100r,Text,,ark:/21198/z1dn58f6,ark:/21198/z1dn58f6/k338j49t,Page,copyrighted,Contact the Monastery of St. Catherine's of the Sinai. Metadata: Unless otherwise indicated all metadata associated with this manuscript is copyright the authors and released under Creative Commons Attribution 4.0 International License.  
Masters/sinaimasters/ara/arabic_0602/sld_arb0602_0200_f_100v.tif,200,discovery,f. 100v,Text,,ark:/21198/z1dn58f6,ark:/21198/z1dn58f6/d138sm9h,Page,copyrighted,Contact the Monastery of St. Catherine's of the Sinai. Metadata: Unless otherwise indicated all metadata associated with this manuscript is copyright the authors and released under Creative Commons Attribution 4.0 International License.  
Masters/sinaimasters/ara/arabic_0602/sld_arb0602_0201_f_101r.tif,201,discovery,f. 101r,Text,,ark:/21198/z1dn58f6,ark:/21198/z1dn58f6/0z78d274,Page,copyrighted,Contact the Monastery of St. Catherine's of the Sinai. Metadata: Unless otherwise indicated all metadata associated with this manuscript is copyright the authors and released under Creative Commons Attribution 4.0 International License.  
Masters/sinaimasters/ara/arabic_0602/sld_arb0602_0202_f_101v.tif,202,discovery,f. 101v,Text,,ark:/21198/z1dn58f6,ark:/21198/z1dn58f6/5261dg84,Page,copyrighted,Contact the Monastery of St. Catherine's of the Sinai. Metadata: Unless otherwise indicated all metadata associated with this manuscript is copyright the authors and released under Creative Commons Attribution 4.0 International License.  
Masters/sinaimasters/ara/arabic_0602/sld_arb0602_0203_f_102r.tif,203,discovery,f. 102r,Text,,ark:/21198/z1dn58f6,ark:/21198/z1dn58f6/pr50xj99,Page,copyrighted,Contact the Monastery of St. Catherine's of the Sinai. Metadata: Unless otherwise indicated all metadata associated with this manuscript is copyright the authors and released under Creative Commons Attribution 4.0 International License.  
Masters/sinaimasters/ara/arabic_0602/sld_arb0602_0204_f_102v.tif,204,discovery,f. 102v,Text,,ark:/21198/z1dn58f6,ark:/21198/z1dn58f6/9t552x6w,Page,copyrighted,Contact the Monastery of St. Catherine's of the Sinai. Metadata: Unless otherwise indicated all metadata associated with this manuscript is copyright the authors and released under Creative Commons Attribution 4.0 International License.  
Masters/sinaimasters/ara/arabic_0602/sld_arb0602_0205_f_103r.tif,205,discovery,f. 103r,Text,,ark:/21198/z1dn58f6,ark:/21198/z1dn58f6/8x51tk8w,Page,copyrighted,Contact the Monastery of St. Catherine's of the Sinai. Metadata: Unless otherwise indicated all metadata associated with this manuscript is copyright the authors and released under Creative Commons Attribution 4.0 International License.  
Masters/sinaimasters/ara/arabic_0602/sld_arb0602_0206_f_103v.tif,206,discovery,f. 103v,Text,,ark:/21198/z1dn58f6,ark:/21198/z1dn58f6/tm58ww6b,Page,copyrighted,Contact the Monastery of St. Catherine's of the Sinai. Metadata: Unless otherwise indicated all metadata associated with this manuscript is copyright the authors and released under Creative Commons Attribution 4.0 International License.  
Masters/sinaimasters/ara/arabic_0602/sld_arb0602_0207_f_104r.tif,207,discovery,f. 104r,Text,,ark:/21198/z1dn58f6,ark:/21198/z1dn58f6/6r19543c,Page,copyrighted,Contact the Monastery of St. Catherine's of the Sinai. Metadata: Unless otherwise indicated all metadata associated with this manuscript is copyright the authors and released under Creative Commons Attribution 4.0 International License.  
Masters/sinaimasters/ara/arabic_0602/sld_arb0602_0208_f_104v.tif,208,discovery,f. 104v,Text,,ark:/21198/z1dn58f6,ark:/21198/z1dn58f6/ww092w55,Page,copyrighted,Contact the Monastery of St. Catherine's of the Sinai. Metadata: Unless otherwise indicated all metadata associated with this manuscript is copyright the authors and released under Creative Commons Attribution 4.0 International License.  
Masters/sinaimasters/ara/arabic_0602/sld_arb0602_0209_f_105r.tif,209,discovery,f. 105r,Text,,ark:/21198/z1dn58f6,ark:/21198/z1dn58f6/4s991q00,Page,copyrighted,Contact the Monastery of St. Catherine's of the Sinai. Metadata: Unless otherwise indicated all metadata associated with this manuscript is copyright the authors and released under Creative Commons Attribution 4.0 International License.  
Masters/sinaimasters/ara/arabic_0602/sld_arb0602_0210_f_105v.tif,210,discovery,f. 105v,Text,,ark:/21198/z1dn58f6,ark:/21198/z1dn58f6/6r58558g,Page,copyrighted,Contact the Monastery of St. Catherine's of the Sinai. Metadata: Unless otherwise indicated all metadata associated with this manuscript is copyright the authors and released under Creative Commons Attribution 4.0 International License.  
Masters/sinaimasters/ara/arabic_0602/sld_arb0602_0211_f_106r.tif,211,discovery,f. 106r,Text,,ark:/21198/z1dn58f6,ark:/21198/z1dn58f6/79686p1k,Page,copyrighted,Contact the Monastery of St. Catherine's of the Sinai. Metadata: Unless otherwise indicated all metadata associated with this manuscript is copyright the authors and released under Creative Commons Attribution 4.0 International License.  
Masters/sinaimasters/ara/arabic_0602/sld_arb0602_0212_f_106v.tif,212,discovery,f. 106v,Text,,ark:/21198/z1dn58f6,ark:/21198/z1dn58f6/jt24c14p,Page,copyrighted,Contact the Monastery of St. Catherine's of the Sinai. Metadata: Unless otherwise indicated all metadata associated with this manuscript is copyright the authors and released under Creative Commons Attribution 4.0 International License.  
Masters/sinaimasters/ara/arabic_0602/sld_arb0602_0213_f_109r.tif,213,discovery,f. 109r,Text,,ark:/21198/z1dn58f6,ark:/21198/z1dn58f6/6875s64g,Page,copyrighted,Contact the Monastery of St. Catherine's of the Sinai. Metadata: Unless otherwise indicated all metadata associated with this manuscript is copyright the authors and released under Creative Commons Attribution 4.0 International License.  
Masters/sinaimasters/ara/arabic_0602/sld_arb0602_0214_f_109v.tif,214,discovery,f. 109v,Text,,ark:/21198/z1dn58f6,ark:/21198/z1dn58f6/04872k4p,Page,copyrighted,Contact the Monastery of St. Catherine's of the Sinai. Metadata: Unless otherwise indicated all metadata associated with this manuscript is copyright the authors and released under Creative Commons Attribution 4.0 International License.  
Masters/sinaimasters/ara/arabic_0602/sld_arb0602_0215_f_110r.tif,215,discovery,f. 110r,Text,,ark:/21198/z1dn58f6,ark:/21198/z1dn58f6/hz24w52z,Page,copyrighted,Contact the Monastery of St. Catherine's of the Sinai. Metadata: Unless otherwise indicated all metadata associated with this manuscript is copyright the authors and released under Creative Commons Attribution 4.0 International License.  
Masters/sinaimasters/ara/arabic_0602/sld_arb0602_0216_f_110v.tif,216,discovery,f. 110v,Text,,ark:/21198/z1dn58f6,ark:/21198/z1dn58f6/nj415n2n,Page,copyrighted,Contact the Monastery of St. Catherine's of the Sinai. Metadata: Unless otherwise indicated all metadata associated with this manuscript is copyright the authors and released under Creative Commons Attribution 4.0 International License.  
Masters/sinaimasters/ara/arabic_0602/sld_arb0602_0217_f_111r.tif,217,discovery,f. 111r,Text,,ark:/21198/z1dn58f6,ark:/21198/z1dn58f6/xj03cd31,Page,copyrighted,Contact the Monastery of St. Catherine's of the Sinai. Metadata: Unless otherwise indicated all metadata associated with this manuscript is copyright the authors and released under Creative Commons Attribution 4.0 International License.  
Masters/sinaimasters/ara/arabic_0602/sld_arb0602_0218_f_111v.tif,218,discovery,f. 111v,Text,,ark:/21198/z1dn58f6,ark:/21198/z1dn58f6/gk15wz3h,Page,copyrighted,Contact the Monastery of St. Catherine's of the Sinai. Metadata: Unless otherwise indicated all metadata associated with this manuscript is copyright the authors and released under Creative Commons Attribution 4.0 International License.  
Masters/sinaimasters/ara/arabic_0602/sld_arb0602_0219_f_112r.tif,219,discovery,f. 112r,Text,,ark:/21198/z1dn58f6,ark:/21198/z1dn58f6/nj715c0w,Page,copyrighted,Contact the Monastery of St. Catherine's of the Sinai. Metadata: Unless otherwise indicated all metadata associated with this manuscript is copyright the authors and released under Creative Commons Attribution 4.0 International License.  
Masters/sinaimasters/ara/arabic_0602/sld_arb0602_0220_f_112v.tif,220,discovery,f. 112v,Text,,ark:/21198/z1dn58f6,ark:/21198/z1dn58f6/t2788z7x,Page,copyrighted,Contact the Monastery of St. Catherine's of the Sinai. Metadata: Unless otherwise indicated all metadata associated with this manuscript is copyright the authors and released under Creative Commons Attribution 4.0 International License.  
Masters/sinaimasters/ara/arabic_0602/sld_arb0602_0221_f_113r.tif,221,discovery,f. 113r,Text,,ark:/21198/z1dn58f6,ark:/21198/z1dn58f6/zf13567w,Page,copyrighted,Contact the Monastery of St. Catherine's of the Sinai. Metadata: Unless otherwise indicated all metadata associated with this manuscript is copyright the authors and released under Creative Commons Attribution 4.0 International License.  
Masters/sinaimasters/ara/arabic_0602/sld_arb0602_0222_f_113v.tif,222,discovery,f. 113v,Text,,ark:/21198/z1dn58f6,ark:/21198/z1dn58f6/t7928x6w,Page,copyrighted,Contact the Monastery of St. Catherine's of the Sinai. Metadata: Unless otherwise indicated all metadata associated with this manuscript is copyright the authors and released under Creative Commons Attribution 4.0 International License.  
Masters/sinaimasters/ara/arabic_0602/sld_arb0602_0223_f_114r.tif,223,discovery,f. 114r,Text,,ark:/21198/z1dn58f6,ark:/21198/z1dn58f6/xg65sh8s,Page,copyrighted,Contact the Monastery of St. Catherine's of the Sinai. Metadata: Unless otherwise indicated all metadata associated with this manuscript is copyright the authors and released under Creative Commons Attribution 4.0 International License.  
Masters/sinaimasters/ara/arabic_0602/sld_arb0602_0224_f_114v.tif,224,discovery,f. 114v,Text,,ark:/21198/z1dn58f6,ark:/21198/z1dn58f6/kc22zp62,Page,copyrighted,Contact the Monastery of St. Catherine's of the Sinai. Metadata: Unless otherwise indicated all metadata associated with this manuscript is copyright the authors and released under Creative Commons Attribution 4.0 International License.  
Masters/sinaimasters/ara/arabic_0602/sld_arb0602_0225_f_115r.tif,225,discovery,f. 115r,Text,,ark:/21198/z1dn58f6,ark:/21198/z1dn58f6/vq495j8w,Page,copyrighted,Contact the Monastery of St. Catherine's of the Sinai. Metadata: Unless otherwise indicated all metadata associated with this manuscript is copyright the authors and released under Creative Commons Attribution 4.0 International License.  
Masters/sinaimasters/ara/arabic_0602/sld_arb0602_0226_f_115v.tif,226,discovery,f. 115v,Text,,ark:/21198/z1dn58f6,ark:/21198/z1dn58f6/fx26zd00,Page,copyrighted,Contact the Monastery of St. Catherine's of the Sinai. Metadata: Unless otherwise indicated all metadata associated with this manuscript is copyright the authors and released under Creative Commons Attribution 4.0 International License.  
Masters/sinaimasters/ara/arabic_0602/sld_arb0602_0227_f_116r.tif,227,discovery,f. 116r,Text,,ark:/21198/z1dn58f6,ark:/21198/z1dn58f6/p9433x4j,Page,copyrighted,Contact the Monastery of St. Catherine's of the Sinai. Metadata: Unless otherwise indicated all metadata associated with this manuscript is copyright the authors and released under Creative Commons Attribution 4.0 International License.  
Masters/sinaimasters/ara/arabic_0602/sld_arb0602_0228_f_116v.tif,228,discovery,f. 116v,Text,,ark:/21198/z1dn58f6,ark:/21198/z1dn58f6/z7596r5q,Page,copyrighted,Contact the Monastery of St. Catherine's of the Sinai. Metadata: Unless otherwise indicated all metadata associated with this manuscript is copyright the authors and released under Creative Commons Attribution 4.0 International License.  
Masters/sinaimasters/ara/arabic_0602/sld_arb0602_0229_f_117r.tif,229,discovery,f. 117r,Text,,ark:/21198/z1dn58f6,ark:/21198/z1dn58f6/s819nr9p,Page,copyrighted,Contact the Monastery of St. Catherine's of the Sinai. Metadata: Unless otherwise indicated all metadata associated with this manuscript is copyright the authors and released under Creative Commons Attribution 4.0 International License.  
Masters/sinaimasters/ara/arabic_0602/sld_arb0602_0230_f_117v.tif,230,discovery,f. 117v,Text,,ark:/21198/z1dn58f6,ark:/21198/z1dn58f6/n070vd4s,Page,copyrighted,Contact the Monastery of St. Catherine's of the Sinai. Metadata: Unless otherwise indicated all metadata associated with this manuscript is copyright the authors and released under Creative Commons Attribution 4.0 International License.  
Masters/sinaimasters/ara/arabic_0602/sld_arb0602_0231_f_118r.tif,231,discovery,f. 118r,Text,,ark:/21198/z1dn58f6,ark:/21198/z1dn58f6/1t29qp8n,Page,copyrighted,Contact the Monastery of St. Catherine's of the Sinai. Metadata: Unless otherwise indicated all metadata associated with this manuscript is copyright the authors and released under Creative Commons Attribution 4.0 International License.  
Masters/sinaimasters/ara/arabic_0602/sld_arb0602_0232_f_118v.tif,232,discovery,f. 118v,Text,,ark:/21198/z1dn58f6,ark:/21198/z1dn58f6/n702jd5z,Page,copyrighted,Contact the Monastery of St. Catherine's of the Sinai. Metadata: Unless otherwise indicated all metadata associated with this manuscript is copyright the authors and released under Creative Commons Attribution 4.0 International License.  
Masters/sinaimasters/ara/arabic_0602/sld_arb0602_0233_f_120r.tif,233,discovery,f. 120r,Text,,ark:/21198/z1dn58f6,ark:/21198/z1dn58f6/bx495h86,Page,copyrighted,Contact the Monastery of St. Catherine's of the Sinai. Metadata: Unless otherwise indicated all metadata associated with this manuscript is copyright the authors and released under Creative Commons Attribution 4.0 International License.  
Masters/sinaimasters/ara/arabic_0602/sld_arb0602_0234_f_120v.tif,234,discovery,f. 120v,Text,,ark:/21198/z1dn58f6,ark:/21198/z1dn58f6/5j587m3h,Page,copyrighted,Contact the Monastery of St. Catherine's of the Sinai. Metadata: Unless otherwise indicated all metadata associated with this manuscript is copyright the authors and released under Creative Commons Attribution 4.0 International License.  
Masters/sinaimasters/ara/arabic_0602/sld_arb0602_0235_f_121r.tif,235,discovery,f. 121r,Text,,ark:/21198/z1dn58f6,ark:/21198/z1dn58f6/12614146,Page,copyrighted,Contact the Monastery of St. Catherine's of the Sinai. Metadata: Unless otherwise indicated all metadata associated with this manuscript is copyright the authors and released under Creative Commons Attribution 4.0 International License.  
Masters/sinaimasters/ara/arabic_0602/sld_arb0602_0236_f_121v.tif,236,discovery,f. 121v,Text,,ark:/21198/z1dn58f6,ark:/21198/z1dn58f6/c503fd0v,Page,copyrighted,Contact the Monastery of St. Catherine's of the Sinai. Metadata: Unless otherwise indicated all metadata associated with this manuscript is copyright the authors and released under Creative Commons Attribution 4.0 International License.  
Masters/sinaimasters/ara/arabic_0602/sld_arb0602_0237_f_122r.tif,237,discovery,f. 122r,Text,,ark:/21198/z1dn58f6,ark:/21198/z1dn58f6/nw456f4c,Page,copyrighted,Contact the Monastery of St. Catherine's of the Sinai. Metadata: Unless otherwise indicated all metadata associated with this manuscript is copyright the authors and released under Creative Commons Attribution 4.0 International License.  
Masters/sinaimasters/ara/arabic_0602/sld_arb0602_0238_f_122v.tif,238,discovery,f. 122v,Text,,ark:/21198/z1dn58f6,ark:/21198/z1dn58f6/xd021r9c,Page,copyrighted,Contact the Monastery of St. Catherine's of the Sinai. Metadata: Unless otherwise indicated all metadata associated with this manuscript is copyright the authors and released under Creative Commons Attribution 4.0 International License.  
Masters/sinaimasters/ara/arabic_0602/sld_arb0602_0239_f_123r.tif,239,discovery,f. 123r,Text,,ark:/21198/z1dn58f6,ark:/21198/z1dn58f6/0380rx2s,Page,copyrighted,Contact the Monastery of St. Catherine's of the Sinai. Metadata: Unless otherwise indicated all metadata associated with this manuscript is copyright the authors and released under Creative Commons Attribution 4.0 International License.  
Masters/sinaimasters/ara/arabic_0602/sld_arb0602_0240_f_123v.tif,240,discovery,f. 123v,Text,,ark:/21198/z1dn58f6,ark:/21198/z1dn58f6/m912bq2k,Page,copyrighted,Contact the Monastery of St. Catherine's of the Sinai. Metadata: Unless otherwise indicated all metadata associated with this manuscript is copyright the authors and released under Creative Commons Attribution 4.0 International License.  
Masters/sinaimasters/ara/arabic_0602/sld_arb0602_0241_z_2.tif,241,discovery,Spine,,,ark:/21198/z1dn58f6,ark:/21198/z1dn58f6/cq39sf8z,Page,copyrighted,Contact the Monastery of St. Catherine's of the Sinai. Metadata: Unless otherwise indicated all metadata associated with this manuscript is copyright the authors and released under Creative Commons Attribution 4.0 International License.  
Masters/sinaimasters/ara/arabic_0602/sld_arb0602_0242_z_3.tif,242,discovery,Fore edge,,,ark:/21198/z1dn58f6,ark:/21198/z1dn58f6/zp06vf7w,Page,copyrighted,Contact the Monastery of St. Catherine's of the Sinai. Metadata: Unless otherwise indicated all metadata associated with this manuscript is copyright the authors and released under Creative Commons Attribution 4.0 International License.  
Masters/sinaimasters/ara/arabic_0602/sld_arb0602_0243_z_4.tif,243,discovery,Head,,,ark:/21198/z1dn58f6,ark:/21198/z1dn58f6/1941c47j,Page,copyrighted,Contact the Monastery of St. Catherine's of the Sinai. Metadata: Unless otherwise indicated all metadata associated with this manuscript is copyright the authors and released under Creative Commons Attribution 4.0 International License.  
Masters/sinaimasters/ara/arabic_0602/sld_arb0602_0244_z_5.tif,244,discovery,Tail,,,ark:/21198/z1dn58f6,ark:/21198/z1dn58f6/v083zp2p,Page,copyrighted,Contact the Monastery of St. Catherine's of the Sinai. Metadata: Unless otherwise indicated all metadata associated with this manuscript is copyright the authors and released under Creative Commons Attribution 4.0 International License.  